1.000000393077067
1.000000514689062
1.000000670894816
1.000000870602488
1.000001124738924
1.000001446630497
1.000001852435932
1.000002361633288
1.000002997561979
1.000003788019122
1.000004765907309
1.00000596992842
1.000007445314987
1.000009244587148
1.000011428319268
1.000014065896005
1.000017236232997
1.000021028432652
1.000025542340832
1.000030888965803
1.000037190716938
1.000044581417501
1.000053206043869
1.00006322014294
1.000074788880614
1.000088085677455
1.000103290393125
1.000120587029186
1.000140160930527
1.000162195478927
1.000186868288117
1.000214346927796
1.000244784224086
1.000278313205278
1.000315041783729
1.000355047286598
1.000398370968803
1.000445012660108
1.00049492571349
1.000548012432964
1.000604120164647
1.000663038234402
1.00072449590798
1.000788161534962
1.000853643015629
1.000920489700514
1.000988195796164
1.001056205308624
1.001123918509419
1.001190699859001
1.001255887271561
1.001318802554659
1.001378762809582
1.001435092535682
1.001487136146231
1.001534270576364
1.001575917647034
1.001611555843574
1.001640731174196
1.001663066792705
1.001678271100351
1.001686144083297
1.001686581693106
1.001679578136067
1.001665226000929
1.001643714221108
1.001615323934069
1.001580422364806
1.001539454919483
1.001492935727262
1.001441436911011
1.001385576899649
1.001326008115177
1.001263404375664
1.001198448351487
1.001131819396795
1.001064182052291
1.0009961754807
1.000928404054332
1.000861429267034
1.000795763092663
1.000731862861072
1.000670127672557
1.000610896324526
1.000554446681513
1.000500996382694
1.00045070475084
1.000403675743642
1.000359961772789
1.000319568207972
1.00028245838173
1.000248558916027
1.00021776520184
1.000189946877881
1.000164953172762
1.000142617995403
1.000122764680226
1.000105210315729
1.000089769606508
1.000076258238998
1.000064495739576
1.000054307829775
1.000045528296949
1.000038000409669
1.000031577915454
1.000026125664236
1.000021519904364
1.000017648299402
1.000014409713489
1.000011713811245
1.000009480515136
1.000007639359423
1.000006128775434
1.000004895338238
1.000003893000086
1.000003082331378
1.000002429785564
1.0000019070004
1.000001490144404
1.0000011593143
1.000000897986548
1.000000692523983
1.00000053173679
1.000000406495807
1.000000309395131
1.000000234460402
1.000000176898746
1.000000132886182
1.000000099388313
1.000000074010249
1.000000054871911
1.000000040505185
1.000000029769676
1.00000002178418
1.000000015871304
1.000000011513011
1.000000008315165
1.000000005979421
1.000000004281091
1.00000000305181
1.000000002166052
1.000000001530698
1.000000001077011
1.000000000754503
1.000000000526277
1.000000000365493
1.00000000025273
1.000000000173999
1.000000000119276
1.00000000008141
1.000000000055324
1.000000000037434
1.00000000002522
1.000000000016917
1.000000000011299
1.000000000007514
1.000000000004975
1.00000000000328
1.000000000002153
1.000000000001407
1.000000000000915
1.000000000000593
1.000000000000382
1.000000000000245
1.000000000000157
1.000000000000099
1.000000000000063
1.000000000000039
1.000000000000024
1.000000000000014
1.000000000000008
1.000000000000004
1.000000000000001
1
1
1
1
1
1
1
1
1
1
1
1
1
1
1
1
1
1
1
1
1
1
1
1
1
1
1
1
1
1
1
1
1
1
1
1
1
1
1
1.000000000000001
1.000000000000004
1.000000000000007
1.000000000000014
1.000000000000026
1.000000000000047
1.000000000000086
1.000000000000155
1.000000000000276
1.000000000000485
1.00000000000084
1.000000000001439
1.000000000002438
1.00000000000408
1.000000000006752
1.000000000011048
1.000000000017878
1.000000000028614
1.000000000045307
1.000000000070985
1.000000000110078
1.00000000016899
1.000000000256904
1.000000000386857
1.000000000577203
1.000000000853567
1.000000001251451
1.000000001819693
1.000000002625006
1.000000003757955
1.000000005340733
1.000000007537269
1.000000010566276
1.000000014718022
1.000000020375761
1.000000028042964
1.000000038377723
1.000000052235939
1.000000070725208
1.000000095271596
1.000000127701845
1.000000170343857
1.000000226148669
1.00000029883741
1.000000514689062
1.000000673925544
1.000000878458342
1.000001139951576
1.000001472712579
1.000001894190555
1.000002425543309
1.000003092274876
1.00000392494524
1.000004959951155
1.000006240374328
1.000007816889863
1.000009748723891
1.000012104644689
1.000014963966469
1.00001841753934
1.000022568692944
1.000027534095123
1.000033444480808
1.000040445200581
1.000048696533207
1.000058373702367
1.000069666535199
1.000082778699458
1.000097926457626
1.000115336880483
1.000135245469858
1.000157893150758
1.000183522607
1.000212373951883
1.000244679746126
1.000280659399045
1.000320513015138
1.000364414776229
1.000412505978135
1.000464887869417
1.000521614466856
1.000582685546544
1.000648040029484
1.000717549994955
1.000791015562321
1.000868160881304
1.000948631461097
1.001031993049485
1.001117732244182
1.001205258980045
1.001293910988481
1.001382960270285
1.001471621561971
1.001559062710472
1.001644416804145
1.001726795842055
1.001805305661197
1.001879061785474
1.00194720581349
1.002008921926938
1.002063453079499
1.002110116419243
1.002148317506351
1.002177562912719
1.002197470830218
1.00220777936873
1.002208352291774
1.002199182014052
1.002180389768693
1.002152222939013
1.002115049636944
1.002069350694266
1.002015709310308
1.001954798667753
1.001887367884091
1.001814226708226
1.00173622939833
1.001654258227764
1.001569207060746
1.001481965419309
1.001393403429269
1.001304357987418
1.00121562043722
1.00112792597862
1.001041944971871
1.000958276228345
1.00087744231573
1.000799886843297
1.000725973637012
1.000655987665928
1.000590137541706
1.000528559382967
1.000471321815844
1.00041843187137
1.000369841538632
1.000325454739199
1.00028513450189
1.000248710136419
1.000215984228223
1.000186739303663
1.000160744043209
1.000137758949117
1.000117541402222
1.00009985006892
1.000084448643467
1.000071108931816
1.000059613300993
1.000049756532377
1.000041347128096
1.000034208127361
1.000028177494061
1.000023108138749
1.000018867637611
1.000015337708595
1.000012413500903
1.000010002749087
1.000008024837201
1.000006409812428
1.000005097381379
1.000004035916239
1.000003181492259
1.000002496972836
1.000001951153803
1.000001517974445
1.000001175799368
1.000000906772494
1.000000696242231
1.000000532255136
1.000000405114146
1.000000306996615
1.000000231626897
1.000000173997984
1.000000130136727
1.000000096907323
1.000000071848051
1.000000053036604
1.000000038979781
1.000000028523754
1.000000020781566
1.000000015074913
1.000000010887721
1.000000007829346
1.000000005605586
1.000000003995989
1.000000002836194
1.000000002004273
1.000000001410222
1.000000000987936
1.000000000689099
1.000000000478572
1.000000000330921
1.000000000227833
1.000000000156179
1.000000000106597
1.00000000007244
1.000000000049016
1.000000000033022
1.000000000022151
1.000000000014795
1.000000000009839
1.000000000006515
1.000000000004295
1.000000000002819
1.000000000001843
1.000000000001199
1.000000000000777
1.000000000000501
1.000000000000322
1.000000000000205
1.000000000000131
1.000000000000082
1.000000000000052
1.000000000000032
1.000000000000019
1.000000000000011
1.000000000000006
1.000000000000003
1.000000000000001
1
1
1
1
1
1
1
1
1
1
1
1
1
1
1
1
1
1
1
1
1
1
1
1
1
1
1
1
1
1
1
1
1
1
1
1
1
1
1.000000000000002
1.000000000000005
1.000000000000009
1.000000000000018
1.000000000000034
1.000000000000062
1.000000000000113
1.000000000000204
1.000000000000361
1.000000000000634
1.0000000000011
1.000000000001885
1.000000000003192
1.000000000005343
1.000000000008842
1.000000000014467
1.00000000002341
1.000000000037468
1.000000000059326
1.00000000009295
1.000000000144138
1.000000000221279
1.000000000336395
1.000000000506557
1.000000000755798
1.000000001117669
1.000000001638661
1.000000002382716
1.000000003437193
1.000000004920673
1.000000006993157
1.000000009869289
1.00000001383545
1.000000019271713
1.000000026679905
1.000000036719264
1.000000050251481
1.000000068397261
1.00000009260687
1.000000124747569
1.000000167211258
1.000000223046044
1.00000029611595
1.000000391293341
1.000000670894816
1.000000878458342
1.000001145065128
1.000001485919196
1.000001919669947
1.000002469062158
1.000003161674701
1.000004030751676
1.000005116127516
1.000006465244771
1.00000813425969
1.000010189226361
1.000012707344951
1.00001577825361
1.000019505336883
1.000024007016092
1.000029417979344
1.000035890300774
1.000043594390629
1.000052719710294
1.00006347517966
1.000076089198931
1.000090809203521
1.000107900669703
1.000127645490607
1.000150339647642
1.000176290111796
1.000205810922938
1.000239218413392
1.000276825564754
1.000318935513886
1.000365834254987
1.000417782618761
1.000475007646197
1.000537693512048
1.000605972190321
1.000679914089433
1.000759518916289
1.000844707054586
1.000935311761402
1.001031072495783
1.001131629692185
1.001236521279065
1.001345181217871
1.001456940299928
1.001571029388489
1.001686585231487
1.001802658898741
1.001918226817632
1.002032204296282
1.002143461336036
1.002250840449048
1.002353176115542
1.002449315442575
1.00253813952511
1.002618584964289
1.002689664969248
1.002750489459826
1.002800283598991
1.002838404216103
1.002864353634494
1.002877790487731
1.002878537195846
1.002866583872546
1.002842088543187
1.002805373666782
1.002756919069093
1.002697351503395
1.002627431156504
1.002548035506264
1.002460141009628
1.002364803155045
1.002263135447653
1.002156287909643
1.002045425671562
1.001931708203983
1.001816269694953
1.001700201019274
1.001584533674078
1.001470225974779
1.001358151719832
1.001249091445467
1.001143726306135
1.001042634535917
1.000946290373305
1.000855065268726
1.00076923114261
1.000688965422466
1.000614357560986
1.000545416723132
1.000482080328022
1.000424223139907
1.000371666620313
1.000324188278705
1.000281530790079
1.000243410682879
1.000209526437735
1.000179565875147
1.000153212746885
1.000130152480387
1.000110077056759
1.000092689030482
1.00007770472212
1.000064856634024
1.000053895153195
1.000044589615358
1.000036728810187
1.000030121009962
1.000024593603262
1.00001999241211
1.000016180765851
1.000013038398527
1.000010460229038
1.000008355075419
1.00000664434655
1.000005260746684
1.000004147020846
1.000003254762258
1.000002543296937
1.000001978655279
1.000001532635987
1.000001181964022
1.000000907541325
1.000000693786813
1.000000528060553
1.000000400165872
1.000000301922582
1.00000022680414
1.000000169631615
1.000000126317545
1.000000093653119
1.00000006913264
1.000000050809743
1.000000037180436
1.000000027088581
1.00000001965002
1.000000014192058
1.000000010205495
1.000000007306844
1.000000005208747
1.000000003696964
1.00000000261256
1.000000001838219
1.000000001287772
1.000000000898239
1.000000000623817
1.000000000431356
1.00000000029698
1.00000000020358
1.000000000138949
1.000000000094426
1.000000000063892
1.000000000043045
1.000000000028874
1.000000000019285
1.000000000012825
1.000000000008492
1.000000000005599
1.000000000003675
1.000000000002402
1.000000000001563
1.000000000001013
1.000000000000653
1.000000000000419
1.000000000000268
1.00000000000017
1.000000000000108
1.000000000000068
1.000000000000042
1.000000000000026
1.000000000000015
1.000000000000009
1.000000000000004
1.000000000000002
1
1
1
1
1
1
1
1
1
1
1
1
1
1
1
1
1
1
1
1
1
1
1
1
1
1
1
1
1
1
1
1
1
1
1
1
1
1.000000000000001
1.000000000000003
1.000000000000006
1.000000000000012
1.000000000000023
1.000000000000044
1.000000000000081
1.000000000000148
1.000000000000265
1.000000000000471
1.000000000000827
1.000000000001434
1.000000000002457
1.00000000000416
1.000000000006965
1.000000000011526
1.000000000018859
1.000000000030516
1.000000000048841
1.000000000077334
1.000000000121164
1.00000000018789
1.000000000288445
1.000000000438501
1.000000000660311
1.000000000985199
1.000000001456905
1.000000002136024
1.000000003105908
1.000000004480428
1.000000006414157
1.000000009115652
1.000000012864705
1.00000001803461
1.000000025120794
1.000000034777382
1.00000004786369
1.000000065502928
1.000000089155927
1.000000120713094
1.000000162608392
1.00000021795964
1.000000290740016
1.000000385986231
1.00000051004936
1.000000870602488
1.000001139951576
1.000001485919196
1.000001928235072
1.000002491099862
1.000003204028639
1.000004102809489
1.000005230582039
1.000006639037923
1.00000838974152
1.000010555564616
1.000013222223011
1.000016489896296
1.000020474904306
1.000025311404977
1.000031153068814
1.000038174675013
1.000046573563842
1.000056570869514
1.000068412448037
1.000082369405817
1.000098738127953
1.000117839700627
1.000140018620766
1.000165640688632
1.000195089986117
1.000228764855684
1.000267072812639
1.000310424346969
1.000359225600424
1.000413869939534
1.000474728485403
1.000542139705442
1.00061639821952
1.000697743021763
1.000786345367605
1.000882296621464
1.000985596401485
1.00109614139158
1.001213715215319
1.001337979778769
1.001468468488253
1.00160458173272
1.001745584987888
1.001890609850361
1.00203865824472
1.002188609966503
1.002339233630803
1.002489200992788
1.002637104496142
1.002781477792213
1.002920818861086
1.003053615260409
1.003178370933308
1.003293633927695
1.003398024319519
1.003490261595632
1.003569190740137
1.003633806283052
1.003683273612006
1.003716946915635
1.003734383219336
1.003735352086798
1.00371984069019
1.003688054092995
1.003640410736758
1.003577533270668
1.003500235005017
1.003409502400681
1.003306474121711
1.003192417272777
1.003068701514065
1.002936771791314
1.002798120436723
1.002654259387863
1.002506693237562
1.002356893770623
1.00220627656618
1.002056180151637
1.001907848089782
1.001762414269569
1.001620891557778
1.001484163857961
1.001352981518569
1.001227959937679
1.001109581129962
1.000998197954506
1.00089404065121
1.000797225299025
1.000707763791133
1.000625574919357
1.000550496171112
1.000482295865251
1.000420685285992
1.000365330514402
1.000315863702314
1.000271893581691
1.000233015051287
1.000198817730017
1.000168893411195
1.000142842392505
1.000120278692188
1.000100834192087
1.000084161772395
1.000069937521389
1.000057862116237
1.00004766147861
1.000039086811868
1.000031914125732
1.000025943350169
1.000020997133612
1.000016919412141
1.000013573826544
1.000010842053907
1.000008622109891
1.000006826667676
1.000005381429903
1.000004223581141
1.000003300340467
1.000002567626942
1.000001988844912
1.000001533791319
1.000001177683392
1.000000900302196
1.000000685245397
1.000000519281182
1.000000391794448
1.000000294315954
1.000000220125207
1.000000163918064
1.000000121530573
1.000000089711188
1.000000065934185
1.000000048247888
1.000000035152019
1.000000025499238
1.000000018416614
1.000000013243375
1.000000009481884
1.000000006759247
1.00000000479745
1.000000003390251
1.00000000238541
1.00000000167111
1.000000001165624
1.000000000809513
1.000000000559761
1.000000000385385
1.000000000264181
1.000000000180311
1.000000000122535
1.000000000082912
1.000000000055859
1.00000000003747
1.000000000025026
1.000000000016643
1.00000000001102
1.000000000007266
1.000000000004769
1.000000000003117
1.000000000002028
1.000000000001314
1.000000000000848
1.000000000000544
1.000000000000348
1.000000000000221
1.00000000000014
1.000000000000088
1.000000000000055
1.000000000000034
1.000000000000021
1.000000000000012
1.000000000000006
1.000000000000003
1.000000000000001
1
1
1
1
1
1
1
1
1
1
1
1
1
1
1
1
1
1
1
1
1
1
1
1
1
1
1
1
1
1
1
1
1
1
1
1
1.000000000000002
1.000000000000004
1.000000000000008
1.000000000000016
1.000000000000031
1.000000000000057
1.000000000000105
1.000000000000192
1.000000000000344
1.000000000000612
1.000000000001074
1.000000000001861
1.000000000003189
1.000000000005399
1.000000000009038
1.000000000014957
1.000000000024474
1.000000000039602
1.000000000063383
1.000000000100358
1.000000000157237
1.000000000243827
1.000000000374318
1.000000000569046
1.000000000856888
1.000000001278494
1.000000001890623
1.000000002771909
1.000000004030517
1.000000005814214
1.000000008323585
1.000000011829273
1.000000016694354
1.000000023403245
1.000000032598847
1.000000045130004
1.000000062111823
1.000000085001866
1.000000115695809
1.00000015664678
1.000000211013261
1.000000282841146
1.000000377286305
1.000000500884715
1.00000066187796
1.000001124738924
1.000001472712579
1.000001919669947
1.000002491099862
1.000003218267148
1.000004139302303
1.000005300439905
1.000006757411959
1.000008576998771
1.000010838735188
1.000013636764042
1.000017081821259
1.000021303328451
1.000026451558694
1.000032699829978
1.000040246668427
1.000049317870309
1.000060168378343
1.000073083874428
1.000088381978308
1.000106412930459
1.000127559628622
1.000152236881581
1.000180889742168
1.000213990784701
1.000252036201248
1.00029554060685
1.000345030466699
1.000401036088793
1.000464082163494
1.000534676876792
1.000613299675816
1.000700387822496
1.000796321932323
1.000901410758225
1.001015875541956
1.00113983431465
1.001273286581138
1.001416098866363
1.001567991633578
1.001728528100274
1.001897105476312
1.002072949127666
1.002255110127234
1.002442466590832
1.002633729112344
1.002827450508453
1.003022039963067
1.003215781527892
1.003406856793114
1.003593371395915
1.003773384890376
1.003944943366197
1.004106114081592
1.00425502127358
1.004389882231769
1.004509042673991
1.004611010446983
1.004694486594609
1.0047583928902
1.004801895017432
1.004824420702949
1.004825672249648
1.004805633086786
1.004764568135335
1.004703017977339
1.004621787008712
1.004521925938584
1.004404709167609
1.004271607726202
1.004124258575915
1.003964431168717
1.003793992217187
1.003614869651954
1.003429016731569
1.003238377225922
1.003044852520473
1.00285027138907
1.002656363063121
1.002464734090123
1.002276849330955
1.002094017299084
1.001917379901578
1.001747906506922
1.001586392142475
1.001433459518815
1.001289564491621
1.001155004505978
1.001029929523492
1.000914354909123
1.00080817575103
1.000711182100931
1.000623074652289
1.00054348041601
1.000471968005429
1.000408062200971
1.000351257527106
1.000301030637263
1.000256851363846
1.000218192348312
1.000184537218788
1.000155387328829
1.00013026710978
1.000108728120534
1.000090351902274
1.000074751762327
1.000061573621144
1.000050496060361
1.000041229708713
1.000033516097284
1.000027126106945
1.000021858119883
1.000017535974636
1.000014006810677
1.000011138875155
1.00000881935114
1.00000695225437
1.000005456433988
1.000004263702648
1.000003317112447
1.000002569385672
1.000001981503156
1.000001521448169
1.000001163099967
1.000000885268451
1.000000670859505
1.000000506159517
1.000000380227108
1.000000284380096
1.000000211766074
1.000000157005648
1.000000115898149
1.000000085180601
1.000000062331639
1.000000045413051
1.000000032942594
1.000000023792527
1.000000017109199
1.000000012249711
1.000000008732322
1.000000006197865
1.000000004379894
1.000000003081734
1.000000002158924
1.000000001505882
1.000000001045819
1.000000000723162
1.000000000497883
1.000000000341299
1.000000000232947
1.000000000158305
1.000000000107115
1.000000000072164
1.000000000048408
1.000000000032332
1.000000000021501
1.000000000014237
1.000000000009386
1.000000000006162
1.000000000004027
1.000000000002621
1.000000000001698
1.000000000001095
1.000000000000703
1.000000000000449
1.000000000000286
1.000000000000181
1.000000000000114
1.000000000000071
1.000000000000044
1.000000000000027
1.000000000000016
1.000000000000009
1.000000000000005
1.000000000000002
1
1
1
1
1
1
1
1
1
1
1
1
1
1
1
1
1
1
1
1
1
1
1
1
1
1
1
1
1
1
1
1
1
1
1
1.000000000000001
1.000000000000002
1.000000000000006
1.000000000000011
1.000000000000021
1.00000000000004
1.000000000000074
1.000000000000136
1.000000000000248
1.000000000000445
1.00000000000079
1.000000000001387
1.000000000002404
1.000000000004119
1.000000000006976
1.000000000011677
1.000000000019324
1.00000000003162
1.000000000051164
1.000000000081888
1.000000000129658
1.000000000203143
1.000000000315012
1.000000000483598
1.000000000735173
1.000000001107045
1.000000001651731
1.000000002442556
1.000000003581112
1.000000005207137
1.000000007511533
1.000000010753441
1.000000015282505
1.000000021567788
1.000000030235115
1.000000042115054
1.000000058304235
1.000000080243275
1.000000109815208
1.000000149469069
1.000000202374071
1.000000272610671
1.00000036540578
1.000000487420285
1.000000647098037
1.000000855086357
1.000001446630497
1.000001894190555
1.000002469062158
1.000003204028639
1.000004139302303
1.000005323925949
1.000006817365688
1.00000869130303
1.000011031629581
1.000013940641572
1.000017539423707
1.000021970402368
1.000027400037047
1.000034021605918
1.000042058026984
1.000051764640363
1.000063431860376
1.000077387588793
1.00009399926336
1.000113675399461
1.000136866468431
1.000164064944505
1.000195804345041
1.000232657086442
1.000275230982439
1.000324164223196
1.000380118693869
1.000443771520815
1.000515804772694
1.000596893292699
1.000687690696268
1.000788813635401
1.000900824504299
1.001024212839689
1.001159375750225
1.001306597789656
1.001466030764608
1.001637674035964
1.001821355929049
1.002016716908186
1.002223195192067
1.002440015484491
1.002666181467973
1.002900472653698
1.003141446099897
1.003387443402439
1.003636603228304
1.003886879507831
1.00413606522972
1.004381821599524
1.004621712134248
1.004853241080295
1.005073895366836
1.005281189149774
1.005472709870034
1.005646164650733
1.005799425796415
1.005930574137993
1.00603793899188
1.006120133571364
1.006176084801234
1.006205056639459
1.006206666197164
1.006180892163165
1.006128075273858
1.006048910813961
1.00594443337892
1.005815994365989
1.005665232878759
1.005494040920998
1.005304523912836
1.005098957680162
1.004879743142922
1.004649359958097
1.004410320358721
1.004165124373682
1.003916217518015
1.003665951915464
1.003416551660748
1.003170083055574
1.002928430167849
1.002693275975333
1.002466089170795
1.002248116532181
1.002040380604237
1.001843682302153
1.001658607936513
1.001485540074133
1.001324671592236
1.001176022253176
1.00103945712225
1.000914706169471
1.000801384434444
1.000699012188061
1.000607034591661
1.000524840429734
1.000451779572257
1.000387178903864
1.000330356536108
1.000280634193418
1.000237347730961
1.000199855801867
1.000167546741306
1.000139843775195
1.000116208691899
1.000096144136591
1.000079194700619
1.000064946983324
1.000053028802233
1.000043107720703
1.00003488905107
1.000028113477189
1.000022554424252
1.000018015286556
1.000014326606579
1.000011343281737
1.00000894185922
1.000007017964599
1.000005483896809
1.0000042664107
1.000003304698695
1.000002548575176
1.000001956860898
1.000001495959908
1.000001138617937
1.000000862848877
1.000000651014556
1.00000048904239
1.000000365765523
1.000000272370522
1.000000201938508
1.000000149066661
1.000000109558201
1.000000080170188
1.000000058409732
1.000000042370395
1.000000030601694
1.000000022005679
1.000000015755461
1.000000011231435
1.000000007971642
1.000000005633387
1.000000003963704
1.000000002776794
1.000000001936857
1.000000001345128
1.000000000930127
1.000000000640376
1.000000000438978
1.000000000299616
1.000000000203612
1.000000000137772
1.000000000092818
1.000000000062262
1.000000000041585
1.000000000027655
1.000000000018311
1.000000000012073
1.000000000007925
1.000000000005179
1.000000000003371
1.000000000002184
1.000000000001409
1.000000000000905
1.000000000000578
1.000000000000368
1.000000000000233
1.000000000000147
1.000000000000092
1.000000000000057
1.000000000000035
1.000000000000022
1.000000000000012
1.000000000000007
1.000000000000003
1.000000000000001
1
1
1
1
1
1
1
1
1
1
1
1
1
1
1
1
1
1
1
1
1
1
1
1
1
1
1
1
1
1
1
1
1
1
1.000000000000001
1.000000000000003
1.000000000000007
1.000000000000014
1.000000000000027
1.000000000000051
1.000000000000095
1.000000000000175
1.000000000000319
1.000000000000573
1.000000000001017
1.000000000001784
1.000000000003093
1.000000000005299
1.000000000008973
1.00000000001502
1.000000000024856
1.00000000004067
1.00000000006581
1.000000000105327
1.000000000166771
1.000000000261289
1.000000000405177
1.000000000622016
1.000000000945596
1.000000001423903
1.000000002124485
1.000000003141652
1.000000004606072
1.000000006697475
1.000000009661401
1.000000013831153
1.000000019656444
1.000000027740581
1.000000038888494
1.000000054168456
1.000000074990943
1.000000103208865
1.000000141244164
1.000000192246766
1.000000260292877
1.000000350630737
1.000000469983138
1.000000626917227
1.00000083229338
1.000001099806031
1.000001852435932
1.000002425543309
1.000003161674701
1.000004102809489
1.000005300439905
1.000006817365688
1.000008729733694
1.000011129332666
1.000014126147453
1.000017851169107
1.000022459447401
1.000028133360222
1.000035086059935
1.000043565040323
1.000053855749055
1.000066285150396
1.000081225121207
1.000099095541093
1.000120366915521
1.000145562349914
1.0001752586743
1.000210086503413
1.00025072900767
1.000297919167648
1.000352435290109
1.000415094578702
1.000486744578351
1.00056825235013
1.000660491283502
1.000764325515436
1.000880592000464
1.001010080361095
1.001153510742368
1.001311509994949
1.001484586614958
1.001673104971559
1.001877259450822
1.00209704923165
1.002332254481536
1.002582414811606
1.002846810857132
1.003124449847285
1.003414055993245
1.00371406645462
1.004022633539888
1.004337633657905
1.004656683367089
1.004977162670653
1.005296245486175
1.005610936983105
1.005918117240967
1.006214590443594
1.006497138600465
1.006762578585305
1.007007821113754
1.007229930154982
1.007426181193478
1.007594116732266
1.007731597460574
1.007836847598102
1.007908493072633
1.007945591383439
1.007947652242871
1.007914648363956
1.00784701606205
1.007745645651999
1.007611861936357
1.007447395382662
1.007254344866646
1.007035133102891
1.006792456085758
1.006529228014254
1.006248523270364
1.005953517058823
1.005647426297945
1.005333452278535
1.005014726486274
1.004694260819126
1.004374903233687
1.004059299632383
1.003749862567013
1.003448747093183
1.003157833874299
1.002878719411556
1.002612713075251
1.002360840438758
1.002123852273968
1.00190223845861
1.001696245972625
1.001505900122118
1.001331028123377
1.001171284202962
1.00102617541885
1.0008950874775
1.000777309907433
1.000672060046476
1.000578505402309
1.000495784049783
1.000423022829742
1.000359353209267
1.000303924749808
1.000255916205586
1.000214544338669
1.000179070588735
1.000148805774699
1.000123113032645
1.00010140921078
1.00008316494859
1.0000679036655
1.00005519967553
1.000044675630322
1.000035999474815
1.000028881079286
1.000023068689514
1.000018345314582
1.000014525150127
1.000011450114376
1.000008986555471
1.000007022171849
1.000005463172785
1.000004231693907
1.000003263472299
1.000002505777737
1.000001915590431
1.000001458011142
1.000001104886539
1.000000833630834
1.000000626223999
1.000000468366802
1.000000348773583
1.000000258584667
1.000000190881704
1.000000140290682
1.000000102658993
1.000000074794469
1.000000054255898
1.000000039185923
1.000000028178611
1.00000002017512
1.000000014382038
1.000000010207825
1.000000007213652
1.000000005075597
1.000000003555738
1.000000002480183
1.000000001722464
1.000000001191048
1.000000000820016
1.000000000562121
1.000000000383665
1.00000000026073
1.00000000017642
1.000000000118856
1.000000000079728
1.000000000053251
1.000000000035413
1.000000000023448
1.000000000015459
1.000000000010148
1.000000000006633
1.000000000004316
1.000000000002797
1.000000000001804
1.000000000001159
1.000000000000741
1.000000000000472
1.000000000000299
1.000000000000189
1.000000000000118
1.000000000000074
1.000000000000045
1.000000000000028
1.000000000000016
1.00000000000001
1.000000000000005
1.000000000000002
1
1
1
1
1
1
1
1
1
1
1
1
1
1
1
1
1
1
1
1
1
1
1
1
1
1
1
1
1
1
1
1
1
1
1.000000000000002
1.000000000000005
1.000000000000009
1.000000000000018
1.000000000000035
1.000000000000065
1.000000000000122
1.000000000000224
1.000000000000408
1.000000000000733
1.000000000001302
1.000000000002284
1.000000000003961
1.000000000006785
1.000000000011491
1.000000000019234
1.00000000003183
1.000000000052082
1.000000000084274
1.000000000134879
1.00000000021356
1.000000000334595
1.000000000518851
1.000000000796523
1.000000001210881
1.000000001823372
1.000000002720492
1.00000000402301
1.000000005898247
1.000000008576355
1.00000001237175
1.000000017711236
1.000000025170679
1.000000035522625
1.000000049797806
1.000000069364161
1.000000096027834
1.000000132161505
1.000000180866511
1.000000246176383
1.000000333310764
1.000000448990102
1.000000601823022
1.000000802779874
1.000001065767499
1.00000140832179
1.000002361633287
1.000003092274876
1.000004030751676
1.000005230582039
1.000006757411959
1.00000869130303
1.000011129332667
1.000014188519632
1.000018009080322
1.000022758011263
1.000028632980658
1.000035866496413
1.000044730299788
1.000055539912748
1.000068659243373
1.000084505127808
1.000103551659696
1.000126334129677
1.000153452369489
1.000185573268649
1.0002234322082
1.000267833137302
1.000319647006371
1.000379808266867
1.000449309154814
1.000529191494274
1.000620535790082
1.000724447427244
1.000842039858306
1.000974414739831
1.001122639074126
1.001287719521257
1.001470574166599
1.001672002157529
1.001892651755123
1.002132987477853
1.002393257138552
1.002673459687187
1.00297331486373
1.003292235731324
1.003629305193983
1.003983257600067
1.004352466488485
1.004734939446498
1.005128320915045
1.00552990360077
1.005936648936602
1.006345216780063
1.006752004257882
1.007153193366266
1.00754480662921
1.007922769814462
1.008282980420949
1.008621380395213
1.00893403131992
1.009217190155564
1.00946738351629
1.009681478428917
1.00985674756471
1.009990927047111
1.010082265122956
1.010129560234194
1.010132187333076
1.01009011163482
1.010003889384593
1.009874655615159
1.009704099271987
1.009494426468158
1.009248312987009
1.008968847462272
1.008659466922112
1.008323886575829
1.007966025844111
1.007589932682829
1.007199708226884
1.006799433688122
1.006393101286257
1.005984550782843
1.005577412936406
1.005175060913815
1.004780570391559
1.004396688773442
1.00402581365047
1.003669980345418
1.003330858128155
1.003009754466009
1.002707626491724
1.002425098733395
1.002162486057399
1.001919820726034
1.00169688246394
1.001493230457289
1.00130823627223
1.001141116768139
1.000990966190508
1.000856786751418
1.0007375171362
1.000632058507249
1.000539297705052
1.000458127467845
1.000387463601663
1.000326259129302
1.00027351552835
1.00022829123424
1.00018970763419
1.000156952812683
1.000129283329847
1.000106024322378
1.000086568214227
1.000070372313055
1.000056955550434
1.000045894600761
1.000036819587569
1.00002940955797
1.000023387877597
1.000018517670738
1.000014597404242
1.000011456689825
1.000008952357951
1.000006964837922
1.000005394863009
1.000004160506515
1.000003194544386
1.000002442132078
1.000001858777665
1.000001408589356
1.000001062773243
1.000000798356151
1.000000597108433
1.000000444642344
1.000000329662954
1.000000243350266
1.000000178853113
1.000000130877452
1.000000095353685
1.000000069169577
1.000000049957239
1.000000035924282
1.000000025720821
1.000000018335355
1.000000013013745
1.000000009196541
1.00000000647078
1.000000004533143
1.000000003161941
1.000000002195939
1.000000001518447
1.000000001045425
1.000000000716639
1.000000000489129
1.000000000332401
1.000000000224915
1.000000000151528
1.000000000101645
1.000000000067889
1.000000000045147
1.000000000029894
1.000000000019708
1.000000000012937
1.000000000008456
1.000000000005503
1.000000000003566
1.0000000000023
1.000000000001477
1.000000000000945
1.000000000000602
1.000000000000381
1.000000000000241
1.000000000000151
1.000000000000095
1.000000000000058
1.000000000000036
1.000000000000022
1.000000000000013
1.000000000000007
1.000000000000003
1.000000000000001
1
1
1
1
1
1
1
1
1
1
1
1
1
1
1
1
1
1
1
1
1
1
1
1
1
1
1
1
1
1
1
1
1.000000000000001
1.000000000000003
1.000000000000006
1.000000000000012
1.000000000000023
1.000000000000044
1.000000000000083
1.000000000000155
1.000000000000286
1.00000000000052
1.000000000000935
1.00000000000166
1.000000000002913
1.00000000000505
1.000000000008651
1.00000000001465
1.000000000024523
1.000000000040581
1.0000000000664
1.000000000107443
1.00000000017196
1.000000000272273
1.000000000426582
1.000000000661491
1.000000001015496
1.000000001543763
1.000000002324627
1.000000003468364
1.000000005128939
1.00000000751967
1.00000001093397
1.000000015772687
1.000000022579945
1.000000032089906
1.000000045287477
1.000000063486716
1.000000088431585
1.000000122424699
1.000000168490941
1.000000230584138
1.00000031384655
1.000000424932583
1.000000572409979
1.000000767253668
1.000001023449481
1.000001358726903
1.000001795441992
1.000002997561979
1.00000392494524
1.000005116127516
1.000006639037923
1.000008576998771
1.000011031629581
1.000014126147453
1.000018009080322
1.000022858400033
1.000028886069463
1.000036342981913
1.000045524251408
1.000056774789386
1.000070495076455
1.000087147007855
1.000107259658358
1.000131434777422
1.000160351789428
1.000194772038191
1.000235541981249
1.000283595009628
1.000339951545036
1.000405717051055
1.00048207759044
1.000570292569367
1.000671684333883
1.000787624325702
1.000919515565628
1.00106877131392
1.001236789858285
1.001424925500778
1.00163445595305
1.001866546502029
1.002122211470995
1.002402273668893
1.00270732268717
1.003037673061153
1.003393323454213
1.003773918139423
1.00417871213707
1.004606541409589
1.005055799511656
1.005524422037017
1.006009880091784
1.006509183855195
1.007018897064517
1.007535162984914
1.008053742104374
1.00857006143767
1.009079274943518
1.009576334169469
1.01005606785478
1.010513268858763
1.010942786456832
1.011339621774242
1.011699023921964
1.012016584271969
1.012288326268765
1.012510788225423
1.012681096696544
1.012797028254625
1.012857057812914
1.012860392026156
1.012806986746243
1.012697547995677
1.01253351642879
1.012317035759004
1.012050906119742
1.011738523777904
1.011383809014689
1.010991124314221
1.010565185244623
1.01011096657119
1.009633606203624
1.009138309549502
1.008630256728752
1.008114514907047
1.007595957740944
1.007079193607763
1.006568503933998
1.00606779255348
1.005580546636634
1.005109809350492
1.0046581640495
1.004227729471792
1.003820165133998
1.003436685887055
1.003078084420104
1.002744760381014
1.002436754719564
1.002153787849522
1.001895300263938
1.001660494317199
1.00144837600049
1.001257795676006
1.00108748689153
1.000936102562786
1.000802247979047
1.000684510251269
1.000581483976104
1.000491793029163
1.00041410852373
1.000347163074763
1.000289761591479
1.000240788885244
1.000199214423561
1.000164094587315
1.000134572798878
1.000109877885639
1.000089321029296
1.00007229162833
1.000058252371899
1.000046733790039
1.000037328509564
1.000029685409042
1.000023503831148
1.000018527977499
1.000014541580675
1.000011362920968
1.000008840231764
1.000006847517496
1.000005280791643
1.000004054729189
1.000003099717958
1.000002359285971
1.000001787877073
1.00000134894419
1.000001013328291
1.000000757891128
1.000000564370843
1.000000418431174
1.000000308877201
1.000000227012973
1.000000166118942
1.000000121029701
1.000000087794995
1.000000063409341
1.000000045597715
1.000000032646753
1.000000023272588
1.000000016518015
1.00000001167294
1.000000008213203
1.000000005753811
1.000000004013379
1.000000002787256
1.000000001927331
1.000000001326935
1.000000000909615
1.000000000620842
1.000000000421911
1.000000000285481
1.000000000192332
1.000000000129016
1.00000000008617
1.000000000057305
1.000000000037944
1.000000000025016
1.000000000016422
1.000000000010733
1.000000000006985
1.000000000004526
1.00000000000292
1.000000000001876
1.0000000000012
1.000000000000764
1.000000000000484
1.000000000000306
1.000000000000192
1.00000000000012
1.000000000000074
1.000000000000046
1.000000000000028
1.000000000000016
1.000000000000009
1.000000000000005
1.000000000000002
1
1
1
1
1
1
1
1
1
1
1
1
1
1
1
1
1
1
1
1
1
1
1
1
1
1
1
1
1
1
1
1
1.000000000000001
1.000000000000004
1.000000000000008
1.000000000000015
1.00000000000003
1.000000000000056
1.000000000000106
1.000000000000197
1.000000000000363
1.000000000000661
1.000000000001187
1.000000000002107
1.000000000003697
1.000000000006409
1.000000000010981
1.000000000018596
1.000000000031128
1.000000000051511
1.000000000084284
1.00000000013638
1.000000000218272
1.0000000003456
1.000000000541465
1.000000000839637
1.000000001288975
1.000000001959502
1.000000002950649
1.000000004402386
1.000000006510139
1.000000009544668
1.000000013878396
1.000000020020112
1.000000028660462
1.000000040731301
1.000000057482748
1.000000080582708
1.000000112244749
1.000000155391523
1.000000213862436
1.000000292675978
1.000000398359082
1.000000539358003
1.000000726547533
1.000000973857841
1.000001299040729
1.000001724599705
1.000002278910639
1.000003788019121
1.000004959951155
1.00000646524477
1.00000838974152
1.000010838735188
1.000013940641572
1.000017851169107
1.000022758011263
1.000028886069463
1.000036503199215
1.000045926451947
1.000057528760291
1.000071745985258
1.000089084209918
1.000110127126213
1.000135543319967
1.000166093215015
1.000202635391907
1.000246131951605
1.00029765255203
1.000358376707641
1.000429593912208
1.00051270112555
1.000609197159305
1.000720673507899
1.000848801201677
1.000995313312143
1.00116198281646
1.001350595630831
1.001562918750412
1.001800663585845
1.00206544476109
1.002358734830101
1.002681815575746
1.003035726766505
1.003421213456805
1.003838673116199
1.00428810405103
1.004769056729428
1.005280589726142
1.005821232058397
1.006388953679038
1.006981145822299
1.007594612756195
1.008225576282289
1.008869694040146
1.009522092325159
1.01017741372316
1.010829879415184
1.011473365525818
1.01210149239616
1.012707725176854
1.013285483678194
1.01382825900331
1.014329734146382
1.014783905478137
1.015185201880126
1.015528598238212
1.015809720070664
1.016024936248453
1.016171437061091
1.016247295281463
1.016251508373799
1.016184020552072
1.016045724010087
1.015838439285307
1.015564875360784
1.015228570727979
1.01483381720353
1.014385568793255
1.013889338308286
1.013351084746763
1.012777094650398
1.012173860723982
1.011547960968251
1.010905941428156
1.010254205409859
1.009598911684715
1.008945883794418
1.008300532117514
1.007667789874047
1.007052063752428
1.00645719936029
1.005886461246641
1.005342526831464
1.004827493223049
1.004342895611966
1.003889735708903
1.003468518543849
1.00307929586507
1.002721714363977
1.002395067000077
1.002098345800353
1.001830294650312
1.001589460769221
1.001374243759531
1.001182941330002
1.001013791004417
1.000865007334779
1.000734814332561
1.000621473008545
1.000523304067014
1.000438705930965
1.000366168380566
1.000304282167144
1.000251745020752
1.000207364502615
1.000170058167041
1.000138851493443
1.000112874031208
1.000091354171175
1.000073612920596
1.000059057016306
1.000047171665989
1.00003751316191
1.000029701567149
1.000023413632437
1.000018376063262
1.000014359222608
1.000011171324799
1.000008653150703
1.000006673293745
1.000005123929664
1.000003917090323
1.000002981412695
1.000002259327949
1.00000170465193
1.000001280536664
1.000000957742577
1.000000713192335
1.000000528769336
1.000000390326663
1.000000286875317
1.000000209923863
1.000000152944817
1.000000110946274
1.000000080130225
1.00000005762174
1.000000041255652
1.000000029409546
1.000000020873808
1.000000014751095
1.000000010379031
1.000000007271099
1.000000005071714
1.000000003522262
1.000000002435575
1.000000001676853
1.000000001149485
1.000000000784561
1.000000000533171
1.000000000360764
1.000000000243051
1.000000000163039
1.000000000108894
1.000000000072416
1.00000000004795
1.000000000031613
1.000000000020752
1.000000000013564
1.000000000008827
1.00000000000572
1.00000000000369
1.000000000002371
1.000000000001516
1.000000000000965
1.000000000000612
1.000000000000386
1.000000000000243
1.000000000000152
1.000000000000094
1.000000000000058
1.000000000000036
1.000000000000021
1.000000000000012
1.000000000000007
1.000000000000003
1.000000000000001
1
1
1
1
1
1
1
1
1
1
1
1
1
1
1
1
1
1
1
1
1
1
1
1
1
1
1
1
1
1
1
1.000000000000002
1.000000000000005
1.00000000000001
1.000000000000019
1.000000000000037
1.000000000000071
1.000000000000134
1.00000000000025
1.000000000000459
1.000000000000835
1.0000000000015
1.000000000002663
1.000000000004672
1.0000000000081
1.000000000013878
1.000000000023501
1.000000000039338
1.000000000065097
1.000000000106514
1.00000000017235
1.00000000027584
1.000000000436748
1.000000000684269
1.000000001061076
1.000000001628915
1.000000002476275
1.000000003728807
1.000000005563392
1.000000008226991
1.000000012061766
1.000000017538352
1.000000025299705
1.000000036218598
1.000000051472619
1.000000072641547
1.000000101833116
1.000000141844612
1.000000196369394
1.000000270259316
1.000000369856239
1.000000503408236
1.00000068158882
1.000000918140436
1.000001230666588
1.00000164160016
1.000002179378731
1.000002879860743
1.000004765907308
1.000006240374327
1.000008134259689
1.000010555564616
1.000013636764041
1.000017539423707
1.000022459447401
1.000028632980658
1.000036342981913
1.000045926451947
1.000057782286982
1.0000723796897
1.000090267035566
1.000112081049281
1.000138556098408
1.000170533358919
1.000208969551846
1.000254944893064
1.000309669841534
1.000374490177809
1.000450889897174
1.000540491364071
1.000645052150006
1.00076645797002
1.000906711146715
1.001067914069605
1.001252247184222
1.001461941142525
1.001699242875097
1.001966375506679
1.002265492228398
1.00259862445969
1.002967624875563
1.003374106133864
1.003819376404101
1.004304373063957
1.004829596180482
1.005395043617442
1.006000149795445
1.006643730264511
1.007323934317419
1.00803820786608
1.008783268713882
1.00955509617916
1.010348936756628
1.011159327147035
1.011980135546644
1.012804621578286
1.013625514679502
1.014435110159436
1.015225381516693
1.015988106999399
1.016715007811929
1.017397894855678
1.018028820458384
1.018600231219745
1.019105117898877
1.01953715820486
1.019890848433373
1.020161620121661
1.020345938266153
1.020441378150437
1.020446678448697
1.020361768978177
1.020187772246738
1.019926978747762
1.019582796762778
1.019159678210249
1.018663022796424
1.018099063353549
1.017474735768563
1.016797537293579
1.016075377275926
1.015316424444606
1.014528954842611
1.013721204307951
1.012901229093216
1.012076777792034
1.01125517723233
1.010443234425168
1.00964715604969
1.008872486334858
1.008124063591815
1.007405995078987
1.006721649364661
1.006073664904142
1.005463973181924
1.00489383449044
1.004363884228552
1.003874187503494
1.003424299804468
1.003013331576558
1.002640014649712
1.002302768657209
1.001999765798686
1.001728992551132
1.001488307194952
1.001275492289345
1.001088301491687
1.000924500360574
1.000781901004787
1.000658390635752
1.000551954245786
1.000460691767189
1.000382830167992
1.000316731010327
1.000260894039223
1.000213957386312
1.000174694968051
1.000142011635431
1.000114936595785
1.000092615580826
1.000074302182062
1.000059348718304
1.000047196942719
1.000037368841092
1.000029457720221
1.000023119737
1.000018065975586
1.000014055142444
1.000010886917337
1.000008395972143
1.000006446648618
1.000004928270328
1.000003751052414
1.000002842565074
1.000002144702035
1.000001611103272
1.000001204981209
1.00000089730124
1.000000665270077
1.000000491088854
1.000000360931825
1.000000264115535
1.00000019242746
1.000000139587058
1.000000100815881
1.000000072496848
1.000000051905858
1.000000037001677
1.000000026262433
1.000000018559135
1.000000013058415
1.000000009148163
1.000000006381001
1.000000004431553
1.000000003064333
1.000000002109744
1.000000001446233
1.000000000987102
1.000000000670814
1.000000000453899
1.000000000305797
1.000000000205129
1.000000000137006
1.000000000091111
1.000000000060329
1.000000000039774
1.00000000002611
1.000000000017066
1.000000000011106
1.000000000007197
1.000000000004643
1.000000000002983
1.000000000001908
1.000000000001215
1.00000000000077
1.000000000000486
1.000000000000306
1.000000000000191
1.000000000000119
1.000000000000073
1.000000000000045
1.000000000000027
1.000000000000016
1.000000000000009
1.000000000000004
1.000000000000002
1
1
1
1
1
1
1
1
1
1
1
1
1
1
1
1
1
1
1
1
1
1
1
1
1
1
1
1
1
1
1.000000000000001
1.000000000000003
1.000000000000006
1.000000000000012
1.000000000000024
1.000000000000047
1.000000000000089
1.000000000000168
1.000000000000314
1.000000000000578
1.00000000000105
1.000000000001887
1.000000000003351
1.000000000005879
1.000000000010192
1.000000000017462
1.000000000029569
1.000000000049495
1.000000000081906
1.000000000134016
1.000000000216851
1.000000000347061
1.000000000549513
1.000000000860939
1.00000000133503
1.000000002049471
1.000000003115597
1.000000004691497
1.000000006999715
1.000000010350969
1.000000015175754
1.0000000220662
1.000000031831251
1.000000045568988
1.000000064761003
1.000000091394903
1.000000128122541
1.000000178463336
1.000000247064095
1.000000340029194
1.000000465337655
1.000000633366803
1.000000857545523
1.000001155163877
1.000001548369705
1.000002065386916
1.000002741994211
1.000003623306816
1.00000596992842
1.000007816889863
1.000010189226361
1.000013222223011
1.000017081821259
1.000021970402368
1.000028133360222
1.000035866496412
1.000045524251408
1.000057528760291
1.0000723796897
1.000090664773631
1.000113070919549
1.000140395702986
1.000173559008895
1.000213614512567
1.000261760623298
1.000319350442407
1.000387900216181
1.000469095697245
1.000564795768534
1.000677032636657
1.00080800787095
1.000960083555498
1.001135767838889
1.001337694215023
1.001568593951783
1.001831261206054
1.002128510525054
1.002463126635738
1.00283780666423
1.00325509520245
1.003717312942973
1.004226479927649
1.004784234789796
1.005391751701247
1.006049657049677
1.006757948152907
1.007515916548763
1.008322078565721
1.009174115965596
1.010068829441891
1.011002107645599
1.011968914187468
1.012963294729755
1.013978405833713
1.015006566679686
1.016039334137976
1.017067600959397
1.018081716098034
1.019071625402765
1.020027030148824
1.020937560158182
1.021792957609824
1.02258326709874
1.023299027093224
1.02393145768668
1.024472639459721
1.024915678370634
1.025254851879531
1.025485731977519
1.025605281422797
1.025611920258949
1.025505560578131
1.025287608459492
1.02496093302304
1.024529803551407
1.023999796606576
1.023377675967381
1.022671249001948
1.02188920373788
1.021040931379267
1.020136339328299
1.019185659893368
1.018199259806218
1.017187455436876
1.016160338203083
1.015127614142951
1.014098460982701
1.01308140531593
1.012084221748922
1.011113855090146
1.010176365901871
1.009276899015707
1.008419673965836
1.007607995732911
1.006844283732374
1.006130116631596
1.005466290344236
1.004852886425667
1.004289348073866
1.003774561015931
1.003306936718267
1.002884495583637
1.002504948074544
1.002165772013613
1.001864284641829
1.001597708350205
1.001363229326644
1.001158048666614
1.000979425775115
1.000824714132055
1.000691389699463
1.000577072415313
1.000479541344907
1.000396744148645
1.00032680157744
1.000268007727901
1.000218826783302
1.000177886938036
1.000143972157652
1.0001160123684
1.000093072603822
1.000074341565212
1.000059119981103
1.000046809081001
1.000036899432535
1.000028960330626
1.000022629873194
1.000017605810833
1.000013637218126
1.000010517001501
1.000008075232493
1.000006173275377
1.00000469866365
1.000003560670125
1.000002686509578
1.000002018110387
1.000001509391587
1.000001123983759
1.000000833335492
1.000000615151508
1.000000452113343
1.000000330838642
1.000000241040196
1.000000174850841
1.000000126284972
1.000000090811742
1.00000006501887
1.000000046349454
1.000000032897155
1.00000002324777
1.000000016357397
1.000000011459293
1.000000007993057
1.000000005551115
1.000000003838491
1.000000002642741
1.000000001811604
1.00000000123648
1.000000000840287
1.000000000568571
1.000000000383054
1.000000000256953
1.000000000171619
1.00000000011413
1.000000000075571
1.000000000049823
1.000000000032706
1.000000000021377
1.000000000013912
1.000000000009015
1.000000000005816
1.000000000003737
1.00000000000239
1.000000000001522
1.000000000000965
1.00000000000061
1.000000000000383
1.000000000000239
1.000000000000149
1.000000000000092
1.000000000000057
1.000000000000034
1.000000000000021
1.000000000000012
1.000000000000006
1.000000000000002
1
1
1
1
1
1
1
1
1
1
1
1
1
1
1
1
1
1
1
1
1
1
1
1
1
1
1
1
1
1
1.000000000000001
1.000000000000004
1.000000000000008
1.000000000000016
1.00000000000003
1.000000000000059
1.000000000000112
1.000000000000211
1.000000000000393
1.000000000000723
1.000000000001315
1.000000000002364
1.000000000004198
1.000000000007364
1.000000000012767
1.000000000021874
1.000000000037041
1.000000000062002
1.000000000102602
1.000000000167879
1.000000000271644
1.000000000434753
1.000000000688358
1.000000001078469
1.000000001672341
1.00000000256729
1.000000003902774
1.000000005876825
1.000000008768211
1.000000012966147
1.000000019009888
1.00000002764116
1.000000039873274
1.000000057081727
1.000000081122412
1.000000114485073
1.000000160491511
1.000000223550264
1.000000309482075
1.000000425933477
1.000000582899242
1.000000793378323
1.000001074192145
1.000001446998745
1.000001939541147
1.000002587173422
1.000003434712965
1.000004538672345
1.000007445314987
1.000009748723891
1.000012707344951
1.000016489896296
1.000021303328451
1.000027400037047
1.000035086059936
1.000044730299788
1.000056774789386
1.000071745985258
1.000090267035566
1.000113070919549
1.000141014298217
1.000175091849526
1.000216450786572
1.000266405175686
1.000326449584522
1.000398271500889
1.000483761874581
1.000585023050745
1.000704373289351
1.000844347006286
1.001007689833492
1.001197347584363
1.001416448232427
1.001668276071871
1.001956237332612
1.002283816674327
1.0026545241853
1.003071832763524
1.003539106057153
1.0040595174845
1.004635961232869
1.005270956540079
1.005966546979504
1.006724196882791
1.007544687426237
1.008428015257528
1.009373296828792
1.010378681809704
1.011441279061686
1.012557098644723
1.013721013188824
1.014926741684393
1.016166858326646
1.017432828492129
1.018715073240213
1.020003062935871
1.021285439705546
1.022550167494622
1.023784707527231
1.024976216014795
1.026111760058595
1.027178546883961
1.028164160867356
1.029056802307303
1.029845521574103
1.030520442172952
1.031072966382711
1.031495957490742
1.031783893225429
1.031932985774437
1.031941264741164
1.031808620498662
1.031536806607012
1.031129401219579
1.030591728666006
1.029930743615202
1.029154881342484
1.028273878608179
1.027298570463926
1.026240668909376
1.025112529706959
1.023926913817187
1.022696749842927
1.021434903579524
1.020153960278742
1.018866024575987
1.017582542236072
1.016314146980554
1.015070534709445
1.013860366461876
1.012691200512216
1.011569453105057
1.010500386524254
1.009488122491911
1.008535678320391
1.007645022804837
1.006817148549331
1.006052157264448
1.005349354549786
1.004707350769471
1.004124164825575
1.00359732791514
1.0031239847011
1.002700989715438
1.002324997224749
1.001992543205786
1.001700118485377
1.001444232481788
1.001221467332375
1.001028522497447
1.000862250187614
1.000719682169261
1.000598048660222
1.000494790137284
1.000407562942543
1.000334239601662
1.000272904759481
1.000221847603064
1.000179551585459
1.000144682190858
1.000116073399048
1.000092713418908
1.000073730171242
1.000058376914098
1.000046018321314
1.000036117249501
1.000028222361208
1.000021956713336
1.000017007370234
1.000013116060056
1.000010070860513
1.000007698875295
1.000005859844408
1.000004440619526
1.000003350428213
1.000002516847755
1.000001882409308
1.000001401755553
1.000001039279224
1.000000767175246
1.000000563845266
1.000000412599763
1.000000300609259
1.00000021806238
1.0000001574943
1.000000113254463
1.000000081087311
1.00000005780405
1.000000041027226
1.000000028993141
1.000000020399916
1.000000014291315
1.000000009968447
1.00000000692301
1.000000004787133
1.000000003295868
1.000000002259325
1.000000001542066
1.000000001047957
1.000000000709089
1.000000000477723
1.000000000320457
1.000000000214034
1.000000000142337
1.000000000094248
1.000000000062137
1.00000000004079
1.000000000026661
1.000000000017351
1.000000000011243
1.000000000007254
1.00000000000466
1.000000000002981
1.000000000001898
1.000000000001204
1.00000000000076
1.000000000000478
1.000000000000299
1.000000000000186
1.000000000000115
1.000000000000071
1.000000000000043
1.000000000000026
1.000000000000015
1.000000000000009
1.000000000000004
1.000000000000001
1
1
1
1
1
1
1
1
1
1
1
1
1
1
1
1
1
1
1
1
1
1
1
1
1
1
1
1
1
1.000000000000002
1.000000000000005
1.00000000000001
1.000000000000019
1.000000000000038
1.000000000000073
1.000000000000139
1.000000000000263
1.00000000000049
1.000000000000902
1.000000000001641
1.000000000002948
1.000000000005235
1.000000000009184
1.000000000015923
1.000000000027281
1.000000000046197
1.000000000077329
1.000000000127964
1.000000000209377
1.000000000338789
1.000000000542214
1.000000000858501
1.000000001345033
1.000000002085687
1.000000003201829
1.000000004867386
1.000000007329331
1.000000010935327
1.000000016170785
1.000000023708228
1.000000034472696
1.000000049727929
1.000000071189364
1.000000101171559
1.000000142779569
1.000000200156137
1.000000278799315
1.000000385968365
1.000000531199553
1.000000726957712
1.00000098945429
1.000001339667864
1.000001804608903
1.000002418876657
1.000003226562345
1.000004283559191
1.000005660345819
1.000009244587148
1.000012104644689
1.00001577825361
1.000020474904306
1.000026451558694
1.000034021605918
1.000043565040323
1.000055539912748
1.000070495076456
1.000089084209918
1.000112081049281
1.000140395702986
1.000175091849526
1.000217404536742
1.000268758208361
1.000330784482078
1.000405339095701
1.000494517327001
1.000600667082939
1.000726398750106
1.000874590806263
1.001048390119622
1.00125120581517
1.001486695573433
1.00175874325417
1.002071426812618
1.002428975605262
1.002835716370428
1.003296007419177
1.003814160884297
1.004394353247297
1.005040524789318
1.005756269082535
1.006544714141042
1.007408397367829
1.008349136947789
1.00936790282312
1.010464690822989
1.011638403878492
1.012886744511883
1.014206122922355
1.015591584978773
1.017036764256581
1.018533861911217
1.020073657659966
1.021645554452465
1.023237658559304
1.02483689581917
1.026429163686656
1.027999517551662
1.029532388599681
1.031011829297254
1.032421781468096
1.033746360922426
1.034970151762364
1.036078502852555
1.037057818552832
1.037895835685162
1.03858187886558
1.039107086776548
1.039464602676835
1.039649723422459
1.039660002469729
1.039495303705689
1.039157804449563
1.03865194753264
1.037984343931472
1.037163628938427
1.036200276245365
1.035106375536943
1.033895380194494
1.032581832464397
1.031181073922878
1.029708949261399
1.028181511324832
1.026614734972652
1.025024246726264
1.023425076348027
1.021831435511321
1.020256527613233
1.018712391601555
1.017209781485591
1.015758082023088
1.014365259966715
1.013037849249939
1.011780967623921
1.010598361545769
1.009492475577661
1.008464542190838
1.007514687675584
1.006642049828245
1.00584490320362
1.00512078796555
1.004466638717156
1.003878910120043
1.003353696593585
1.0028868438968
1.002474050913557
1.002110960466998
1.001793238464222
1.001516641104073
1.001277070259692
1.001070617467009
1.000893597207877
1.00074257037196
1.000614358917583
1.000506052832897
1.000415010531076
1.000338853803757
1.000275458413122
1.000222941332377
1.000179645554336
1.000144123284981
1.00011511822941
1.000091547566564
1.000072484100856
1.000057138976558
1.000044845246982
1.00003504250674
1.000027262722513
1.000021117336112
1.000016285662908
1.000012504568419
1.000009559374953
1.000007275927868
1.000005513735859
1.000004160090764
1.000003125068454
1.000002337312357
1.000001740504246
1.000001290432108
1.000000952571565
1.00000070010486
1.000000512309318
1.000000373255112
1.000000270759869
1.000000195554823
1.000000140623907
1.000000100683171
1.000000071773217
1.000000050942055
1.000000035999772
1.000000025329874
1.000000017745041
1.000000012377487
1.000000008596075
1.000000005944029
1.000000004092375
1.000000002805334
1.000000001914736
1.000000001301216
1.000000000880455
1.000000000593175
1.000000000397902
1.000000000265761
1.000000000176736
1.000000000117025
1.000000000077154
1.000000000050647
1.000000000033104
1.000000000021544
1.000000000013961
1.000000000009007
1.000000000005787
1.000000000003701
1.000000000002357
1.000000000001495
1.000000000000944
1.000000000000593
1.000000000000371
1.000000000000231
1.000000000000143
1.000000000000088
1.000000000000054
1.000000000000033
1.00000000000002
1.000000000000011
1.000000000000006
1.000000000000002
1
1
1
1
1
1
1
1
1
1
1
1
1
1
1
1
1
1
1
1
1
1
1
1
1
1
1
1
1.000000000000001
1.000000000000003
1.000000000000006
1.000000000000012
1.000000000000024
1.000000000000047
1.000000000000091
1.000000000000173
1.000000000000327
1.000000000000608
1.00000000000112
1.000000000002037
1.000000000003661
1.000000000006501
1.000000000011405
1.000000000019772
1.000000000033876
1.000000000057365
1.000000000096021
1.000000000158895
1.000000000259985
1.000000000420676
1.000000000673269
1.000000001066
1.000000001670123
1.000000002589784
1.000000003975682
1.000000006043777
1.000000009100728
1.000000013578221
1.000000020078975
1.000000029438044
1.00000004280402
1.000000061746052
1.000000088394143
1.000000125622204
1.00000017728568
1.000000248528476
1.000000346177334
1.000000479245828
1.0000006595748
1.000000902641389
1.000001228574754
1.000001663423221
1.000002240724678
1.000003003439696
1.00000400631465
1.000005318749981
1.000007028256223
1.000011428319268
1.000014963966469
1.000019505336883
1.000025311404977
1.000032699829978
1.000042058026985
1.000053855749055
1.000068659243373
1.000087147007856
1.000110127126213
1.000138556098408
1.000173559008895
1.000216450786572
1.000268758208361
1.000332242183704
1.000408919731891
1.000501084930956
1.000611327979718
1.000742551378718
1.000897982107308
1.001081178560597
1.001296030919332
1.001546753567322
1.00183786815379
1.002174175931548
1.002560718094771
1.003002723000036
1.003505539387125
1.004074555025332
1.004715100597134
1.005432339091077
1.006231141502357
1.007115950221423
1.008090632111987
1.009158323919776
1.010321273287845
1.01158067925568
1.012936536657634
1.014387489280271
1.015930696957049
1.017561721943565
1.019274439901896
1.021060980608517
1.02291170307386
1.024815209118317
1.026758398594348
1.028726568392643
1.030703556147673
1.032671928200221
1.034613209926649
1.036508155059157
1.038337049156441
1.040080041001034
1.041717494459802
1.043230352306037
1.044600502718185
1.045811138685263
1.046847100394999
1.047695190876626
1.048344455720049
1.04878641858521
1.049015265422575
1.04902797180602
1.048824369478249
1.048407150061107
1.047781805816355
1.046956509280155
1.045941935460172
1.044751032004615
1.043398744261684
1.041901703389525
1.040277886607667
1.038546259271824
1.036726408691568
1.034838179496717
1.03290131991079
1.030935147539389
1.028958242270665
1.02698817266592
1.025041260848885
1.02313238944371
1.021274852625489
1.019480251891938
1.017758435793988
1.016117481622483
1.014563715974801
1.013101770245993
1.011734666420394
1.010463928087869
1.009289711370368
1.008210950407343
1.007225512193511
1.006330355864744
1.0055216919588
1.004795137706551
1.004145865004986
1.003568738355413
1.003058440690966
1.002609585641972
1.002216815375106
1.001874883676091
1.001578724413971
1.001323505919979
1.001104672132372
1.000917971600183
1.000759475607083
1.000625586776838
1.00051303956187
1.000418894004693
1.000340524107802
1.000275602060295
1.000222079458165
1.000178166528079
1.000142310229174
1.000113171970108
1.000089605544801
1.000070635763849
1.000055438142652
1.000043319903712
1.000033702460548
1.000026105474404
1.000020132512325
1.000015458285275
1.000011817406879
1.000008994585663
1.000006816145038
1.000005142754165
1.000003863248012
1.000002889414914
1.000002151633743
1.000001595249173
1.000001177581824
1.000000865479311
1.000000633324041
1.000000461423395
1.000000334717387
1.000000241747863
1.000000173841481
1.000000124466158
1.000000088727238
1.000000062975434
1.000000044503547
1.000000031313244
1.000000021936748
1.000000015301284
1.000000010626636
1.000000007348128
1.000000005059078
1.000000003468013
1.000000002367039
1.000000001608593
1.000000001088439
1.000000000733297
1.000000000491897
1.000000000328539
1.000000000218485
1.00000000014467
1.000000000095379
1.000000000062611
1.000000000040924
1.000000000026634
1.000000000017258
1.000000000011135
1.000000000007154
1.000000000004576
1.000000000002914
1.000000000001848
1.000000000001167
1.000000000000733
1.000000000000459
1.000000000000286
1.000000000000177
1.000000000000109
1.000000000000067
1.000000000000041
1.000000000000024
1.000000000000014
1.000000000000008
1.000000000000004
1.000000000000001
1
1
1
1
1
1
1
1
1
1
1
1
1
1
1
1
1
1
1
1
1
1
1
1
1
1
1
1.000000000000001
1.000000000000004
1.000000000000007
1.000000000000015
1.00000000000003
1.000000000000058
1.000000000000112
1.000000000000214
1.000000000000404
1.000000000000752
1.000000000001385
1.000000000002519
1.000000000004526
1.000000000008036
1.0000000000141
1.000000000024444
1.00000000004188
1.000000000070918
1.000000000118707
1.000000000196437
1.00000000032141
1.000000000520064
1.000000000832332
1.000000001317844
1.000000002064686
1.000000003201608
1.000000004914906
1.000000007471558
1.000000011250664
1.000000016785882
1.00000002482231
1.00000003639226
1.000000052915648
1.000000076332288
1.000000109275333
1.000000155297571
1.000000219165176
1.000000307237138
1.000000427952803
1.000000592454906
1.000000815381297
1.00000111586507
1.000001518790216
1.000002056358074
1.000002770028684
1.000003712910527
1.000004952681841
1.000006575136395
1.000008688455865
1.000014065896005
1.00001841753934
1.000024007016092
1.000031153068814
1.000040246668427
1.000051764640364
1.000066285150396
1.000084505127808
1.000107259658358
1.000135543319967
1.000170533358919
1.000213614512567
1.000266405175686
1.000330784482077
1.000408919731891
1.0005032934409
1.00061672912397
1.000752414756227
1.000913922688189
1.001105224633037
1.001330700204378
1.001595137371408
1.001903723126288
1.002262022637486
1.002675945203982
1.003151695439593
1.003695708313459
1.004314566959298
1.005014902546638
1.005803275982477
1.006686041777959
1.007669195062826
1.008758203446525
1.009957826189256
1.01127192393385
1.012703263030301
1.014253319225003
1.01592208614922
1.01770789458789
1.019607248902283
1.021614687182844
1.023722671690482
1.025921515881116
1.028199353783463
1.030542156708322
1.032933801215144
1.035356190967222
1.037789433602076
1.040212072072528
1.042601368131979
1.044933633809088
1.04718460491412
1.049329848916952
1.05134519801073
1.053207196897634
1.054893553868972
1.056383583154938
1.057658626329798
1.058702440799352
1.059501544074242
1.060045503630599
1.06032716364525
1.060342801714681
1.060092210757845
1.059578703582657
1.058809039975307
1.05779327855643
1.056544557944362
1.055078813883194
1.053414440850742
1.051571908189739
1.049573341951272
1.047442084366737
1.045202243157076
1.042878242748155
1.040494388910367
1.038074457416859
1.035641316070857
1.033216587952044
1.030820362046429
1.028470955629049
1.026184730939574
1.023975966899936
1.021856784935806
1.019837126436908
1.01792477807005
1.016125440076643
1.014442831863495
1.012878828639652
1.011433622558485
1.010105901778579
1.008893041035319
1.007791297687154
1.006796007730904
1.005901776931466
1.005102662944388
1.004392345087787
1.003764279208638
1.00321183585703
1.002728420704884
1.002307576802709
1.001943068844233
1.001628950094992
1.001359613032682
1.001129825044504
1.00093475073371
1.000769962511075
1.000631441196234
1.000515568339396
1.000419111907214
1.000339206869221
1.000273332084101
1.000219284728703
1.00017515334612
1.000139290420242
1.000110285219453
1.000086937496561
1.000068232489295
1.00005331753828
1.000041480528528
1.000032130266726
1.000024778829437
1.000019025855993
1.000014544712945
1.000011070422847
1.000008389227182
1.000006329639644
1.000004754839953
1.000003556258485
1.000002648206557
1.000001963415172
1.000001449355145
1.000001065222978
1.000000779488886
1.000000567915452
1.000000411967043
1.000000297541108
1.000000213962608
1.000000153191933
1.000000109204798
1.000000077509704
1.00000005477466
1.00000003854014
1.000000026999619
1.000000018832738
1.000000013079211
1.000000009044043
1.000000006226694
1.000000004268419
1.000000002913344
1.000000001979853
1.000000001339649
1.00000000090254
1.000000000605426
1.000000000404367
1.000000000268912
1.000000000178059
1.000000000117393
1.000000000077063
1.000000000050369
1.000000000032781
1.000000000021242
1.000000000013705
1.000000000008805
1.000000000005632
1.000000000003587
1.000000000002275
1.000000000001436
1.000000000000903
1.000000000000565
1.000000000000352
1.000000000000218
1.000000000000135
1.000000000000083
1.00000000000005
1.00000000000003
1.000000000000018
1.00000000000001
1.000000000000005
1.000000000000002
1
1
1
1
1
1
1
1
1
1
1
1
1
1
1
1
1
1
1
1
1
1
1
1
1
1
1
1.000000000000002
1.000000000000004
1.000000000000009
1.000000000000019
1.000000000000037
1.000000000000071
1.000000000000138
1.000000000000264
1.000000000000497
1.000000000000926
1.000000000001705
1.0000000000031
1.000000000005571
1.000000000009892
1.000000000017355
1.000000000030087
1.000000000051548
1.00000000008729
1.000000000146111
1.000000000241783
1.000000000395603
1.000000000640112
1.000000001024458
1.000000001622036
1.000000002541262
1.000000003940602
1.000000006049351
1.000000009196104
1.000000013847459
1.000000020660245
1.000000030551524
1.000000044791865
1.000000065128898
1.000000093950138
1.000000134496463
1.000000191140625
1.000000269748807
1.000000378147621
1.000000526724157
1.000000729192819
1.000001003569768
1.000001373403864
1.000001869322115
1.000002530957648
1.000003409339094
1.000004569831858
1.000006095733627
1.000008092638465
1.000010693695194
1.000017236232997
1.000022568692944
1.000029417979344
1.000038174675014
1.000049317870309
1.000063431860376
1.000081225121208
1.000103551659697
1.000131434777422
1.000166093215015
1.000208969551847
1.000261760623298
1.000326449584522
1.000405339095701
1.000501084930955
1.000616729123969
1.00075573156252
1.000921998737289
1.001119908145407
1.001354326655487
1.001630620969542
1.001954658180602
1.002332794336588
1.002771848895069
1.003279063004053
1.003862039684038
1.004528664227711
1.005287003484827
1.006145183166175
1.007111242882908
1.008192969331241
1.009397708826753
1.010732161270109
1.012202158562631
1.013812431455313
1.015566369771824
1.017465781853024
1.019510659882437
1.021698958421736
1.024026393966281
1.02648627357919
1.029069360640334
1.031763785423763
1.03455500757403
1.037425836581634
1.040356515068186
1.043324868105684
1.046306519950352
1.049275177523858
1.052202977791027
1.055060893942863
1.057819193084376
1.060447936040773
1.062917508025657
1.065199167349404
1.067265598164332
1.069091452511855
1.070653866704534
1.071932937371348
1.072912143323745
1.073578700745422
1.073923841029357
1.073943002818216
1.073635932366442
1.073006689135846
1.072063556452105
1.070818859971947
1.069288699524557
1.067492602485444
1.065453109117008
1.063195302182733
1.060746294545777
1.058134689353997
1.055390027771749
1.052542239047456
1.049621107030973
1.046655766122947
1.043674238114044
1.040703019533257
1.037766727059077
1.034887806347617
1.03208630739029
1.029379727318939
1.026782919508856
1.024308065959053
1.021964708310402
1.019759831536146
1.017697993330929
1.015781491543053
1.014010561635047
1.012383596101572
1.010897377992352
1.009547321143653
1.00832771037185
1.007231935680257
1.006252715428791
1.005382304369368
1.004612683416228
1.003935728962139
1.003343360437305
1.002827665612932
1.002381003857591
1.001996088150301
1.001666047134313
1.001384468860011
1.001145428118967
1.000943499422569
1.000773757738911
1.000631769083982
1.000513572981428
1.000415658673534
1.000334936798108
1.000268708054284
1.000214630176135
1.000170684326047
1.000135141817893
1.000106531889406
1.000083611068259
1.000065334520146
1.000050829631393
1.000039371963633
1.000030363623612
1.000023314015984
1.000017822889475
1.000013565545025
1.000010280046392
1.000007756256985
1.000005826519393
1.000004357794088
1.00000324507948
1.000002405945163
1.000001776022662
1.000001305311971
1.000000955176953
1.000000695917425
1.00000050482008
1.00000036460385
1.000000262187685
1.000000187719953
1.000000133818576
1.000000094979724
1.000000067120421
1.000000047226791
1.000000033085137
1.000000023077509
1.000000016027182
1.000000011082518
1.000000007630158
1.0000000052305
1.00000000357
1.000000002426104
1.000000001641602
1.000000001105971
1.000000000741888
1.00000000049551
1.000000000329524
1.000000000218194
1.000000000143854
1.000000000094432
1.000000000061723
1.000000000040169
1.00000000002603
1.000000000016795
1.00000000001079
1.000000000006902
1.000000000004396
1.000000000002788
1.00000000000176
1.000000000001106
1.000000000000693
1.000000000000431
1.000000000000268
1.000000000000165
1.000000000000102
1.000000000000062
1.000000000000038
1.000000000000022
1.000000000000013
1.000000000000007
1.000000000000003
1.000000000000001
1
1
1
1
1
1
1
1
1
1
1
1
1
1
1
1
1
1
1
1
1
1
1
1
1
1
1.000000000000002
1.000000000000006
1.000000000000011
1.000000000000023
1.000000000000045
1.000000000000088
1.000000000000169
1.000000000000323
1.000000000000609
1.000000000001135
1.000000000002089
1.000000000003799
1.000000000006827
1.000000000012122
1.000000000021267
1.00000000003687
1.00000000006317
1.000000000106969
1.00000000017905
1.00000000029629
1.000000000484785
1.000000000784412
1.000000001255397
1.00000000198768
1.000000003114114
1.000000004828882
1.000000007412966
1.000000011269023
1.000000016968825
1.000000025317247
1.000000037438057
1.000000054888204
1.000000079809228
1.000000115126778
1.00000016481221
1.000000234223869
1.000000330550135
1.000000463381685
1.00000064544678
1.000000893550941
1.000001229771013
1.000001682963557
1.000002290658616
1.000003101422225
1.000004177784335
1.000005599842999
1.00000746967026
1.000009916659845
1.000013103970709
1.000021028432652
1.000027534095122
1.000035890300774
1.000046573563842
1.000060168378343
1.000077387588793
1.000099095541093
1.000126334129677
1.000160351789428
1.000202635391908
1.000254944893064
1.000319350442408
1.000398271500889
1.000494517327001
1.000611327979718
1.000752414756227
1.000921998737289
1.00112484586081
1.001366296694158
1.001652288839451
1.001989369697019
1.002384697145576
1.002846025589961
1.003381674795715
1.004000478991368
1.004711713890188
1.005524999577416
1.006450177637343
1.007497161463626
1.008675759406686
1.009995471258395
1.011465259543254
1.013093298155847
1.014886702027098
1.016851242679325
1.018991055697559
1.02130834725114
1.023803107790127
1.026472841857995
1.029312323548889
1.032313387440799
1.035464764809086
1.038751974530858
1.04215727730617
1.04565970063835
1.049235140442401
1.052856543215213
1.056494170451777
1.060115944493397
1.063687872329836
1.067174541144106
1.070539676693293
1.073746753073887
1.076759640138863
1.079543272923816
1.082064325997972
1.084291874763575
1.086198025443738
1.087758495859274
1.088953130106676
1.089766331890804
1.090187403486947
1.090210780030696
1.089836151959942
1.089068471841415
1.087917845371188
1.086399309903903
1.084532507298244
1.08234126103172
1.07985307031461
1.077098536217512
1.074110736539733
1.070924567233027
1.067576068632357
1.064101754536314
1.060537961356353
1.056920233173167
1.053282756678863
1.049657857740385
1.046075568799867
1.042563273643881
1.039145433338988
1.035843394453439
1.032675278162521
1.0296559465524
1.026797040462367
1.024107081587565
1.021591630334082
1.019253490086925
1.017092948112617
1.015108043249859
1.013294850808348
1.011647775652068
1.010159845236312
1.008822995340884
1.007628342337903
1.006566436995761
1.005627495999623
1.004801608517826
1.004078916224313
1.003449766169458
1.002904836753225
1.002435237781462
1.002032586171771
1.001689059320033
1.001397428448084
1.001151074437718
1.000943988729725
1.000770761845129
1.00062656198606
1.00050710601309
1.000408624890943
1.000327825460677
1.000261850147386
1.000208235960002
1.000164873893452
1.000129969610846
1.000102006069973
1.000079708567869
1.000062012511488
1.000048034082325
1.00003704384749
1.000028443278041
1.000021744065233
1.000016550074397
1.000012541741809
1.00000946269959
1.000007108404683
1.000005316548036
1.000003959027036
1.000002935276044
1.000002166765086
1.000001592493804
1.000001165325833
1.000000849026728
1.000000615886083
1.000000444820856
1.000000319872059
1.00000022902062
1.000000163260337
1.00000011587649
1.000000081887808
1.000000057617334
1.000000040364337
1.000000028154899
1.000000019553405
1.000000013520845
1.000000009308916
1.000000006381297
1.000000004355461
1.00000000295989
1.000000002002783
1.000000001349306
1.000000000905118
1.000000000604532
1.000000000402026
1.000000000266202
1.000000000175504
1.00000000011521
1.000000000075303
1.000000000049008
1.000000000031757
1.00000000002049
1.000000000013163
1.00000000000842
1.000000000005363
1.000000000003401
1.000000000002148
1.00000000000135
1.000000000000845
1.000000000000526
1.000000000000327
1.000000000000202
1.000000000000124
1.000000000000075
1.000000000000046
1.000000000000027
1.000000000000016
1.000000000000009
1.000000000000004
1.000000000000001
1
1
1
1
1
1
1
1
1
1
1
1
1
1
1
1
1
1
1
1
1
1
1
1
1
1.000000000000001
1.000000000000003
1.000000000000007
1.000000000000014
1.000000000000028
1.000000000000055
1.000000000000107
1.000000000000206
1.000000000000394
1.000000000000743
1.000000000001384
1.000000000002548
1.000000000004635
1.00000000000833
1.00000000001479
1.000000000025948
1.000000000044984
1.000000000077072
1.000000000130509
1.000000000218452
1.000000000361491
1.000000000591464
1.000000000957022
1.000000001531643
1.000000002425056
1.000000003799345
1.000000005891421
1.000000009044083
1.000000013748586
1.000000020702502
1.000000030887794
1.000000045675481
1.00000006696507
1.000000097369276
1.000000140457439
1.000000201074679
1.000000285758257
1.000000403278107
1.000000565334991
1.000000787457566
1.000001090148791
1.000001500342702
1.000002053244662
1.000002794641774
1.000003783785159
1.000005096962053
1.000006831892935
1.000009113106749
1.000012098465124
1.00001598702354
1.000025542340831
1.000033444480807
1.000043594390629
1.000056570869514
1.000073083874428
1.000093999263359
1.000120366915521
1.000153452369489
1.000194772038191
1.000246131951605
1.000309669841534
1.00038790021618
1.000483761874581
1.000600667082939
1.000742551378718
1.000913922688189
1.001119908145407
1.001366296694158
1.001659575250738
1.00200695591838
1.002416391490223
1.002896576275346
1.003456929151528
1.004107555710072
1.00485918643284
1.005723088049211
1.006710945578105
1.007834713080494
1.009106431839004
1.010538015544158
1.012141003094827
1.01392628079747
1.015903777049101
1.018082133976957
1.020468361938071
1.023067484199959
1.025882180467787
1.028912439126414
1.032155229058104
1.035604202609342
1.039249441648451
1.043077258622886
1.047070064046691
1.051206310895581
1.055460524949494
1.05980342821124
1.064202160179401
1.068620599021157
1.073019781656308
1.077358418527872
1.081593495514728
1.085680952167894
1.089576422360888
1.093236020673691
1.096617155509938
1.099679348196094
1.102385036227481
1.104700338481793
1.106595760658524
1.10804682043155
1.109034573795789
1.109546026786754
1.109574420060218
1.109119377616065
1.108186915090033
1.106789307357571
1.104944819524673
1.102677309550119
1.100015714588626
1.096993436517161
1.093647644881729
1.090018517582296
1.086148440934239
1.082081191275686
1.077861120036182
1.073532363181908
1.069138094275472
1.064719838129377
1.060316859307656
1.055965636669453
1.051699431888609
1.047547956561749
1.043537139265115
1.039688990856568
1.036021563546619
1.032548996863452
1.029281641671836
1.026226251911546
1.023386232711108
1.020761932999738
1.018350970657337
1.01614857856636
1.014147960604935
1.012340647583782
1.010716844311563
1.009265760304505
1.007975918068956
1.006835434317376
1.005832270873871
1.004954453338147
1.004190256769828
1.003528358701551
1.002957960672201
1.002468880182942
1.002051615518808
1.001697386254427
1.001398152486795
1.001146615927322
1.0009362059592
1.000761053645018
1.00061595647445
1.000496336392974
1.000398193368534
1.000318056450583
1.000252933969277
1.000200264223382
1.000157867722966
1.000123901793743
1.00009681811851
1.000075323589855
1.000058344677982
1.000044995377442
1.00003454868516
1.000026411476949
1.000020102587801
1.000015233859576
1.000011493894939
1.000008634245564
1.000006457762655
1.000004808846265
1.000003565344243
1.00000263187006
1.00000193432955
1.00000141546845
1.000001031274527
1.000000748089281
1.000000540304146
1.000000388534499
1.000000278181339
1.000000198305257
1.000000140750196
1.000000099465636
1.000000069985347
1.000000049028876
1.000000034198594
1.000000023750723
1.000000016423225
1.000000011307169
1.00000000775111
1.00000000529041
1.000000003595265
1.000000002432705
1.000000001638951
1.000000001099413
1.000000000734304
1.000000000488327
1.000000000323346
1.000000000213179
1.000000000139941
1.000000000091468
1.000000000059528
1.000000000038574
1.000000000024889
1.000000000015989
1.000000000010228
1.000000000006514
1.000000000004131
1.000000000002608
1.00000000000164
1.000000000001027
1.000000000000639
1.000000000000397
1.000000000000245
1.000000000000151
1.000000000000092
1.000000000000056
1.000000000000034
1.00000000000002
1.000000000000011
1.000000000000006
1.000000000000002
1
1
1
1
1
1
1
1
1
1
1
1
1
1
1
1
1
1
1
1
1
1
1
1
1
1.000000000000001
1.000000000000004
1.000000000000008
1.000000000000017
1.000000000000034
1.000000000000066
1.00000000000013
1.000000000000251
1.000000000000478
1.000000000000902
1.000000000001682
1.000000000003096
1.000000000005631
1.000000000010119
1.000000000017967
1.00000000003152
1.000000000054643
1.00000000009362
1.000000000158531
1.000000000265355
1.000000000439103
1.000000000718449
1.000000001162488
1.000000001860472
1.000000002945684
1.000000004615003
1.000000007156199
1.000000010985657
1.00000001670009
1.000000025146812
1.000000037518578
1.000000055480714
1.000000081340479
1.000000118271438
1.000000170609127
1.000000244238719
1.000000347100763
1.000000489847737
1.00000068669207
1.000000956495769
1.000001324162908
1.000001822409105
1.000002493996782
1.000003394541527
1.000004596013054
1.000006191074059
1.0000082984212
1.000011069314125
1.000014695500117
1.000019418762675
1.000030888965803
1.000040445200581
1.000052719710294
1.000068412448037
1.000088381978307
1.000113675399461
1.000145562349914
1.000185573268649
1.000235541981249
1.000297652552031
1.000374490177809
1.000469095697245
1.000585023050745
1.000726398750106
1.000897982107308
1.001105224633037
1.001354326655488
1.001652288839451
1.00200695591838
1.002427049605072
1.002922187339505
1.003502883287597
1.004180527846493
1.004967341865559
1.005876301882749
1.006921032927079
1.00811566587009
1.009474656938471
1.011012567835768
1.012743805964759
1.014682325485232
1.016841291365275
1.019232710156766
1.02186703290429
1.0247527373263
1.027895898122201
1.031299755884491
1.034964296549963
1.038885854524084
1.043056753474483
1.047464999234805
1.052094039220524
1.056922602179751
1.061924630949616
1.067069319150196
1.072321260436785
1.077640716088768
1.082984003408981
1.08830400373785
1.093550784973426
1.098672329473603
1.103615354257636
1.108326206685947
1.112751815446245
1.116840673868534
1.120543830474211
1.123815860353701
1.126615790550776
1.128907953161171
1.13066274133906
1.131857245816048
1.132475752799819
1.132510088120598
1.131959797085082
1.130832154503683
1.129142004581751
1.126911435602577
1.124169299372292
1.120950590046682
1.117295701038651
1.113249582061005
1.108860820875004
1.104180675912333
1.09926208658023
1.094158687752459
1.088923853739235
1.083609795000904
1.078266728138515
1.072942136399432
1.067680134234787
1.062520945503582
1.05750050090138
1.052650156258551
1.047996529647919
1.043561451888749
1.039362022132954
1.035410757843098
1.031715826664628
1.028281346473649
1.02510773923706
1.022192124221457
1.01952873647899
1.017109357355325
1.014923744929648
1.012960053726143
1.011205234646233
1.009645407779436
1.008266202482194
1.00705306080182
1.005991501910196
1.005067346654693
1.004266902599291
1.003577110996612
1.002985657991792
1.002481053012252
1.002052677751935
1.001690809429814
1.001386622110559
1.001132169843522
1.000920355229771
1.00074488679096
1.00060022821283
1.000481542192679
1.000384631254328
1.000305877523254
1.000242183092725
1.000190912270159
1.000149836679466
1.000117083915251
1.000091090201395
1.000070557300507
1.000054413751412
1.000041780377085
1.000031939902416
1.000024310446371
1.000018422602651
1.000013899793078
1.000010441564758
1.000007809502188
1.000005815435593
1.000004311644189
1.000003182775321
1.000002339225563
1.000001711756276
1.000001247142647
1.000000904680814
1.000000653401853
1.000000469863561
1.000000336411083
1.000000239815173
1.000000170212546
1.000000120286187
1.000000084634993
1.000000059291839
1.000000041357225
1.00000002872236
1.000000019861036
1.000000013674061
1.000000009373628
1.000000006397839
1.000000004347855
1.00000000294194
1.000000001982031
1.000000001329554
1.000000000888016
1.000000000590549
1.000000000391032
1.000000000257805
1.000000000169236
1.000000000110616
1.000000000071989
1.000000000046649
1.000000000030099
1.000000000019337
1.000000000012369
1.000000000007878
1.000000000004996
1.000000000003155
1.000000000001984
1.000000000001241
1.000000000000774
1.00000000000048
1.000000000000297
1.000000000000182
1.000000000000112
1.000000000000068
1.000000000000041
1.000000000000024
1.000000000000014
1.000000000000008
1.000000000000004
1.000000000000001
1
1
1
1
1
1
1
1
1
1
1
1
1
1
1
1
1
1
1
1
1
1
1
1
1.000000000000002
1.000000000000005
1.00000000000001
1.00000000000002
1.000000000000041
1.00000000000008
1.000000000000157
1.000000000000303
1.000000000000578
1.000000000001091
1.000000000002033
1.000000000003744
1.00000000000681
1.000000000012238
1.000000000021728
1.00000000003812
1.000000000066085
1.000000000113222
1.000000000191723
1.000000000320912
1.000000000531036
1.000000000868865
1.000000001405865
1.000000002249971
1.00000000356237
1.000000005581153
1.000000008654329
1.000000013285449
1.000000020196135
1.00000003041107
1.000000045372692
1.000000067094925
1.000000098368004
1.000000143029808
1.000000206323423
1.000000295365941
1.000000419760076
1.000000592388143
1.000000830437588
1.000001156718699
1.000001601348575
1.000002203890984
1.000003016059521
1.000004105111383
1.000005558081158
1.000007487027883
1.000010035493998
1.000013386401009
1.000017771632917
1.00002348358348
1.000037190716938
1.000048696533207
1.00006347517966
1.000082369405817
1.000106412930459
1.000136866468431
1.0001752586743
1.0002234322082
1.000283595009628
1.000358376707642
1.000450889897174
1.000564795768534
1.000704373289351
1.000874590806263
1.001081178560597
1.001330700204378
1.001630620969542
1.001989369697019
1.002416391490223
1.002922187339505
1.003518336694466
1.004217498666298
1.005033387351865
1.005980716715377
1.007075110572454
1.00833297352362
1.009771319204647
1.011407552978763
1.013259207202056
1.015343628449908
1.017677617589118
1.020277025294071
1.023156307498733
1.02632804729719
1.029802451887923
1.033586835221673
1.037685098969811
1.042097226181836
1.046818803445485
1.051840588400669
1.057148139994524
1.062721528817189
1.068535144161279
1.0745576130605
1.080751844469546
1.087075208964734
1.093479860922463
1.099913206154016
1.106318513557115
1.112635664633071
1.118802029884567
1.124753456342198
1.13042534596722
1.135753800643337
1.140676806092611
1.145135424501251
1.149074964062845
1.152446093145434
1.155205867426245
1.157318640127031
1.158756828385898
1.159501512729595
1.159542851427419
1.15888029703614
1.157522608472765
1.15548765824273
1.152802040756583
1.149500493739251
1.145625150334453
1.141224644417611
1.136353095671215
1.131069004005566
1.125434084830871
1.119512077459757
1.113367558549568
1.107064791037458
1.100666636579239
1.09423355621396
1.08782272000904
1.081487241984344
1.07527555186736
1.069230910395401
1.06339107014531
1.057788079410296
1.052448222606502
1.047392087199092
1.042634744276509
1.038186027725795
1.034050895491595
1.030229855625497
1.026719439711482
1.023512706724952
1.020599761366426
1.01796827231341
1.015603977555069
1.01349116591261
1.01161312590537
1.009952555207402
1.00849192597139
1.007213803208135
1.006101115146964
1.005137376026168
1.004306863048061
1.003594750269018
1.002987202981161
1.002471436689652
1.002035745116081
1.001669501788581
1.001363139741119
1.00110811366808
1.000896848596204
1.000722678773536
1.000579780061533
1.000463098676015
1.00036827867614
1.000291590164958
1.000229859753755
1.000180404465002
1.00014096991178
1.000109673298472
1.000084951539534
1.000065514589236
1.000050303913037
1.000038455907223
1.000029269983326
1.000022180973119
1.00001673547399
1.000012571738627
1.000009402713127
1.000007001839753
1.000005191261621
1.000003832093288
1.000002816451552
1.000002060972558
1.00000150157321
1.000001089245729
1.000000786703271
1.000000565721226
1.000000405042989
1.000000288740433
1.000000204938071
1.000000144826143
1.000000101901671
1.000000071388196
1.000000049794689
1.000000034582144
1.000000023912988
1.000000016463782
1.000000011285998
1.000000007703103
1.000000005234892
1.000000003542148
1.000000002386402
1.000000001600807
1.000000001069188
1.000000000711032
1.000000000470811
1.000000000310402
1.000000000203763
1.000000000133184
1.000000000086677
1.000000000056167
1.000000000036239
1.000000000023282
1.000000000014893
1.000000000009486
1.000000000006016
1.000000000003799
1.000000000002388
1.000000000001495
1.000000000000932
1.000000000000578
1.000000000000357
1.00000000000022
1.000000000000134
1.000000000000082
1.000000000000049
1.00000000000003
1.000000000000017
1.00000000000001
1.000000000000005
1.000000000000002
1
1
1
1
1
1
1
1
1
1
1
1
1
1
1
1
1
1
1
1
1
1
1
1.000000000000001
1.000000000000002
1.000000000000006
1.000000000000012
1.000000000000024
1.000000000000049
1.000000000000096
1.000000000000189
1.000000000000365
1.000000000000697
1.000000000001314
1.000000000002449
1.000000000004508
1.0000000000082
1.000000000014735
1.000000000026163
1.000000000045899
1.000000000079571
1.000000000136327
1.000000000230846
1.000000000386397
1.000000000639395
1.000000001046157
1.000000001692727
1.000000002709063
1.000000004289237
1.000000006719919
1.000000010420117
1.000000015996121
1.000000024316777
1.000000036615823
1.000000054629981
1.000000080784055
1.000000118437533
1.000000172211288
1.000000248418078
1.000000355626994
1.000000505399846
1.000000713247129
1.000000999862769
1.000001392710663
1.000001928052193
1.000002653522639
1.000003631385803
1.00000494262015
1.000006692016324
1.000009014494651
1.000012082881768
1.000016117417073
1.000021397291232
1.000028274549176
1.000044581417501
1.000058373702367
1.000076089198931
1.000098738127953
1.000127559628621
1.000164064944505
1.000210086503413
1.000267833137302
1.000339951545036
1.000429593912208
1.000540491364071
1.000677032636657
1.000844347006286
1.001048390119622
1.001296030919332
1.001595137371408
1.001954658180602
1.002384697145576
1.002896576275346
1.003502883287597
1.004217498666298
1.005055597102775
1.006033617916082
1.007169198981557
1.008481068827042
1.009988891918567
1.01171306278104
1.013674445507693
1.015894056418246
1.018392689132032
1.021190483116482
1.024306438825717
1.027757884813588
1.031559904628083
1.035724733790289
1.04026113963604
1.045173799144383
1.050462691976704
1.05612252768246
1.062142227271274
1.068504479993853
1.075185396116988
1.082154275642828
1.089373511259381
1.096798641299901
1.104378565153203
1.112055929464447
1.119767688696826
1.127445838328465
1.135018313311066
1.142410038622429
1.149544113030833
1.156343101794206
1.162730409180666
1.168631697648052
1.17397631746411
1.178698708657252
1.182739736587007
1.18604792318735
1.188580538080819
1.190304517241055
1.191197181590114
1.191246733691301
1.190452517325106
1.188825031960975
1.186385701678482
1.183166405649987
1.17920878457425
1.174563344161506
1.169288382657135
1.16344877423456
1.157114643718956
1.150359970408475
1.143261159686472
1.135895620674988
1.12834038643405
1.120670810283979
1.112959367885357
1.105274589955807
1.097680145160726
1.090234087025765
1.082988272921496
1.075987957494356
1.069271557570554
1.062870580720452
1.056809705484009
1.05110699782817
1.045774245799
1.040817392568884
1.036237047148993
1.03202905189227
1.028185086477647
1.024693289245288
1.021538878433746
1.018704757933051
1.016172094491217
1.013920855777495
1.011930301204806
1.010179419849603
1.008647312098674
1.007313513734671
1.006158262998732
1.005162712709477
1.004309090759238
1.003580813250991
1.002962555195438
1.002440284079165
1.002001261770769
1.001634020186092
1.001328315922319
1.001075068730202
1.000866288259258
1.000694993015082
1.000555124939963
1.000441462492732
1.000349534581582
1.000275537210528
1.000216254247794
1.000168983320447
1.000131467488389
1.000101833053463
1.000078533615031
1.000060300288913
1.000046097857895
1.000035086513977
1.000026588779778
1.000020061153325
1.000015070001481
1.000011271227425
1.000008393252183
1.000006222875369
1.000004593612374
1.000003376141544
1.000002470533021
1.00000179996915
1.000001305703346
1.000000943039127
1.000000678143086
1.000000485534504
1.000000346120004
1.000000245664194
1.000000173606631
1.000000122152056
1.000000085574825
1.000000059690165
1.000000041454513
1.000000028665129
1.000000019735577
1.000000013528833
1.000000009233924
1.000000006275212
1.000000004246075
1.000000002860649
1.000000001918935
1.000000001281668
1.000000000852336
1.000000000564375
1.000000000372089
1.000000000244258
1.000000000159652
1.000000000103902
1.000000000067329
1.000000000043441
1.000000000027908
1.000000000017852
1.000000000011371
1.000000000007211
1.000000000004553
1.000000000002863
1.000000000001792
1.000000000001117
1.000000000000693
1.000000000000428
1.000000000000263
1.000000000000161
1.000000000000098
1.000000000000059
1.000000000000036
1.000000000000021
1.000000000000012
1.000000000000006
1.000000000000002
1
1
1
1
1
1
1
1
1
1
1
1
1
1
1
1
1
1
1
1
1
1
1
1.000000000000001
1.000000000000003
1.000000000000007
1.000000000000015
1.000000000000029
1.000000000000058
1.000000000000116
1.000000000000226
1.000000000000437
1.000000000000835
1.000000000001575
1.000000000002936
1.000000000005405
1.00000000000983
1.000000000017665
1.000000000031364
1.000000000055023
1.000000000095388
1.000000000163425
1.000000000276732
1.000000000463199
1.000000000766484
1.000000001254091
1.000000002029167
1.000000003247498
1.000000005141726
1.00000000805549
1.000000012491073
1.00000001917525
1.000000029149538
1.000000043892856
1.000000065487065
1.000000096838846
1.000000141975317
1.000000206435644
1.000000297787104
1.000000426301693
1.000000605838859
1.000000854991432
1.000001198565744
1.000001669483451
1.000002311211957
1.000003180852818
1.000004353043126
1.000005924853648
1.000008021899323
1.000010805912183
1.000014484063349
1.000019320358588
1.000025649469757
1.000033893400568
1.000053206043869
1.000069666535199
1.000090809203521
1.000117839700627
1.000152236881581
1.000195804345041
1.00025072900767
1.00031964700637
1.000405717051055
1.00051270112555
1.000645052150006
1.00080800787095
1.001007689833492
1.00125120581517
1.001546753567322
1.001903723126288
1.002332794336588
1.002846025589961
1.003456929151528
1.004180527846494
1.005033387351865
1.006033617916082
1.007200839056989
1.008556100708629
1.010121754443227
1.011921268827139
1.013978983713943
1.016319799361735
1.018968797701294
1.021950794879374
1.025289826342702
1.029008568179956
1.03312770114767
1.037665226697256
1.042635747299436
1.048049726316217
1.053912745470228
1.060224780467276
1.066979517395052
1.074163734005411
1.081756770754652
1.08973011640796
1.098047132017588
1.106662935099314
1.115524462837054
1.124570729164569
1.133733285677101
1.142936890634078
1.152100383993357
1.161137759677157
1.169959419354455
1.178473585205152
1.186587842692485
1.194210778598298
1.201253674743507
1.207632214168972
1.213268154294304
1.218090920855047
1.222039077330639
1.225061627135093
1.227119109995271
1.228184459561205
1.228243596184413
1.227295736708919
1.225353411742577
1.222442189875881
1.218600117336195
1.213876890250506
1.208332784699122
1.202037376768103
1.195068090588743
1.187508616685716
1.179447245706617
1.170975163711641
1.162184754673201
1.153167953751883
1.144014691421445
1.134811463810385
1.125640058952081
1.116576462260154
1.107689957755685
1.099042434654111
1.090687902145145
1.082672208817217
1.075032957402618
1.067799600522634
1.060993699018796
1.054629321343699
1.048713560381497
1.043247142958038
1.038225107127677
1.033637522998643
1.02947023426598
1.025705599627429
1.022323215719829
1.01930060598659
1.016613862829604
1.014238233381592
1.012148642141827
1.010320146452748
1.008728323280039
1.007349587938688
1.006161447246543
1.005142691068653
1.004273527340626
1.003535666442128
1.002912361258848
1.002388409457397
1.00195012444299
1.001585281217516
1.001283042949204
1.001033873546668
1.000829440938483
1.000662515129396
1.000526864465435
1.000417152917002
1.000328840600553
1.000258089219586
1.000201673623561
1.000156900264184
1.000121532973643
1.000093726197706
1.000071965584478
1.000055015652188
1.00004187413045
1.000031732482576
1.000023942065025
1.0000179853574
1.000013451696559
1.000010016965922
1.000007426720942
1.000005482270112
1.000004029274134
1.000002948471416
1.000002148183683
1.000001558299622
1.000001125476059
1.000000809334386
1.000000579464535
1.000000413079437
1.000000293189799
1.000000207192212
1.000000145783384
1.000000102130015
1.000000071237766
1.000000049474278
1.00000003421068
1.000000023553626
1.000000016146131
1.000000011020329
1.000000007489225
1.000000005067529
1.000000003414078
1.000000002290178
1.000000001529624
1.000000001017233
1.000000000673562
1.000000000444075
1.000000000291513
1.00000000019054
1.000000000124004
1.000000000080355
1.000000000051846
1.000000000033308
1.000000000021306
1.00000000001357
1.000000000008606
1.000000000005435
1.000000000003417
1.000000000002139
1.000000000001333
1.000000000000828
1.000000000000511
1.000000000000314
1.000000000000192
1.000000000000117
1.000000000000071
1.000000000000043
1.000000000000025
1.000000000000014
1.000000000000008
1.000000000000003
1.000000000000001
1
1
1
1
1
1
1
1
1
1
1
1
1
1
1
1
1
1
1
1
1
1
1.000000000000001
1.000000000000004
1.000000000000008
1.000000000000017
1.000000000000035
1.00000000000007
1.000000000000138
1.00000000000027
1.000000000000522
1.000000000000997
1.00000000000188
1.000000000003504
1.00000000000645
1.000000000011732
1.000000000021083
1.000000000037433
1.000000000065671
1.000000000113847
1.000000000195049
1.000000000330281
1.000000000552828
1.000000000914795
1.000000001496747
1.000000002421788
1.000000003875844
1.000000006136564
1.000000009614074
1.000000014907829
1.000000022885213
1.000000034789238
1.000000052384943
1.00000007815695
1.000000115574277
1.000000169443134
1.000000246374301
1.000000355399025
1.000000508776527
1.000000723047498
1.000001020401722
1.000001430444537
1.000001992466567
1.000002758344333
1.000003796226121
1.000005195188104
1.00000707108005
1.000009573817922
1.000012896421802
1.00001728614126
1.000023058055423
1.000030611580139
1.000040450357789
1.00006322014294
1.000082778699458
1.000107900669703
1.000140018620766
1.000180889742168
1.000232657086442
1.000297919167647
1.000379808266867
1.000482077590439
1.000609197159305
1.00076645797002
1.000960083555498
1.001197347584363
1.001486695573433
1.00183786815379
1.002262022637486
1.002771848895069
1.003381674795715
1.004107555710072
1.004967341865559
1.005980716715377
1.007169198981557
1.008556100708629
1.010166433569508
1.012026755850411
1.014164953055393
1.016609945955643
1.019391321196503
1.022538881285742
1.026082112922543
1.030049575170961
1.034468211894748
1.039362596088893
1.044754117178621
1.050660125896404
1.057093054857231
1.064059536279108
1.071559541273335
1.079585567585283
1.088121904430253
1.097144003980378
1.106617988977378
1.116500324761874
1.126737681651316
1.137267010040283
1.14801584586679
1.158902858270609
1.169838644506722
1.180726769666775
1.191465040752481
1.201946996428085
1.212063585675972
1.221705000928959
1.230762624394519
1.239131040544559
1.246710063410743
1.2534067246428
1.259137167435201
1.263828392511183
1.267419805394347
1.269864519132612
1.271130373316512
1.271200638422356
1.270074383908013
1.267766498734817
1.264307363682549
1.25974218554284
1.254130013596241
1.247542468294842
1.240062220419975
1.231781265852949
1.222799046245657
1.21322046914678
1.20315388245347
1.192709057429935
1.181995232058799
1.171119262339917
1.160183923560562
1.149286396817247
1.13851696849416
1.127957962335295
1.117682915526342
1.107756002152934
1.098231699818913
1.089154688345972
1.08055996353871
1.072473144135602
1.064910946367908
1.057881798049298
1.051386562799932
1.045419344803246
1.039968345295512
1.035016743660289
1.030543578383766
1.026524606052656
1.022933119871153
1.019740712670143
1.01691797292583
1.014435105759009
1.012262474135421
1.010371058440445
1.008732835191529
1.007321077836952
1.006110584350101
1.005077837665145
1.004201105930204
1.003460490109276
1.002837926685298
1.002317153151908
1.001883643681665
1.001524521875664
1.001228456883458
1.000985548479231
1.000787205931531
1.0006260247448
1.000495664610476
1.000390731206204
1.000306663840195
1.000239630364952
1.000186430286485
1.00014440657352
1.00011136632461
1.000085510175302
1.00006537011664
1.000049755243137
1.000037704845122
1.000028448199152
1.000021370383293
1.000015983444225
1.000011902263919
1.000008824509206
1.000006514093122
1.000004787628362
1.000003503407236
1.000002552496783
1.000001851590093
1.0000013373043
1.000000961661154
1.000000688527113
1.000000490826352
1.000000348372018
1.000000246188609
1.000000173221851
1.000000121352345
1.000000084645758
1.000000058786082
1.000000040649658
1.000000027986791
1.000000019185095
1.000000013094539
1.000000008898826
1.000000006021327
1.000000004056669
1.000000002721232
1.000000001817529
1.000000001208696
1.00000000080034
1.000000000527659
1.000000000346382
1.000000000226403
1.000000000147344
1.000000000095479
1.000000000061605
1.000000000039577
1.000000000025317
1.000000000016125
1.000000000010226
1.000000000006458
1.000000000004061
1.000000000002542
1.000000000001584
1.000000000000983
1.000000000000608
1.000000000000373
1.000000000000229
1.000000000000139
1.000000000000085
1.000000000000051
1.00000000000003
1.000000000000017
1.00000000000001
1.000000000000005
1.000000000000002
1
1
1
1
1
1
1
1
1
1
1
1
1
1
1
1
1
1
1
1
1
1
1.000000000000002
1.000000000000005
1.00000000000001
1.000000000000021
1.000000000000042
1.000000000000083
1.000000000000164
1.000000000000321
1.000000000000621
1.000000000001184
1.000000000002234
1.000000000004163
1.000000000007665
1.000000000013942
1.000000000025053
1.000000000044481
1.000000000078035
1.000000000135281
1.00000000023177
1.000000000392459
1.0000000006569
1.000000001087005
1.000000001778505
1.000000002877675
1.000000004605435
1.000000007291699
1.000000011423786
1.000000017713983
1.000000027192933
1.00000004133761
1.000000062245267
1.000000092868179
1.000000137328295
1.000000201336436
1.000000292747645
1.000000422292996
1.000000604539087
1.000000859139823
1.000001212461433
1.000001699681409
1.000002367485422
1.000003277513864
1.000004510741432
1.000006173009583
1.000008401972468
1.000011375762062
1.000015323727119
1.000020539652432
1.000027397918564
1.000036373115798
1.000048063677381
1.000074788880613
1.000097926457626
1.000127645490606
1.000165640688632
1.000213990784701
1.00027523098244
1.000352435290109
1.000449309154814
1.000570292569367
1.000720673507899
1.000906711146715
1.001135767838889
1.001416448232427
1.00175874325417
1.002174175931547
1.002675945203982
1.003279063004053
1.004000478991368
1.00485918643284
1.005876301882749
1.007075110572454
1.008481068827042
1.010121754443227
1.012026755850411
1.014227491095978
1.016756948303636
1.019649340300057
1.022939667628527
1.026663186191912
1.030854778293977
1.03554822885801
1.040775412047848
1.046565397323815
1.052943488030093
1.059930209797556
1.067540270198072
1.075781515021662
1.084653910070398
1.094148580268496
1.104246939974701
1.114919949461207
1.126127532427334
1.137818188015454
1.149928828006357
1.16238486566189
1.175100577087007
1.187979749101226
1.200916619609086
1.213797107574699
1.226500320231052
1.238900315434339
1.250868087487826
1.262273735709271
1.272988766902726
1.28288847610317
1.291854344835942
1.299776392959399
1.306555419151346
1.312105066381582
1.316353652310715
1.319245710392849
1.32074319535883
1.320826316443585
1.319493972837921
1.31676377796572
1.312671671837582
1.307271133411778
1.300632017101549
1.292839048825923
1.283990026876292
1.274193780996281
1.263567949163472
1.252236635428599
1.240328013722455
1.227971941797312
1.215297646541089
1.202431536991736
1.189495194765485
1.17660358363499
1.163863511031956
1.151372364704591
1.139217138034932
1.1274737479987
1.11620664077977
1.105468671933428
1.095301240968767
1.085734654467104
1.076788687478054
1.06847330997833
1.060789543617933
1.053730413735304
1.047281962571559
1.041424291591925
1.0361326036426
1.031378219132272
1.027129544325297
1.023352973970042
1.020013714678368
1.017076519558368
1.014506328446168
1.012268811575819
1.010330817590363
1.008660729382203
1.007228733333684
1.006007009110071
1.004969848257541
1.004093710515551
1.003357227014543
1.002741159453246
1.002228323995171
1.001803488052773
1.001453247398903
1.001165890213706
1.000931253789368
1.000740578717241
1.000586364505869
1.000462229751268
1.000362779221913
1.000283479543283
1.000220544577543
1.000170831095171
1.000131744925356
1.000101157445747
1.000077332022677
1.000058859831831
1.000044604367193
1.000033653873705
1.000025280907252
1.000018908225773
1.000014080239894
1.000010439293565
1.000007706099071
1.000005663711656
1.000004144492982
1.000003019576766
1.000002190411996
1.000001582017542
1.000001137635732
1.000000814521025
1.000000580643045
1.000000412120987
1.000000291239002
1.000000204920013
1.000000143558857
1.000000100135287
1.000000069543508
1.000000048088265
1.000000033108192
1.00000002269585
1.000000015490765
1.000000010527264
1.000000007123201
1.000000004799022
1.000000003219207
1.00000000215013
1.000000001429884
1.0000000009468
1.00000000062422
1.00000000040977
1.000000000267835
1.000000000174308
1.000000000112952
1.000000000072879
1.00000000004682
1.00000000002995
1.000000000019076
1.000000000012098
1.000000000007639
1.000000000004803
1.000000000003007
1.000000000001874
1.000000000001163
1.000000000000719
1.000000000000442
1.000000000000271
1.000000000000165
1.0000000000001
1.00000000000006
1.000000000000036
1.000000000000021
1.000000000000012
1.000000000000006
1.000000000000002
1
1
1
1
1
1
1
1
1
1
1
1
1
1
1
1
1
1
1
1
1
1
1.000000000000002
1.000000000000006
1.000000000000012
1.000000000000024
1.000000000000049
1.000000000000098
1.000000000000194
1.00000000000038
1.000000000000734
1.000000000001401
1.000000000002643
1.000000000004926
1.000000000009068
1.000000000016493
1.000000000029639
1.000000000052623
1.000000000092319
1.000000000160043
1.000000000274192
1.000000000464292
1.000000000777133
1.000000001285956
1.000000002104013
1.000000003404347
1.00000000544831
1.000000008626189
1.000000013514484
1.000000020955829
1.000000032169477
1.000000048902682
1.000000073636489
1.000000109863429
1.000000162459748
1.000000238181322
1.00000034632062
1.000000499572439
1.000000715168969
1.000001016360642
1.000001434338512
1.000002010717274
1.000002800725699
1.000003877283836
1.00000533618403
1.000007302635738
1.000009939482493
1.000013457452644
1.000018127863403
1.000024298259067
1.000032411527759
1.000043029104477
1.0000568589289
1.000088085677455
1.000115336880483
1.000150339647641
1.000195089986116
1.000252036201248
1.000324164223196
1.000415094578702
1.000529191494274
1.000671684333883
1.000848801201677
1.001067914069604
1.001337694215023
1.001668276071871
1.002071426812618
1.002560718094771
1.003151695439593
1.003862039684038
1.004711713890188
1.005723088049211
1.006921032927079
1.00833297352362
1.009988891918567
1.011921268827139
1.014164953055393
1.016756948303636
1.019736107482027
1.023142725934929
1.027018026764945
1.031403533830831
1.036340330969548
1.041868209537611
1.048024710425819
1.054844071185713
1.062356093692598
1.07058495270205
1.079547970546848
1.089254387856384
1.099704164329296
1.110886847012248
1.122780545995357
1.135351058704613
1.148551183858556
1.162320264506696
1.176583996280809
1.191254532032524
1.206230907440078
1.221399804061471
1.236636656888465
1.25180710299188
1.266768756689766
1.281373285221523
1.295468747621071
1.308902148822659
1.321522151477241
1.333181879957484
1.34374174499148
1.35307221362755
1.36105644804541
1.367592738238684
1.372596657831161
1.376002879164475
1.377766593098277
1.377864490373027
1.376295274478735
1.373079690248421
1.368260067294195
1.361899392337911
1.354079938867014
1.344901495805787
1.334479248523007
1.322941375066791
1.310426427691385
1.297080574295192
1.283054776220365
1.268501977988644
1.253574381098959
1.238420868228419
1.223184636388711
1.208001088193976
1.19299601984159
1.178284133166189
1.163967887673022
1.150136697241283
1.136866465622787
1.124219445300108
1.112244395995772
1.100977012347775
1.090440585113547
1.080646856782331
1.071597030638085
1.063282892028728
1.055688001714742
1.048788923499783
1.042556451667428
1.036956807824568
1.031952781342581
1.027504792459467
1.023571862043833
1.020112476834294
1.017085343494862
1.014450028941165
1.012167488001136
1.01020048251844
1.008513898459985
1.007074969451228
1.005853416459114
1.004821514115941
1.003954094485588
1.003228498983163
1.002624488741471
1.002124123044963
1.001711614593491
1.0013731693788
1.001096817913574
1.000872243495235
1.000690612155056
1.000544407968832
1.000427276511593
1.000333878440748
1.000259754497996
1.000201202632949
1.000155167468484
1.000119141943616
1.000091080675902
1.000069324371984
1.000052534471043
1.000039637120701
1.000029775547362
1.000022269883269
1.000016583541476
1.000012295279525
1.000009076156087
1.00000667065651
1.000004881338561
1.000003556425203
1.000002579844318
1.000001863284083
1.000001339896019
1.000000959334954
1.000000683875899
1.000000485392327
1.000000343018718
1.00000024135304
1.000000169082442
1.000000117938551
1.000000081907819
1.000000056638013
1.000000038994603
1.000000026731027
1.00000001824493
1.000000012398952
1.000000008389669
1.000000005652265
1.000000003791569
1.000000002532415
1.000000001684113
1.000000001115138
1.000000000735205
1.000000000482626
1.000000000315455
1.0000000002053
1.000000000133035
1.000000000085836
1.000000000055144
1.000000000035275
1.000000000022468
1.000000000014249
1.000000000008998
1.000000000005657
1.000000000003542
1.000000000002208
1.00000000000137
1.000000000000847
1.000000000000521
1.000000000000319
1.000000000000195
1.000000000000118
1.000000000000071
1.000000000000043
1.000000000000025
1.000000000000014
1.000000000000008
1.000000000000004
1.000000000000001
1
1
1
1
1
1
1
1
1
1
1
1
1
1
1
1
1
1
1
1
1.000000000000001
1.000000000000003
1.000000000000007
1.000000000000014
1.000000000000029
1.000000000000058
1.000000000000115
1.000000000000228
1.000000000000447
1.000000000000864
1.00000000000165
1.000000000003113
1.000000000005802
1.000000000010681
1.000000000019427
1.00000000003491
1.000000000061982
1.000000000108737
1.000000000188505
1.000000000322954
1.000000000546858
1.00000000091533
1.000000001514632
1.000000002478152
1.000000004009705
1.000000006417109
1.000000010160045
1.000000015917517
1.000000024681978
1.000000037889462
1.00000005759788
1.000000086729399
1.000000129397508
1.000000191345427
1.000000280530188
1.000000407896408
1.000000588395935
1.000000842324728
1.000001197066972
1.000001689359253
1.000002368215024
1.000003298682259
1.000004566645553
1.000006284928249
1.000008601000854
1.000011706658878
1.000015850096031
1.000021350866886
1.000028618305377
1.000038174040246
1.000050679323285
1.000066967957659
1.000103290393125
1.000135245469858
1.000176290111796
1.000228764855684
1.000295540606849
1.000380118693869
1.000486744578351
1.000620535790082
1.000787624325702
1.000995313312143
1.001252247184222
1.001568593951784
1.001956237332612
1.002428975605262
1.003002723000036
1.003695708313459
1.004528664227711
1.005524999577416
1.006710945578105
1.00811566587009
1.009771319204647
1.01171306278104
1.013978983713942
1.016609945955643
1.019649340300057
1.023142725934929
1.027137353453796
1.031681561343336
1.036824040756415
1.042612966870816
1.049094999290488
1.056314158705606
1.064310592286046
1.073119245895542
1.082768466997161
1.093278567854837
1.104660384070842
1.116913868363864
1.130026763505235
1.143973401212628
1.158713675289547
1.174192237166398
1.190337960064298
1.207063714149286
1.224266489231065
1.241827893832349
1.259615049950148
1.277481891781073
1.295270864412642
1.312815005397567
1.329940378703406
1.346468817291289
1.362220918077963
1.377019221830419
1.390691501161616
1.403074072715648
1.41401504524784
1.423377413913268
1.431041912847436
1.43690954309171
1.440903700978097
1.442971842997134
1.44308663655106
1.441246561347562
1.437475942928908
1.431824417302088
1.424365843147369
1.415196694943191
1.404433985893649
1.392212783183109
1.378683389304183
1.364008271617443
1.348358827642029
1.331912075723342
1.314847359697239
1.297343152125628
1.279574033896156
1.261707918844492
1.243903581039977
1.22630852999896
1.209057265908746
1.192269933513753
1.176051380164151
1.160490611138367
1.145660624139205
1.131618595162934
1.118406379994741
1.106051289541286
1.094567093127955
1.083955201733261
1.074205982797199
1.065300159550344
1.057210250542248
1.049902008942505
1.043335825967795
1.037468068171282
1.032252324043682
1.027640541165344
1.023584040792054
1.020034402065683
1.016944212865188
1.014267688545224
1.011961163379751
1.009983462404512
1.008296163536081
1.006863761365058
1.005653744927892
1.004636602123191
1.00378576333237
1.003077496314764
1.002490763658434
1.002007053061456
1.001610189569997
1.001286137676328
1.001022799939784
1.000809817583911
1.000638377380631
1.000501028084155
1.000391508741564
1.000304590393112
1.000235931986529
1.000181950763326
1.00013970692453
1.000106802038836
1.000081290405864
1.000061602418614
1.000046478869208
1.000034915098002
1.0000261138865
1.000019446028403
1.00001441757127
1.000010642795697
1.000007822082996
1.000005723910672
1.000004170303618
1.000003025154621
1.000002184908418
1.000001571177859
1.000001124927711
1.000000801921289
1.000000569177144
1.000000402228158
1.000000283013748
1.000000198268346
1.000000138296369
1.000000096046264
1.000000066414553
1.000000045725649
1.000000031345207
1.000000021394288
1.000000014539209
1.000000009837863
1.000000006627941
1.000000004446059
1.000000002969554
1.000000001974821
1.000000001307632
1.000000000862115
1.000000000565937
1.000000000369909
1.000000000240739
1.000000000156
1.000000000100653
1.000000000064664
1.000000000041364
1.000000000026346
1.000000000016708
1.000000000010551
1.000000000006634
1.000000000004153
1.000000000002589
1.000000000001607
1.000000000000993
1.000000000000611
1.000000000000374
1.000000000000228
1.000000000000138
1.000000000000084
1.00000000000005
1.00000000000003
1.000000000000017
1.00000000000001
1.000000000000004
1.000000000000002
1
1
1
1
1
1
1
1
1
1
1
1
1
1
1
1
1
1
1
1
1.000000000000001
1.000000000000004
1.000000000000008
1.000000000000017
1.000000000000033
1.000000000000068
1.000000000000135
1.000000000000268
1.000000000000524
1.000000000001013
1.000000000001935
1.000000000003651
1.000000000006803
1.000000000012526
1.000000000022782
1.000000000040938
1.000000000072684
1.000000000127512
1.000000000221053
1.000000000378714
1.000000000641274
1.00000000107336
1.000000001776126
1.000000002905987
1.000000004701939
1.00000000752494
1.000000011914023
1.0000000186654
1.000000028942845
1.000000044430279
1.000000067540847
1.000000101701136
1.000000151734694
1.000000224376116
1.000000328955948
1.000000478308019
1.000000689965094
1.000000987726512
1.000001403703364
1.000001980973482
1.000002777010706
1.000003868091154
1.000005354924205
1.000007369807927
1.000010085668039
1.00001372740624
1.000018586057353
1.000025036334684
1.000033558227718
1.000044763403932
1.000059427254123
1.00007852750443
1.000120587029186
1.000157893150758
1.000205810922937
1.000267072812638
1.000345030466699
1.000443771520814
1.00056825235013
1.000724447427244
1.000919515565628
1.00116198281646
1.001461941142525
1.001831261206054
1.002283816674327
1.002835716370428
1.003505539387125
1.004314566959298
1.005287003484827
1.006450177637343
1.007834713080494
1.009474656938471
1.011407552978763
1.013674445507693
1.016319799361735
1.019391321196503
1.022939667628527
1.027018026764945
1.031681561343336
1.036986704160374
1.042990299730556
1.049748590190374
1.05731604831611
1.065744066079973
1.075079513307998
1.085363187555741
1.09662818306951
1.108898213395229
1.122185928542212
1.136491273288612
1.151799937900061
1.168081955897408
1.185290505247789
1.203360969198517
1.222210310714731
1.241736809982955
1.261820207655738
1.282322287490393
1.303087920938565
1.3239465833439
1.344714337080342
1.365196261687498
1.385189295386956
1.404485436907934
1.422875241958125
1.440151535594341
1.456113250795971
1.470569295278538
1.483342343467846
1.494272448930104
1.503220374620116
1.510070544110481
1.514733526376742
1.517147979449355
1.517281993861958
1.515133794749451
1.51073178099197
1.50413390019712
1.495426378757053
1.484721845900738
1.472156908813706
1.457889251819652
1.442094345718941
1.42496186319996
1.406691902474264
1.387491123793081
1.367568902304013
1.347133595985011
1.326389019474776
1.305531203955051
1.284745510377605
1.26420414887976
1.244064141843757
1.224465752374739
1.205531384618701
1.187364947878243
1.170051663394976
1.1536582813427
1.138233666298896
1.123809702407647
1.110402464680162
1.09801360036311
1.086631863913075
1.076234750644812
1.066790177310207
1.058258162411796
1.050592464635102
1.043742144068481
1.03765301754877
1.032268986230581
1.027533220065466
1.02338919007445
1.019781544929725
1.016656833301596
1.013964077594747
1.011655208056054
1.009685368785695
1.008013108957639
1.006600473614421
1.005413008822954
1.004419695854408
1.00359282847941
1.002907846548872
1.002343137855739
1.001879818932174
1.001501504008724
1.001194069914192
1.000945423282619
1.000745275100039
1.000584926400101
1.000457067825111
1.000355594818918
1.000275439413941
1.000212418913541
1.000163101244938
1.000124686355701
1.000094902734701
1.000071917941534
1.000054261911683
1.000040761753344
1.0000304867522
1.000022702340047
1.000016831851025
1.000012424976131
1.000009131924801
1.000006682405511
1.000004868640747
1.000003531731758
1.000002550782648
1.000001834280091
1.000001313303214
1.000000936207742
1.000000664489365
1.000000469583852
1.000000330406302
1.000000231469772
1.000000161455109
1.000000112129945
1.000000077536199
1.000000053382789
1.000000036594234
1.000000024976955
1.000000016973936
1.00000001148531
1.000000007737857
1.000000005190599
1.000000003466839
1.000000002305528
1.000000001526611
1.000000001006487
1.000000000660711
1.000000000431855
1.000000000281054
1.000000000182124
1.000000000117509
1.000000000075493
1.000000000048291
1.000000000030758
1.000000000019507
1.000000000012317
1.000000000007745
1.000000000004849
1.000000000003023
1.000000000001876
1.00000000000116
1.000000000000713
1.000000000000437
1.000000000000267
1.000000000000162
1.000000000000098
1.000000000000059
1.000000000000035
1.00000000000002
1.000000000000012
1.000000000000006
1.000000000000002
1
1
1
1
1
1
1
1
1
1
1
1
1
1
1
1
1
1
1
1
1.000000000000002
1.000000000000004
1.000000000000009
1.000000000000019
1.000000000000039
1.000000000000079
1.000000000000158
1.000000000000313
1.000000000000612
1.000000000001183
1.00000000000226
1.000000000004262
1.000000000007943
1.000000000014624
1.000000000026598
1.000000000047796
1.00000000008486
1.000000000148871
1.000000000258079
1.000000000442148
1.000000000748684
1.000000001253138
1.000000002073606
1.000000003392696
1.000000005489431
1.000000008785216
1.000000013909355
1.000000021791397
1.000000033790008
1.000000051871102
1.000000078851936
1.000000118732918
1.00000017714535
1.000000261951605
1.000000384044718
1.00000055840766
1.000000805509209
1.000001153134102
1.000001638770683
1.000002312710491
1.00000324205177
1.000004515843591
1.000006251659772
1.000008603952502
1.000011774604922
1.000016026179759
1.000021698447143
1.00002922886798
1.000039177808245
1.000052259361843
1.000069378762003
1.000091677458971
1.000140160930526
1.000183522607
1.000239218413391
1.000310424346968
1.000401036088792
1.000515804772694
1.000660491283502
1.000842039858306
1.00106877131392
1.001350595630832
1.001699242875097
1.002128510525055
1.0026545241853
1.003296007419176
1.004074555025332
1.005014902546638
1.006145183166175
1.007497161463626
1.009106431839004
1.011012567835768
1.013259207202056
1.015894056418246
1.018968797701294
1.022538881285742
1.026663186191912
1.031403533830831
1.036824040756415
1.042990299730556
1.049968382058989
1.057823658891107
1.066619444817522
1.076415473557486
1.087266222663517
1.099219111786699
1.112312606893799
1.126574270608242
1.142018806222171
1.158646149528097
1.176439668063885
1.195364531275245
1.215366317120449
1.236369920462075
1.258278825965495
1.280974802994772
1.30431807210803
1.328147982267792
1.352284224984335
1.376528596616934
1.40066730340792
1.424473786068847
1.447712022521632
1.470140249433269
1.491515026221644
1.511595550005401
1.53014811724156
1.546950618187219
1.561796944374308
1.574501187397471
1.58490150971731
1.592863574923666
1.59828343584326
1.601089793679311
1.601245559524371
1.598748670421169
1.593632134860773
1.58596330631444
1.5758424071581
1.563400348227235
1.548795910338233
1.532212372618752
1.513853687716858
1.493940315373619
1.47270483309093
1.450387445539821
1.427231512961214
1.403479213322889
1.379367443793311
1.355124054698377
1.330964494176636
1.307088924954293
1.283679856774923
1.260900319793086
1.238892586395491
1.217777432102141
1.197653910986402
1.178599607889939
1.160671318926182
1.143906103566511
1.128322646062624
1.113922861034225
1.10069367759566
1.088608938172736
1.077631351867847
1.067714447516545
1.058804478064877
1.050842235201318
1.043764740929328
1.037506790623287
1.032002329768358
1.027185653788037
1.022992426909615
1.019360521760023
1.016230686228991
1.013547048039749
1.011257470430779
1.009313774414535
1.007671844309689
1.006291633733794
1.005137089099446
1.004176006992448
1.003379840740041
1.002723470111525
1.002184946535198
1.001745224555765
1.001387888573576
1.001098882265443
1.000866246536608
1.00067987043122
1.000531258158815
1.000413314289946
1.000320148239463
1.000246898387517
1.000189575577021
1.000144925258822
1.000110307216277
1.000083591572106
1.000063069644705
1.000047378161392
1.000035435336548
1.000026387368556
1.000019563988432
1.00001444179397
1.0000106142173
1.000007767093689
1.000005658919541
1.000004105003918
1.000002964827282
1.000002132021987
1.000001526480005
1.000001088174215
1.000000772350321
1.000000545807561
1.000000384038547
1.000000269042497
1.000000187662935
1.000000130331212
1.00000009012213
1.000000062048077
1.000000042534355
1.000000029031323
1.000000019729225
1.000000013349663
1.000000008993909
1.000000006033167
1.000000004029598
1.000000002679776
1.000000001774421
1.000000001169868
1.000000000767963
1.000000000501958
1.000000000326677
1.000000000211688
1.000000000136584
1.000000000087747
1.00000000005613
1.000000000035751
1.000000000022673
1.000000000014317
1.000000000009002
1.000000000005636
1.000000000003513
1.000000000002181
1.000000000001348
1.000000000000829
1.000000000000508
1.00000000000031
1.000000000000188
1.000000000000114
1.000000000000068
1.000000000000041
1.000000000000024
1.000000000000014
1.000000000000008
1.000000000000003
1.000000000000001
1
1
1
1
1
1
1
1
1
1
1
1
1
1
1
1
1
1
1
1.000000000000002
1.000000000000005
1.000000000000011
1.000000000000022
1.000000000000045
1.000000000000091
1.000000000000184
1.000000000000364
1.000000000000712
1.000000000001376
1.000000000002627
1.000000000004954
1.000000000009233
1.000000000016998
1.000000000030917
1.000000000055557
1.000000000098639
1.000000000173044
1.000000000299982
1.000000000513936
1.00000000087024
1.000000001456592
1.00000000241026
1.000000003943499
1.000000006380622
1.000000010211446
1.00000001616743
1.000000025329016
1.000000039275422
1.000000060291685
1.000000091652381
1.000000138007289
1.000000205901819
1.000000304474607
1.000000446386899
1.000000649053765
1.000000936266562
1.000001340320139
1.000001904788072
1.000002688125365
1.000003768321814
1.000005248881132
1.000007266461933
1.000010000587325
1.000013685910371
1.000018627613232
1.000025220617752
1.000033973393673
1.000045537265659
1.000060742239272
1.000080640484905
1.00010655873238
1.000162195478926
1.000212373951883
1.000276825564753
1.000359225600424
1.000464082163494
1.000596893292698
1.000764325515436
1.000974414739831
1.001236789858285
1.001562918750413
1.001966375506679
1.002463126635738
1.003071832763524
1.003814160884297
1.004715100597133
1.005803275982477
1.007111242882908
1.008675759406686
1.010538015544157
1.012743805964759
1.015343628449908
1.018392689132032
1.021950794879374
1.026082112922543
1.030854778293977
1.036340330969548
1.042612966870816
1.049748590190374
1.057823658891107
1.066913820709908
1.077092343523701
1.088428351409255
1.100984885985159
1.114816821437741
1.129968670714058
1.146472329369198
1.164344812089687
1.183586044553869
1.204176779591323
1.226076711128609
1.249222861746776
1.273528319467885
1.298881396350084
1.325145275419628
1.352158203339588
1.379734274079879
1.40766483392826
1.435720520831811
1.463653931790998
1.49120289148158
1.518094274199436
1.544048310435121
1.56878328975751
1.592020554091053
1.613489660740894
1.632933583402308
1.650113812508691
1.66481521408641
1.676850509064648
1.686064242790713
1.692336127160732
1.695583654905995
1.695763906582773
1.692874494921965
1.686953617480409
1.678079215969485
1.666367268134878
1.651969264536786
1.635068946994944
1.615878406878623
1.594633659042706
1.57158982042043
1.547016030669697
1.52119025564137
1.494394112825656
1.466907851581708
1.439005610305685
1.410951058349475
1.382993513201415
1.355364604006084
1.328275531801924
1.301914955764633
1.276447514093262
1.252012968722009
1.228725945435492
1.206676225733098
1.185929534310634
1.166528756539069
1.148495513908405
1.131832022020662
1.116523155188856
1.102538643755911
1.089835334537054
1.078359450905112
1.068048796543947
1.058834855348104
1.050644748917585
1.043403022188553
1.037033236602342
1.031459358550796
1.026606938411508
1.022404082131505
1.01878222292397
1.015676705159431
1.013027195962085
1.010777942408435
1.008877893649572
1.00728070784588
1.005944663636443
1.004832495096461
1.003911167897205
1.003151612802639
1.002528430833433
1.002019582508398
1.001606071626033
1.001271632149216
1.001002424962176
1.000786749623104
1.000614774766265
1.000478289529521
1.000370477301606
1.000285712194237
1.000219377936756
1.000167708349951
1.000127648162853
1.000096732671443
1.000072984581199
1.000054826306357
1.000041005999257
1.000030535636385
1.000022639579043
1.00001671214347
1.00001228284717
1.000008988137004
1.000006548543675
1.000004750341782
1.000003430921299
1.000002467192953
1.000001766455248
1.000001259244425
1.000000893770522
1.000000631613403
1.000000444412949
1.000000311338532
1.000000217165382
1.000000150820591
1.000000104290264
1.000000071802698
1.000000049221224
1.000000033595376
1.000000022830891
1.000000015448392
1.000000010407863
1.000000006981658
1.000000004663105
1.000000003101074
1.000000002053385
1.000000001353788
1.000000000888698
1.000000000580873
1.000000000378036
1.000000000244969
1.000000000158058
1.000000000101542
1.000000000064954
1.000000000041371
1.000000000026237
1.000000000016568
1.000000000010417
1.000000000006522
1.000000000004065
1.000000000002523
1.000000000001559
1.00000000000096
1.000000000000588
1.000000000000359
1.000000000000218
1.000000000000132
1.000000000000079
1.000000000000047
1.000000000000028
1.000000000000016
1.000000000000009
1.000000000000004
1.000000000000001
1
1
1
1
1
1
1
1
1
1
1
1
1
1
1
1
1
1
1
1.000000000000002
1.000000000000006
1.000000000000012
1.000000000000026
1.000000000000052
1.000000000000106
1.000000000000212
1.000000000000421
1.000000000000823
1.000000000001592
1.00000000000304
1.000000000005734
1.000000000010685
1.000000000019672
1.00000000003578
1.000000000064294
1.000000000114151
1.000000000200256
1.000000000347156
1.000000000594751
1.00000000100708
1.000000001685629
1.000000002789246
1.000000004563557
1.000000007383867
1.000000011816999
1.000000018709411
1.000000029311411
1.000000045450494
1.00000006977094
1.000000106062134
1.000000159704865
1.000000238273566
1.000000352343579
1.000000516566647
1.000000751095693
1.000001083462332
1.000001551038511
1.000002204248018
1.000003110735563
1.000004360751691
1.000006074071856
1.000008408838638
1.000011572797733
1.000015837491639
1.000021556079631
1.000029185568374
1.000039314362917
1.000052696180959
1.00007029151085
1.000093317931432
1.00012331074333
1.000186868288116
1.000244679746126
1.000318935513886
1.000413869939533
1.000534676876791
1.000687690696267
1.000880592000463
1.001122639074125
1.001424925500777
1.001800663585845
1.002265492228398
1.00283780666423
1.003539106057153
1.004394353247297
1.005432339091076
1.006686041777959
1.008192969331241
1.009995471258395
1.012141003094827
1.014682325485232
1.017677617589118
1.021190483116482
1.025289826342702
1.030049575170961
1.03554822885801
1.041868209537611
1.049094999290488
1.05731604831611
1.066619444817522
1.077092343523701
1.088819157294125
1.101879524860675
1.116346077274881
1.132282035782538
1.149738684310486
1.168752770124075
1.189343896046609
1.211511976433159
1.235234836350806
1.260466038630976
1.287133026153309
1.315135666480713
1.3443452824654
1.374604245474193
1.405726197364082
1.437496953358062
1.469676120775982
1.501999448585839
1.53418190054272
1.565921421010298
1.596903338273039
1.626805326196846
1.655302822482783
1.682074781487313
1.706809622611507
1.729211222452727
1.749004790983134
1.76594246950099
1.779808491303334
1.790423755017786
1.79764967511637
1.801391193870296
1.80159886320776
1.798269932712567
1.791448410285221
1.781224093594992
1.767730602132533
1.751142470175353
1.731671389107356
1.709561712207107
1.685085355320836
1.658536242054979
1.630224451785088
1.600470232662297
1.569598039940969
1.537930752634098
1.505784209233204
1.473462186704579
1.441251927041265
1.409420293259596
1.378210612882363
1.347840242651628
1.318498864421936
1.290347499771469
1.263518210585544
1.238114435317602
1.214211896257531
1.191860002205362
1.171083663561354
1.151885432944667
1.134247883845513
1.118136142185656
1.103500490604292
1.090278972332441
1.078399930166613
1.067784425791087
1.0583484950336
1.050005205114112
1.042666490155877
1.036244750831614
1.030654212745518
1.025812045807571
1.021639253315423
1.018061344663056
1.015008809546229
1.012417414284343
1.010228342519059
1.00838820320379
1.00684892860639
1.005567584161387
1.004506110580884
1.003631016812504
1.002913040354956
1.002326789229008
1.001850377658054
1.001465065323869
1.001154907996328
1.000906425439823
1.000708290806002
1.000551044250167
1.000426832262536
1.000329173181107
1.000252748537783
1.000193219266178
1.000147065346809
1.000111447160311
1.000084086638368
1.000063166222535
1.000047243641661
1.000035180579991
1.000026083413236
1.000019254324529
1.000014151264253
1.0000103553776
1.000007544683934
1.000005472947091
1.000003952821659
1.000002842494653
1.000002035163285
1.000001450797302
1.000001029728696
1.000000727693032
1.000000512016171
1.000000358698816
1.000000250200267
1.000000173763244
1.000000120154808
1.000000082725283
1.000000056708744
1.000000038705907
1.000000026303935
1.000000017798413
1.000000011991119
1.000000008043719
1.000000005372465
1.000000003572816
1.000000002365751
1.000000001559731
1.00000000102389
1.000000000669238
1.000000000435545
1.000000000282235
1.000000000182102
1.00000000011699
1.000000000074835
1.000000000047665
1.000000000030229
1.000000000019089
1.000000000012002
1.000000000007514
1.000000000004684
1.000000000002907
1.000000000001797
1.000000000001106
1.000000000000677
1.000000000000413
1.000000000000251
1.000000000000152
1.000000000000091
1.000000000000055
1.000000000000032
1.000000000000019
1.00000000000001
1.000000000000005
1.000000000000002
1
1
1
1
1
1
1
1
1
1
1
1
1
1
1
1
1
1
1.000000000000001
1.000000000000003
1.000000000000007
1.000000000000014
1.000000000000029
1.00000000000006
1.000000000000122
1.000000000000245
1.000000000000485
1.000000000000949
1.000000000001834
1.000000000003502
1.000000000006606
1.000000000012311
1.000000000022665
1.000000000041224
1.000000000074078
1.000000000131521
1.000000000230727
1.000000000399978
1.000000000685246
1.00000000116031
1.000000001942095
1.000000003213618
1.000000005257871
1.000000008507255
1.000000013614821
1.000000021555797
1.000000033770696
1.000000052365017
1.000000080385298
1.00000012219738
1.000000184000586
1.000000274521584
1.000000405944449
1.000000595149757
1.000000865356094
1.000001248283179
1.000001786987957
1.000002539564632
1.000003583947943
1.000005024117199
1.000006998067871
1.000009687998835
1.000013333257551
1.000018246692808
1.000024835185405
1.000033625260362
1.000045294828833
1.000060712261222
1.000080984151549
1.000107513291645
1.000142068525323
1.000214346927795
1.000280659399044
1.000365834254987
1.000474728485403
1.000613299675816
1.000788813635401
1.001010080361095
1.001287719521256
1.00163445595305
1.002065444761089
1.00259862445969
1.00325509520245
1.0040595174845
1.005040524789317
1.006231141502357
1.007669195062826
1.009397708826753
1.011465259543254
1.01392628079747
1.016841291365275
1.020277025294072
1.024306438825717
1.029008568179955
1.034468211894748
1.040775412047848
1.048024710425819
1.056314158705606
1.065744066079973
1.076415473557486
1.088428351409255
1.101879524860675
1.116860343002957
1.1334541168109
1.151733363800493
1.171756908861156
1.193566902696551
1.217185830586545
1.242613594278078
1.269824758139969
1.298766056696791
1.329354263746971
1.361474522995118
1.394979236114188
1.429687596156425
1.465385842168256
1.501828294827535
1.538739213197793
1.575815489765564
1.612730175464488
1.649136799236782
1.68467441882464
1.718973312011971
1.751661191598669
1.782369804137599
1.810741752998063
1.836437371627016
1.859141463784255
1.878569724639027
1.894474660289083
1.906650833574144
1.91493928078551
1.919230966511701
1.919469171622003
1.915650741249828
1.907826154374675
1.896098412855987
1.880620784111698
1.861593466622377
1.839259279706838
1.813898507316758
1.785823048884304
1.755370047713454
1.722895178488469
1.688765779928494
1.653354016486593
1.617030244598517
1.58015674491247
1.543081962976401
1.506135377995852
1.469623093592516
1.433824217140288
1.39898806638358
1.365332214751821
1.333041361075165
1.302266986140762
1.273127738399139
1.245710474641174
1.220071868926872
1.196240494573878
1.174219279541606
1.153988234850194
1.135507358392039
1.118719622162471
1.103553959018377
1.089928174992771
1.077751724363898
1.06692829653268
1.057358175777464
1.048940346665831
1.041574328918963
1.035161735535382
1.02960755676234
1.024821179911648
1.02071716098593
1.017215768612965
1.014243323939752
1.0117323620199
1.009621640977834
1.007856025013334
1.006386266293632
1.005168709143272
1.004164937853365
1.003341387048628
1.002668931012381
1.00212246579618
1.001680495430352
1.001324731180978
1.001039710624003
1.000812441365098
1.000632072545127
1.000489595841688
1.00037757650209
1.000289914008221
1.000221631258845
1.000168690635604
1.000127834969077
1.000096451213675
1.000072454548981
1.000054190625701
1.000040353744846
1.000029918879387
1.000022085602107
1.000016232157754
1.000011878101014
1.000008654105572
1.000006277727415
1.00000453407286
1.000003260475967
1.000002334429067
1.0000016641338
1.000001181148223
1.00000083469899
1.000000587307354
1.00000041144501
1.000000286991955
1.000000199314994
1.000000137823513
1.000000094890019
1.00000006504777
1.000000044397626
1.000000030171948
1.000000020415688
1.00000001375443
1.000000009226562
1.000000006162497
1.000000004098208
1.000000002713642
1.000000001789094
1.000000001174456
1.000000000767652
1.000000000499594
1.000000000323739
1.000000000208881
1.000000000134194
1.00000000008584
1.000000000054674
1.000000000034674
1.000000000021896
1.000000000013767
1.000000000008619
1.000000000005373
1.000000000003335
1.000000000002061
1.000000000001268
1.000000000000777
1.000000000000474
1.000000000000288
1.000000000000174
1.000000000000105
1.000000000000062
1.000000000000037
1.000000000000022
1.000000000000012
1.000000000000006
1.000000000000002
1
1
1
1
1
1
1
1
1
1
1
1
1
1
1
1
1
1
1.000000000000001
1.000000000000004
1.000000000000008
1.000000000000016
1.000000000000034
1.000000000000069
1.00000000000014
1.000000000000281
1.000000000000556
1.000000000001088
1.000000000002104
1.000000000004017
1.000000000007578
1.000000000014123
1.000000000026
1.000000000047288
1.000000000084974
1.000000000150867
1.000000000264665
1.000000000458811
1.000000000786035
1.00000000133097
1.000000002227735
1.000000003686262
1.000000006031161
1.000000009758421
1.00000001561713
1.000000024725929
1.000000038737166
1.000000060065967
1.000000092206873
1.000000140167734
1.000000211059501
1.000000314892114
1.000000465641332
1.000000682670037
1.000000992611116
1.000001431848677
1.000002049771179
1.000002913015542
1.00000411097674
1.000005762924114
1.00000802714516
1.00001111263078
1.000015293923984
1.000020929877255
1.000028487202173
1.000038569847787
1.000051955410028
1.000069639950341
1.000092892783556
1.000123322976893
1.000162959475807
1.000244784224085
1.000320513015138
1.000417782618761
1.000542139705442
1.000700387822495
1.000900824504299
1.001153510742368
1.001470574166599
1.001866546502029
1.002358734830101
1.002967624875562
1.003717312942973
1.004635961232869
1.005756269082535
1.007115950221423
1.008758203446525
1.010732161270109
1.013093298155848
1.015903777049101
1.019232710156766
1.023156307498733
1.027757884813588
1.03312770114767
1.039362596088893
1.046565397323815
1.054844071185713
1.064310592286046
1.075079513307998
1.087266222663517
1.100984885985159
1.116346077274881
1.1334541168109
1.15240414537483
1.173278977662267
1.19614579144533
1.221052722644456
1.248025449346841
1.277063859337686
1.308138905219992
1.341189758028037
1.376121373768382
1.41280258700808
1.451064841045351
1.490701655065821
1.531468914910681
1.573086055769183
1.615238182583469
1.657579147769383
1.699735576778999
1.741311801021841
1.781895625848011
1.821064829923362
1.858394262705457
1.893463380175403
1.92586403674998
1.955208334519764
1.981136320572363
2.003323319860942
2.021486695273369
2.035391838332367
2.044857213062412
2.049758301411711
2.05003033032177
2.045669696921026
2.036734047988466
2.023341011235589
2.005665617454775
1.983936492538289
1.95843093521876
1.929469028702268
1.897406960958365
1.862629748366723
1.825543570076666
1.786567925524019
1.746127825116487
1.704646214514009
1.662536816858036
1.620197555657416
1.578004694928587
1.536307803857959
1.495425622016965
1.455642869330473
1.417208013833241
1.380331980889574
1.345187760982061
1.311910850187099
1.280600438624441
1.251321247848194
1.224105908470303
1.198957764200382
1.175853987690284
1.154748896676272
1.135577365385472
1.118258235403176
1.102697641525233
1.088792180876562
1.076431867115422
1.06550282526436
1.055889696082422
1.047477731473161
1.040154573855872
1.033811722455846
1.02834569792999
1.023658923560866
1.019660346427466
1.016265825562768
1.013398316257373
1.010987880524879
1.008971553493409
1.007293094327153
1.00590264841227
1.004756345156384
1.003815853029227
1.003047910573367
1.002423849175039
1.001919120518185
1.001512838937511
1.001187346402614
1.000927805647479
1.000721825031015
1.000559117082005
1.000431191339821
1.000331081034659
1.000253102334543
1.000192644293431
1.000145987235066
1.000110147070252
1.000082742941013
1.00006188558586
1.00004608390072
1.000034167307925
1.000025221722026
1.000018537100361
1.000013564775755
1.000009882978579
1.000007169158515
1.000005177907528
1.000003723461508
1.000002665916977
1.000001900440407
1.000001348871239
1.000000953226406
1.000000670705244
1.000000469870471
1.000000327745072
1.000000227617954
1.000000157394648
1.000000108364563
1.000000074284683
1.000000050702191
1.000000034456443
1.000000023314776
1.000000015707604
1.000000010536767
1.000000007037597
1.000000004680172
1.000000003098992
1.000000002043155
1.000000001341236
1.000000000876663
1.000000000570539
1.000000000369712
1.000000000238544
1.00000000015325
1.000000000098031
1.000000000062438
1.000000000039598
1.000000000025005
1.000000000015722
1.000000000009843
1.000000000006136
1.000000000003808
1.000000000002354
1.000000000001449
1.000000000000888
1.000000000000541
1.000000000000329
1.000000000000199
1.000000000000119
1.000000000000072
1.000000000000043
1.000000000000025
1.000000000000014
1.000000000000007
1.000000000000003
1.000000000000001
1
1
1
1
1
1
1
1
1
1
1
1
1
1
1
1
1
1.000000000000002
1.000000000000004
1.000000000000009
1.000000000000019
1.000000000000038
1.000000000000079
1.00000000000016
1.00000000000032
1.000000000000635
1.000000000001243
1.000000000002403
1.000000000004588
1.000000000008655
1.000000000016129
1.000000000029693
1.000000000054006
1.000000000097045
1.000000000172297
1.000000000302259
1.000000000523979
1.000000000897679
1.00000000152001
1.000000002544138
1.000000004209809
1.00000000688773
1.000000011144327
1.000000017835067
1.000000028237446
1.000000044238458
1.000000068596192
1.000000105301434
1.000000160073174
1.000000241032146
1.00000035960974
1.000000531766317
1.00000077961434
1.000001133568632
1.000001635179916
1.000002340849891
1.000003326678012
1.00000469475343
1.000006581281824
1.000009167027587
1.000012690658372
1.000017465702281
1.000023901968742
1.000032532442122
1.000044046831766
1.000059333151451
1.000079528902141
1.000106083639577
1.000140834915934
1.00018609978329
1.000278313205278
1.000364414776229
1.000475007646197
1.00061639821952
1.000796321932323
1.001024212839689
1.001311509994949
1.001672002157529
1.002122211470994
1.002681815575746
1.003374106133864
1.004226479927649
1.005270956540079
1.006544714141042
1.008090632111987
1.009957826189257
1.012202158562631
1.014886702027098
1.018082133976957
1.02186703290429
1.02632804729719
1.031559904628083
1.037665226697256
1.044754117178621
1.052943488030093
1.062356093692598
1.073119245895542
1.085363187555741
1.099219111786699
1.114816821437741
1.132282035782538
1.151733363800493
1.173278977662267
1.197013035153537
1.223011915353645
1.251330347335777
1.281997526299695
1.315013324655775
1.350344716391361
1.387922540815136
1.427638735787368
1.469344170186622
1.512847200151247
1.557913063250969
1.60426420908016
1.651581643942014
1.699507341683266
1.747647742968275
1.795578332220623
1.842849246204296
1.888991832045314
1.933526036824332
1.975968477192141
2.015841007269285
2.052679577815352
2.086043160576606
2.115522499911377
2.140748450041775
2.161399661050095
2.177209390126082
2.187971236293471
2.19354362623781
2.193852914904272
2.188895005901631
2.17873544185153
2.163507961895576
2.143411570756625
2.118706209179679
2.089707157471276
2.056778340603521
2.020324733584508
1.980784088462911
1.938618218724579
1.894304082624143
1.848324904228125
1.801161560048449
1.75328444087132
1.705145973775273
1.657173959645904
1.609765848147698
1.563284036597334
1.518052242993355
1.474352968022224
1.432426027479931
1.392468106339779
1.354633259560156
1.319034263316387
1.285744704059574
1.254801681803564
1.22620899823449
1.199940699332887
1.175944845728119
1.15414739136534
1.134456061559382
1.116764134389155
1.100954043890221
1.086900738896279
1.074474746980864
1.063544908156149
1.053980757288669
1.045654547190701
1.03844291574795
1.032228210063606
1.026899488349225
1.022353226176977
1.018493757802902
1.015233485714416
1.012492892528967
1.0102003890851
1.008292031247654
1.006711135823236
1.005407823270313
1.004338511793811
1.003465384118437
1.002755844893499
1.00218198342242
1.001720053331979
1.001349977972414
1.001054887817956
1.00082069394461
1.000635699806081
1.000490252002965
1.000376429526438
1.000287770029384
1.000219031003734
1.0001659832884
1.000125234062713
1.00009407636183
1.000070362151406
1.000052396090185
1.000038847265876
1.00002867639021
1.000021076165509
1.000015422773237
1.000011236673621
1.000008151136321
1.000005887139506
1.000004233474737
1.000003031075778
1.000002160749905
1.000001533630785
1.000001083793314
1.000000762574341
1.000000534230557
1.000000372637736
1.000000258795829
1.000000178953755
1.000000123207811
1.000000084459856
1.000000057647158
1.000000039176148
1.000000026508347
1.000000017859178
1.000000011980061
1.000000008001587
1.00000000532125
1.000000003523486
1.000000002323023
1.000000001524957
1.000000000996748
1.000000000648691
1.000000000420355
1.00000000027122
1.000000000174243
1.000000000111459
1.000000000070991
1.000000000045022
1.000000000028431
1.000000000017876
1.000000000011191
1.000000000006976
1.00000000000433
1.000000000002676
1.000000000001647
1.000000000001009
1.000000000000616
1.000000000000374
1.000000000000226
1.000000000000136
1.000000000000081
1.000000000000049
1.000000000000028
1.000000000000016
1.000000000000009
1.000000000000004
1.000000000000001
1
1
1
1
1
1
1
1
1
1
1
1
1
1
1
1
1
1.000000000000002
1.000000000000005
1.00000000000001
1.000000000000021
1.000000000000044
1.000000000000089
1.000000000000182
1.000000000000364
1.000000000000722
1.000000000001413
1.000000000002732
1.000000000005217
1.000000000009841
1.000000000018339
1.000000000033762
1.000000000061406
1.000000000110343
1.000000000195905
1.000000000343673
1.00000000059577
1.000000001020668
1.000000001728258
1.000000002892689
1.000000004786548
1.000000007831325
1.000000012671036
1.000000020278332
1.000000032105704
1.000000050298627
1.000000077992991
1.000000119726237
1.000000182000728
1.000000274049561
1.00000040886996
1.000000604608482
1.00000088640647
1.000001288844837
1.000001859165734
1.000002661496485
1.00000378236025
1.000005337829786
1.000007482767433
1.000010422697596
1.000014428979109
1.000019858085091
1.000027175957871
1.000036988586258
1.00005008015097
1.000067460299268
1.000090422338257
1.000120614372407
1.000160125646982
1.000211590584771
1.000315041783729
1.000412505978135
1.000537693512048
1.000697743021763
1.000901410758225
1.001159375750225
1.001484586614958
1.001892651755123
1.002402273668893
1.003035726766505
1.003819376404101
1.004784234789796
1.005966546979504
1.007408397367829
1.009158323919776
1.01127192393385
1.013812431455313
1.016851242679325
1.020468361938071
1.0247527373263
1.029802451887923
1.035724733790289
1.042635747299436
1.050660125896404
1.059930209797556
1.07058495270205
1.082768466997161
1.09662818306951
1.112312606893799
1.129968670714058
1.149738684310486
1.171756908861156
1.196145791445331
1.223011915353645
1.252441739009269
1.284497213793077
1.319211387642691
1.356584116132853
1.396578014983609
1.439114796732202
1.484072138846178
1.531281230150847
1.580525136544097
1.631538115218423
1.684005988879256
1.737567667878481
1.791817879192917
1.846311127478018
1.900566876003526
1.954075895369182
2.006307686954028
2.056718847675266
2.10476220450966
2.149896513055543
2.191596485802402
2.229362894180543
2.262732475095697
2.291287368407566
2.314663817210488
2.332559877928996
2.344741911829757
2.351049662823946
2.351399767237684
2.345787588054721
2.33428731719049
2.317050342642125
2.294301930769547
2.266336325386764
2.233510412764567
2.196236143242379
2.15497193437274
2.110213306179042
2.062483015396196
2.01232096211255
1.960274139099753
1.906886881781634
1.85269165610761
1.79820059373726
1.743897950338775
1.690233625056258
1.637617838997938
1.586417029632068
1.536950977866289
1.489491146800194
1.444260176945884
1.401432453125264
1.361135634017802
1.323453016902769
1.288426597686276
1.256060679730546
1.226325883979001
1.199163416866297
1.174489460834292
1.152199564153926
1.132172921331823
1.114276451798558
1.098368601999895
1.084302813671701
1.071930618291326
1.061104333888768
1.051679355115164
1.043516040372805
1.036481210699626
1.030449283874383
1.025303073869228
1.020934290411951
1.017243776186199
1.014141520300146
1.011546486330731
1.009386291756919
1.007596773189366
1.006121468734185
1.004911045325691
1.003922695132461
1.003119521358588
1.00246993007232
1.001947041209883
1.001528128705761
1.001194096846338
1.00092899746172
1.000719590469721
1.000554948558859
1.000426105423121
1.000325745910496
1.000247935684119
1.00018788748049
1.000141760744259
1.000106491284955
1.000079647601954
1.000059310627456
1.000043973814589
1.000032460724752
1.00002385752466
1.000017458073074
1.000012719547336
1.000009226821181
1.000006664051364
1.000004792157076
1.000003431080703
1.000002445900083
1.000001736021502
1.000001226819939
1.000000863210325
1.000000604732412
1.000000421814438
1.000000292948967
1.000000202570223
1.000000139467537
1.00000009560604
1.00000006525488
1.000000044346254
1.000000030006682
1.000000020216078
1.00000001356109
1.000000009057573
1.000000006023508
1.00000000398849
1.000000002629599
1.00000000172621
1.000000001128293
1.000000000734302
1.000000000475831
1.000000000307014
1.000000000197238
1.000000000126169
1.000000000080361
1.000000000050964
1.000000000032183
1.000000000020235
1.000000000012668
1.000000000007897
1.000000000004902
1.00000000000303
1.000000000001864
1.000000000001142
1.000000000000697
1.000000000000423
1.000000000000256
1.000000000000154
1.000000000000092
1.000000000000055
1.000000000000032
1.000000000000018
1.00000000000001
1.000000000000005
1.000000000000002
1
1
1
1
1
1
1
1
1
1
1
1
1
1
1
1
1
1.000000000000002
1.000000000000005
1.000000000000012
1.000000000000024
1.00000000000005
1.000000000000102
1.000000000000206
1.000000000000413
1.000000000000818
1.0000000000016
1.000000000003092
1.000000000005905
1.00000000001114
1.00000000002076
1.00000000003822
1.000000000069513
1.00000000012491
1.000000000221766
1.00000000038904
1.000000000674414
1.000000001155398
1.000000001956384
1.00000000327451
1.000000005418338
1.000000008864985
1.000000014343464
1.000000022954795
1.000000036343162
1.000000056937189
1.000000088286624
1.000000135527729
1.000000206021003
1.000000310218054
1.000000462831375
1.000000684402344
1.000001003390232
1.000001458939611
1.000002104527189
1.000003012743165
1.000004281529125
1.000006042275868
1.00000847028277
1.000011798197043
1.000016333188356
1.000022478772983
1.000030762382775
1.000041869977589
1.000056689224637
1.000076363011762
1.00010235532027
1.000136531750164
1.000181257257939
1.000239513922573
1.000355047286597
1.000464887869417
1.000605972190321
1.000786345367605
1.001015875541956
1.001306597789656
1.001673104971559
1.002132987477853
1.00270732268717
1.003421213456805
1.004304373063956
1.005391751701246
1.006724196882791
1.008349136947789
1.010321273287845
1.012703263030301
1.015566369771824
1.018991055697559
1.023067484199959
1.027895898122201
1.033586835221673
1.04026113963604
1.048049726316217
1.057093054857231
1.067540270198072
1.079547970546848
1.093278567854837
1.108898213395229
1.126574270608242
1.146472329369198
1.168752770124075
1.193566902696551
1.221052722644456
1.251330347335777
1.284497213793077
1.320623140064783
1.359745370563672
1.401863742534521
1.446936124606071
1.494874288287999
1.54554037839186
1.598744147899332
1.654241116151713
1.711731795989121
1.770862115485561
1.83122513336291
1.892364114496683
1.953776993947696
2.014922215778166
2.075225887934498
2.134090148335204
2.190902591797655
2.245046564473427
2.295912093947501
2.342907190912352
2.385469233991409
2.423076134221203
2.455256970916518
2.48160179672762
2.501770326777527
2.515499254478302
2.522607974122967
2.523002536334396
2.516677715225288
2.503717123661322
2.484291373071252
2.458654334440483
2.427137615078578
2.390143419194946
2.348136007195562
2.30163200718535
2.251189861075982
2.197398706056389
2.140866999563415
2.082211192360854
2.022044740433
1.960967723086704
1.899557303259368
1.8383592281594
1.77788052582456
1.718583507875712
1.660881142576349
1.605133817103867
1.551647465354437
1.500672999066141
1.452406946702219
1.406993177223752
1.364525565111193
1.32505143895909
1.288575648560793
1.255065084246092
1.224453486737681
1.196646395182122
1.17152609439848
1.148956438817835
1.128787449089818
1.110859596969275
1.095007713997994
1.0810644788941
1.068863456808204
1.058241680187988
1.049041775538553
1.041113652637195
1.034315782648634
1.028516099092951
1.023592560842699
1.019433419442877
1.01593723428964
1.013012678839133
1.010578179334558
1.008561424827932
1.006898783813555
1.005534658842576
1.004420806283781
1.003515644132989
1.002783566615218
1.002194280396953
1.001722173623384
1.001345725778727
1.001046963570402
1.00081096567031
1.000625417199946
1.000480213297543
1.000367109921259
1.000279419182319
1.000211745922402
1.000159761905773
1.000120013845588
1.000089761484811
1.000066842068781
1.000049557746359
1.000036582692396
1.000026887033144
1.000019674960019
1.00001433472152
1.000010398477681
1.00000751027871
1.000005400684713
1.000003866773883
1.000002756491275
1.000001956469492
1.000001382607408
1.000000972825075
1.000000681524474
1.000000475378716
1.000000330149276
1.000000228293779
1.000000157177977
1.000000107746703
1.000000073541377
1.000000049977647
1.000000033817146
1.000000022783267
1.000000015283182
1.000000010207777
1.000000006788424
1.000000004494983
1.00000000296353
1.000000001945421
1.000000001271574
1.000000000827551
1.000000000536257
1.000000000346002
1.000000000222286
1.000000000142191
1.000000000090566
1.000000000057436
1.000000000036269
1.000000000022805
1.000000000014277
1.0000000000089
1.000000000005524
1.000000000003414
1.000000000002101
1.000000000001287
1.000000000000786
1.000000000000477
1.000000000000289
1.000000000000174
1.000000000000104
1.000000000000062
1.000000000000037
1.000000000000021
1.000000000000012
1.000000000000006
1.000000000000002
1
1
1
1
1
1
1
1
1
1
1
1
1
1
1
1
1.000000000000001
1.000000000000002
1.000000000000006
1.000000000000013
1.000000000000027
1.000000000000056
1.000000000000115
1.000000000000232
1.000000000000465
1.000000000000921
1.000000000001803
1.000000000003485
1.000000000006656
1.000000000012555
1.000000000023398
1.000000000043075
1.000000000078344
1.000000000140777
1.000000000249937
1.000000000438457
1.000000000760078
1.000000001302151
1.000000002204871
1.000000003690408
1.00000000610651
1.000000009990889
1.000000016165137
1.000000025870097
1.00000004095875
1.000000064168134
1.000000099498781
1.000000152739203
1.000000232184601
1.000000349613817
1.000000521607648
1.000000771315973
1.000001130812016
1.000001644211193
1.00000237178102
1.000003395329642
1.000004825235832
1.00000680957512
1.000009545907319
1.000013296422356
1.000018407295774
1.000025333284189
1.000034668795041
1.000047186894213
1.000063887968396
1.000086060033615
1.00011535297274
1.000153869285989
1.000204274239659
1.000269928586259
1.000398370968803
1.000521614466856
1.000679914089433
1.000882296621464
1.00113983431465
1.001466030764608
1.001877259450822
1.002393257138552
1.003037673061153
1.003838673116198
1.004829596180482
1.006049657049677
1.007544687426237
1.00936790282312
1.011580679255679
1.014253319225003
1.017465781853024
1.02130834725114
1.025882180467787
1.031299755884491
1.037685098969812
1.045173799144383
1.053912745470228
1.064059536279108
1.075781515021662
1.089254387856384
1.104660384070842
1.122185928542213
1.142018806222171
1.164344812089687
1.189343896046609
1.217185830586545
1.248025449346841
1.281997526299695
1.319211387642691
1.359745370563672
1.403641264016206
1.450898885403944
1.50147096254841
1.555258501428953
1.612106825926439
1.671802475291018
1.734071137593649
1.798576782559311
1.864922134759412
1.932650598336552
2.001249707778265
2.070156136643497
2.138762248823752
2.20642412645659
2.272470956834942
2.336215609598449
2.396966187286679
2.454038289120047
2.506767691695543
2.554523122978343
2.59671878906683
2.63282630783979
2.662385710421591
2.685015190564099
2.700419313136269
2.708395434985443
2.708838143030122
2.701741573656086
2.687199542046379
2.665403477454956
2.63663822797113
2.601275863347483
2.559767664428888
2.512634540318968
2.460456157698685
2.403859099155081
2.343504387975704
2.280074725144976
2.214261780318888
2.14675386295603
2.078224273626258
2.00932060029076
1.940655181855382
1.872796913567107
1.806264517987272
1.741521353474555
1.678971781390666
1.61895906546133
1.561764733485787
1.507609294176627
1.456654171266669
1.40900469371532
1.364713965099231
1.323787426960642
1.28618792959221
1.251841128789465
1.220641037637632
1.192455577420512
1.167131990174
1.144501996167484
1.124386601629384
1.106600484363352
1.090955906666253
1.077266125431891
1.065348287930504
1.055025818074481
1.046130311749504
1.038502970884054
1.031995614352406
1.026471309667857
1.02180467292057
1.017881885808077
1.014600478197629
1.011868922770816
1.009606085258409
1.007740569891783
1.006209995267988
1.004960231108236
1.003944621606743
1.0031232164012
1.00246202579022
1.001932312781044
1.001509930941535
1.001174713891837
1.000909919614633
1.000701730578936
1.000538808934867
1.000411904708169
1.00031351395818
1.000237583212634
1.000179256106927
1.00013465798596
1.000100714227834
1.000074998179478
1.000055604818577
1.0000410465432
1.000030167814647
1.000022075719904
1.000016083861603
1.000011667313949
1.000008426694125
1.000006059685136
1.000004338604597
1.000003092843761
1.000002195202087
1.000001551316372
1.000001091531632
1.000000764685935
1.000000533385812
1.000000370435124
1.000000256150951
1.000000176357397
1.000000120894368
1.000000082515196
1.000000056076137
1.00000003794367
1.000000025563393
1.000000017148116
1.000000011453386
1.000000007616787
1.000000005043488
1.000000003325159
1.000000002182814
1.000000001426741
1.000000000928535
1.000000000601696
1.000000000388224
1.000000000249411
1.000000000159543
1.000000000101618
1.000000000064445
1.000000000040695
1.000000000025588
1.000000000016019
1.000000000009986
1.000000000006198
1.000000000003831
1.000000000002358
1.000000000001444
1.000000000000881
1.000000000000536
1.000000000000324
1.000000000000195
1.000000000000117
1.00000000000007
1.000000000000041
1.000000000000024
1.000000000000014
1.000000000000007
1.000000000000003
1.000000000000001
1
1
1
1
1
1
1
1
1
1
1
1
1
1
1
1.000000000000001
1.000000000000003
1.000000000000007
1.000000000000014
1.00000000000003
1.000000000000063
1.000000000000128
1.00000000000026
1.000000000000522
1.000000000001034
1.000000000002023
1.000000000003911
1.000000000007468
1.000000000014088
1.000000000026254
1.000000000048333
1.000000000087907
1.000000000157961
1.000000000280444
1.000000000491975
1.000000000852849
1.000000001461082
1.000000002473974
1.00000000414081
1.000000006851776
1.000000011210202
1.000000018137939
1.00000002902725
1.000000045957236
1.000000071998931
1.000000111641039
1.000000171378429
1.000000260518535
1.000000392277516
1.000000585259448
1.000000865439069
1.00000126880332
1.000001844850762
1.000002661202984
1.000003809650649
1.00000541404131
1.00000764051912
1.000010710750691
1.000014918919031
1.000020653440828
1.000028424563064
1.000038899223901
1.000052944820042
1.000071683806874
1.00009656136585
1.000129428700454
1.000172644860061
1.000229200328977
1.000302865941022
1.000445012660108
1.000582685546544
1.000759518916289
1.000985596401485
1.001273286581138
1.001637674035964
1.00209704923165
1.002673459687186
1.003393323454213
1.00428810405103
1.005395043617442
1.006757948152907
1.008428015257527
1.010464690822989
1.012936536657634
1.01592208614922
1.019510659882437
1.023803107790126
1.028912439126414
1.034964296549963
1.042097226181836
1.050462691976704
1.060224780467276
1.071559541273335
1.084653910070398
1.099704164329296
1.116913868363864
1.136491273288612
1.158646149528097
1.183586044553869
1.211511976433159
1.242613594278078
1.277063859337686
1.315013324655775
1.356584116132853
1.401863742534522
1.450898885403944
1.503689340794771
1.56018230202904
1.620267185100056
1.683771204755439
1.75045590872451
1.820014869219997
1.892072714242434
1.96618565617019
2.041843641824381
2.118474207249649
2.195448072849978
2.272086461656473
2.347670067131575
2.421449539078278
2.492657299188007
2.560520443910453
2.624274444055262
2.683177310120909
2.736523861843131
2.783659721572663
2.823994645094613
2.857014811128197
2.882293712151955
2.899501323932029
2.908411278129918
2.908905820002696
2.900978399353139
2.884733815004348
2.860385908341367
2.828252876906816
2.788750351676217
2.742382448624242
2.68973106395008
2.631443730675372
2.568220390569999
2.50079945837004
2.429943564502445
2.35642535810751
2.281013734725614
2.204460823795608
2.127490031760311
2.05078538910778
1.974982396356636
1.900660507205603
1.828337329202135
1.758464565626588
1.691425668914101
1.627535127634495
1.567039267259037
1.51011841070996
1.456890218655866
1.407414011924862
1.361695869122749
1.319694291097431
1.281326229534581
1.246473288738691
1.214987926433246
1.186699500006975
1.16142002782439
1.138949559831511
1.11908107663227
1.101604860523879
1.086312304849222
1.072999148808749
1.061468143105555
1.05153116717809
1.043010831167526
1.03574160517503
1.029570524912092
1.024357526754161
1.019975466764722
1.016309877800139
1.013258516695769
1.010730750135096
1.008646823467662
1.006937051793644
1.005540967363355
1.004406451997166
1.00348887801941
1.002750276278082
1.002158545306824
1.001686711653905
1.001312247896741
1.001016451893075
1.000783888380247
1.000601892093047
1.000460130086415
1.000350219871224
1.000265399244888
1.000200243267648
1.000150423646024
1.000112505786197
1.000083778926236
1.000062115006601
1.000045852259016
1.000033699855867
1.00002466034302
1.000017966960531
1.000013033324883
1.000009413293938
1.000006769155714
1.000004846570968
1.00000345495621
1.000002452218342
1.00000173294617
1.000001219329533
1.000000854216473
1.000000595835501
1.000000413806354
1.000000286141633
1.000000197005724
1.000000135048985
1.000000092176303
1.000000062641699
1.000000042386239
1.000000028556445
1.000000019155882
1.000000012794396
1.000000008508594
1.000000005634004
1.000000003714485
1.00000000243839
1.000000001593792
1.000000001037253
1.000000000672146
1.00000000043368
1.000000000278614
1.000000000178223
1.000000000113516
1.000000000071991
1.00000000004546
1.000000000028583
1.000000000017895
1.000000000011155
1.000000000006924
1.000000000004279
1.000000000002633
1.000000000001614
1.000000000000985
1.000000000000598
1.000000000000362
1.000000000000218
1.000000000000131
1.000000000000078
1.000000000000046
1.000000000000027
1.000000000000015
1.000000000000008
1.000000000000004
1.000000000000001
1
1
1
1
1
1
1
1
1
1
1
1
1
1
1
1.000000000000001
1.000000000000004
1.000000000000008
1.000000000000016
1.000000000000034
1.00000000000007
1.000000000000143
1.000000000000291
1.000000000000583
1.000000000001155
1.00000000000226
1.000000000004369
1.000000000008343
1.000000000015738
1.000000000029329
1.000000000053994
1.000000000098203
1.000000000176462
1.000000000313289
1.000000000549593
1.000000000952729
1.000000001632189
1.000000002763694
1.000000004625719
1.000000007654137
1.000000012522921
1.000000020261865
1.000000032426249
1.000000051338609
1.000000080429558
1.000000124713367
1.000000191445357
1.00000029102272
1.000000438209022
1.000000653786575
1.000000966771329
1.000001417363689
1.000002060857646
1.000002972792092
1.000004255704749
1.000006047943487
1.000008535104905
1.000011964808681
1.00001666568115
1.000023071615248
1.000031752598122
1.000043453653511
1.000059143733349
1.000080076710448
1.000107866968303
1.000144582449249
1.000192858399716
1.000256035428904
1.000338325858054
1.00049492571349
1.000648040029484
1.000844707054586
1.00109614139158
1.001416098866363
1.001821355929048
1.002332254481535
1.002973314863731
1.003773918139423
1.004769056729428
1.006000149795445
1.007515916548763
1.009373296828792
1.011638403878492
1.014387489280271
1.01770789458789
1.021698958421736
1.026472841857995
1.032155229058104
1.038885854524084
1.046818803445485
1.05612252768246
1.066979517395052
1.079585567585283
1.094148580268496
1.110886847012248
1.130026763505235
1.151799937900061
1.176439668063885
1.204176779591323
1.235234836350807
1.269824758139969
1.308138905219992
1.35034471639136
1.396578014983609
1.446936124606071
1.50147096254841
1.56018230202904
1.623011413716781
1.689835310759035
1.760461828684541
1.834625770913707
1.911986341340627
1.992126066987277
2.074551385875975
2.158695038238287
2.243920353637733
2.329527473642797
2.414761490895653
2.498822422726892
2.580876873143847
2.660071173588211
2.735545732968601
2.806450273785849
2.87195958622156
2.931289398136154
2.983711937922202
3.028570760488703
3.065294415133676
3.093408557869728
3.112546149395193
3.122455432173616
3.123005444185313
3.114188900477859
3.096122353848073
3.069043629697888
3.033306614012831
2.989373554197519
2.937805107001177
2.879248433113267
2.81442369177694
2.7441093290747
2.669126579130395
2.590323607759397
2.508559723179223
2.424690059013963
2.339551102329592
2.253947395671694
2.168639689286462
2.084334760405219
2.001677053315131
1.921242229583551
1.843532654790203
1.768974788760713
1.697918392575696
1.630637419150882
1.567332416111216
1.50813424072938
1.45310886713485
1.402263055673765
1.355550652691503
1.312879295286789
1.27411730867524
1.239100602461843
1.207639395024797
1.179524621005542
1.15453390427295
1.132437006472077
1.113000688307496
1.095992946146081
1.081186609639673
1.068362306344048
1.057310816416441
1.047834854256386
1.03975032441811
1.032887106404931
1.02708942730151
1.022215882931239
1.018139167718035
1.014745571085325
1.011934294445088
1.009616638007471
1.007715101138669
1.006162434134144
1.004900673332209
1.003880185696554
1.003058743522481
1.002400644899907
1.001875891082161
1.001459428010258
1.00113045594203
1.000871808422192
1.000669399670821
1.000511737816981
1.000389500205328
1.000295166195534
1.00022270239516
1.000167295055997
1.000125124365337
1.000093175526132
1.000069081798678
1.000050995033016
1.000037479623974
1.000027426244191
1.000019982134822
1.000014495144212
1.000010469091372
1.000007528386856
1.00000539016495
1.000003842466457
1.00000272726121
1.000001927315153
1.000001356090967
1.000000950026551
1.00000066266533
1.000000460219594
1.000000318235835
1.000000219102311
1.0000001501964
1.000000102515037
1.000000069667771
1.00000004714041
1.000000031759432
1.000000021304475
1.000000014229465
1.000000009462954
1.000000006265939
1.00000000413112
1.000000002711892
1.00000000177256
1.000000001153598
1.000000000747538
1.000000000482324
1.000000000309865
1.000000000198214
1.000000000126248
1.000000000080066
1.000000000050559
1.000000000031789
1.000000000019902
1.000000000012407
1.000000000007701
1.00000000000476
1.000000000002929
1.000000000001795
1.000000000001095
1.000000000000665
1.000000000000402
1.000000000000242
1.000000000000145
1.000000000000087
1.000000000000052
1.00000000000003
1.000000000000017
1.00000000000001
1.000000000000004
1.000000000000001
1
1
1
1
1
1
1
1
1
1
1
1
1
1
1
1.000000000000001
1.000000000000004
1.000000000000008
1.000000000000018
1.000000000000038
1.000000000000077
1.000000000000159
1.000000000000323
1.000000000000649
1.000000000001284
1.000000000002514
1.000000000004859
1.000000000009279
1.000000000017504
1.00000000003262
1.000000000060053
1.000000000109222
1.000000000196261
1.00000000034844
1.000000000611254
1.000000001059616
1.000000001815302
1.000000003073742
1.000000005144649
1.000000008512789
1.000000013927737
1.000000022534795
1.000000036063697
1.000000057097494
1.000000089451597
1.000000138702706
1.000000212919936
1.000000323666677
1.000000487362436
1.000000727120544
1.000001075211477
1.000001576344632
1.000002292015922
1.000003306236861
1.000004733046016
1.000006726308613
1.00000949243807
1.000013306827438
1.000018534962182
1.000025659401103
1.000035314061571
1.000048327529651
1.000065777435353
1.000089058286203
1.000119965535113
1.000160799064716
1.000214489690146
1.000284752702173
1.000376272873961
1.000548012432964
1.000717549994955
1.000935311761402
1.001213715215319
1.001567991633578
1.002016716908186
1.002582414811606
1.003292235731324
1.00417871213707
1.005280589726141
1.006643730264511
1.008322078565721
1.010378681809704
1.012886744511883
1.015930696957049
1.019607248902283
1.02402639396628
1.029312323548888
1.035604202609342
1.043056753474483
1.051840588400669
1.062142227271274
1.074163734005411
1.088121904430253
1.104246939974701
1.122780545995357
1.143973401212628
1.168081955897408
1.195364531275245
1.22607671112861
1.260466038630977
1.298766056696792
1.341189758028038
1.387922540815136
1.439114796732202
1.494874288287999
1.555258501428953
1.620267185100056
1.689835310759035
1.763826700128217
1.842028577368514
1.924147301156858
2.009805521885388
2.098540988756663
2.189807200707198
2.282976054092134
2.377342589638355
2.472131882554113
2.56650805458629
2.659585317396545
2.750440885405784
2.838129526020742
2.921699448842572
3.000209176011003
3.072744986069218
3.138438486171574
3.19648384420336
3.246154204996077
3.286816824213227
3.317946479842352
3.339136764000236
3.350108915634778
3.350717925683461
3.340955727701819
3.320951375783843
3.290968204284835
3.251398056763284
3.202752761009152
3.145653109515266
3.080815677104714
3.009037866961947
2.931181620945231
2.84815625839263
2.760900919024888
2.670367080101371
2.577501596527688
2.483230676631873
2.388445157866096
2.293987388237957
2.200639953614133
2.109116421107388
2.020054197499892
1.934009531883826
1.85145462597251
1.772776756054018
1.69827925909528
1.62818419334841
1.562636451753105
1.501709084766143
1.445409577815641
1.393686826796843
1.346438561976397
1.303518985165121
1.264746405682478
1.229910685995512
1.198780336473839
1.171109129011556
1.14664212998491
1.125121082954559
1.106289099684157
1.08989464364199
1.075694812603119
1.063457945910125
1.052965597211358
1.044013925081328
1.036414561991236
1.029995026909078
1.024598748725908
1.020084767142349
1.016327175051241
1.01321436226701
1.010648115112673
1.008542620282424
1.006823414908425
1.005426318181118
1.004296373454154
1.003386823704112
1.002658137654863
1.002077098911429
1.001615966130616
1.001251708601393
1.000965318603698
1.000741199524158
1.000566626879477
1.000431278070712
1.000326825797008
1.000246589526759
1.000185239190959
1.0001385452651
1.000103169585912
1.000076491557796
1.00005646479861
1.000041499720389
1.000030368009422
1.000022125439976
1.000016049910584
1.000011592019828
1.000008335892469
1.000005968322535
1.00000425461601
1.00000301979234
1.000002134042876
1.00000150154825
1.000001051928638
1.000000733744494
1.000000509584001
1.000000352370738
1.000000242603908
1.000000166306966
1.000000113511164
1.000000077140599
1.00000005219688
1.000000035166084
1.00000002358969
1.000000015755785
1.000000010477998
1.000000006938057
1.000000004574247
1.000000003002786
1.000000001962696
1.00000000127734
1.000000000827724
1.000000000534062
1.000000000343104
1.000000000219476
1.000000000139791
1.000000000088654
1.000000000055983
1.000000000035199
1.000000000022037
1.000000000013737
1.000000000008527
1.00000000000527
1.000000000003243
1.000000000001987
1.000000000001212
1.000000000000737
1.000000000000446
1.000000000000268
1.000000000000161
1.000000000000096
1.000000000000057
1.000000000000033
1.000000000000019
1.000000000000011
1.000000000000005
1.000000000000002
1
1
1
1
1
1
1
1
1
1
1
1
1
1
1
1.000000000000001
1.000000000000004
1.000000000000009
1.00000000000002
1.000000000000042
1.000000000000086
1.000000000000176
1.000000000000358
1.000000000000718
1.000000000001422
1.000000000002783
1.000000000005381
1.000000000010275
1.000000000019383
1.000000000036121
1.000000000066497
1.000000000120943
1.00000000021732
1.000000000385827
1.000000000676837
1.000000001173304
1.000000002010063
1.000000003403512
1.000000005696587
1.000000009426056
1.000000015421901
1.000000024952284
1.000000039932482
1.000000063222626
1.000000099047398
1.000000153581687
1.000000235760155
1.000000358386538
1.000000539641583
1.000000805117863
1.000001190547318
1.00000174543505
1.000002537873243
1.000003660884763
1.000005240740307
1.00000744780912
1.000010510645067
1.000014734180524
1.000020523103736
1.000028411733741
1.00003910198305
1.000053511313244
1.000072832942534
1.000098610955164
1.000132833386421
1.000178046806686
1.000237496392883
1.000315295940618
1.000416632714693
1.000604120164647
1.000791015562321
1.001031072495783
1.001337979778769
1.001728528100274
1.002223195192067
1.002846810857132
1.003629305193983
1.004606541409589
1.005821232058397
1.007323934317419
1.009174115965596
1.011441279061686
1.014206122922355
1.017561721943565
1.021614687182844
1.02648627357919
1.032313387440799
1.03924944164845
1.047464999234805
1.057148139994524
1.068504479993853
1.081756770754652
1.097144003980378
1.114919949461207
1.135351058704613
1.158713675289547
1.185290505247789
1.21536631712045
1.249222861746776
1.28713302615331
1.329354263746972
1.376121373768382
1.427638735787369
1.484072138846178
1.54554037839186
1.612106825926439
1.683771204755439
1.760461828684541
1.842028577368514
1.928236890725463
2.01876306405436
2.113191114180061
2.211011464412977
2.311621662110957
2.414329297433839
2.518357236293085
2.622851215878061
2.726889779378916
2.829496449998781
2.929653965834367
3.026320319777537
3.118446275487153
3.204993964947909
3.284956118269021
3.357375434966821
3.421363580341589
3.476119282417107
3.520945015264342
3.555261783590263
3.578621570622921
3.59071707512601
3.591388441619258
3.58062677767376
3.558574350052396
3.525521453643616
3.481900049554914
3.428274367341268
3.365328757278622
3.293853158356652
3.214726613295216
3.128899311088153
3.037373668813597
2.941184977007459
2.84138212689181
2.739008914095535
2.63508637383898
2.530596549132999
2.426468029105338
2.323563522183477
2.222669651771531
2.124489083505148
2.029635016253026
1.938627996576497
1.851894950787627
1.769770272013229
1.692498753199938
1.620240121655435
1.553074906840201
1.491011360520244
1.433993146428067
1.38190752424086
1.334593768661816
1.29185158716925
1.253449327954051
1.219131801048842
1.188627569064522
1.161655597812921
1.137931190099521
1.117171157016526
1.099098209281996
1.083444575920052
1.069954878456971
1.058388305631209
1.04852014638731
1.040142747812549
1.033065969979184
1.027117211768623
1.022141081133722
1.017998780391226
1.014567272522525
1.011738288574599
1.009417229536146
1.007522008910308
1.005981874952368
1.004736244465552
1.003733573366575
1.002930283102997
1.002289756531121
1.001781412103524
1.001379861186952
1.001064150019318
1.000817085179757
1.000624639430748
1.0004754333279
1.000360287006757
1.000271835971037
1.000204204449648
1.000152729891579
1.000113732366134
1.000084322976104
1.000062245826715
1.000045748584781
1.000033477179288
1.000024390712659
1.000017693153091
1.000012778850209
1.00000918935049
1.000006579381181
1.000004690219703
1.00000332897054
1.000002352534884
1.000001655283113
1.000001159629715
1.000000808868604
1.000000561757627
1.000000388448191
1.000000267442939
1.000000183334358
1.000000125133065
1.000000085038697
1.000000057541108
1.000000038766606
1.000000026004954
1.000000017368968
1.000000011550808
1.000000007648426
1.000000005042592
1.000000003310235
1.000000002163653
1.000000001408125
1.000000000912474
1.000000000588744
1.000000000378233
1.000000000241948
1.000000000154104
1.000000000097732
1.000000000061715
1.000000000038804
1.000000000024293
1.000000000015144
1.0000000000094
1.00000000000581
1.000000000003575
1.000000000002191
1.000000000001337
1.000000000000812
1.000000000000491
1.000000000000296
1.000000000000177
1.000000000000106
1.000000000000063
1.000000000000037
1.000000000000021
1.000000000000012
1.000000000000006
1.000000000000002
1
1
1
1
1
1
1
1
1
1
1
1
1
1
1
1.000000000000002
1.000000000000005
1.00000000000001
1.000000000000022
1.000000000000046
1.000000000000095
1.000000000000195
1.000000000000395
1.000000000000792
1.000000000001568
1.000000000003069
1.000000000005932
1.000000000011327
1.000000000021369
1.000000000039821
1.000000000073309
1.00000000013333
1.000000000239578
1.000000000425342
1.000000000746156
1.000000001293464
1.000000002215913
1.000000003752056
1.000000006279945
1.000000010391312
1.000000017001121
1.000000027507383
1.000000044021483
1.0000000696964
1.000000109189376
1.00000016930754
1.00000025990035
1.000000395082486
1.000000594896163
1.000000887554288
1.000001312447253
1.000001924148785
1.000002797722722
1.000004035716106
1.000005777327866
1.000008210370481
1.000011586798221
1.000016242763796
1.000022624389159
1.000031320699109
1.000043105470695
1.000058990098639
1.000080289967083
1.00010870724888
1.000146433520851
1.000196276079189
1.000261812351712
1.000347577316166
1.00045928932371
1.000663038234402
1.000868160881304
1.001131629692185
1.001468468488253
1.001897105476312
1.002440015484491
1.003124449847285
1.003983257600067
1.005055799511656
1.006388953679038
1.008038207866079
1.010068829441891
1.012557098644723
1.015591584978773
1.019274439901896
1.023722671690482
1.029069360640333
1.035464764809085
1.043077258622886
1.052094039220524
1.062721528817189
1.075185396116988
1.08973011640796
1.106617988977378
1.126127532427334
1.148551183858556
1.174192237166398
1.203360969198517
1.236369920462076
1.273528319467885
1.315135666480713
1.361474522995118
1.41280258700808
1.469344170186621
1.531281230150847
1.598744147899332
1.671802475291018
1.75045590872451
1.834625770913707
1.924147301156858
2.01876306405436
2.118117785780018
2.221754914593368
2.329115177545783
2.439537368017631
2.552261549118946
2.666434796976718
2.781119537009054
2.895304447526196
3.007917821007946
3.11784318723626
3.223936917484275
3.325047448730337
3.420035694941874
3.50779615225947
3.587278159464258
3.657506746978014
3.717602498709419
3.766799862422487
3.804463376196746
3.830101330297195
3.843376453796385
3.844113301164771
3.832302112595339
3.808099029277254
3.771822656976478
3.723947083687622
3.665091565347204
3.59600719340167
3.517560945566823
3.430717593146069
3.336519992272323
3.236068320720245
3.130498835717643
3.020962721594306
2.908605570145371
2.794547993052178
2.67986780707241
2.565584161989499
2.452643901868269
2.341910365553797
2.234154746135934
2.130050044685313
2.030167574043171
1.934975896481412
1.844842016783394
1.760034601291474
1.680728954680705
1.607013460008418
1.538897173756305
1.476318265426938
1.419152999665691
1.367224976413998
1.320314369600267
1.278166935556992
1.240502596905823
1.207023444323231
1.177421035764942
1.15138290895139
1.128598256990585
1.108762747981894
1.091582496607262
1.076777218632451
1.064082617704835
1.053252067851735
1.044057664839083
1.036290725371495
1.02976181543435
1.024300388397943
1.019754110360184
1.015987945140558
1.012883064877655
1.010335644810678
1.00825559297404
1.006565257573842
1.005198147049693
1.004097690492302
1.003216059359837
1.002513065428992
1.001955144692846
1.00151443249636
1.001167931565418
1.000896771693513
1.000685557638773
1.000521800177892
1.000395424181051
1.000298346930018
1.000224119619398
1.000167624982959
1.000124824204686
1.000092546647493
1.00006831641024
1.000050210263179
1.00003674207925
1.000026769447071
1.000019418701587
1.000014025126138
1.000010085556316
1.000007221046459
1.000005147641916
1.000003653634899
1.00000258197078
1.000001816718314
1.000001272725384
1.000000887755585
1.000000616544573
1.000000426332729
1.000000293526138
1.000000201214643
1.000000137337102
1.000000093332409
1.000000063153029
1.000000042547479
1.000000028541201
1.000000019062956
1.000000012677357
1.000000008394377
1.000000005534399
1.000000003633084
1.000000002374676
1.000000001545461
1.000000001001469
1.000000000646165
1.000000000415123
1.000000000265546
1.000000000169134
1.000000000107264
1.000000000067734
1.000000000042588
1.000000000026663
1.000000000016621
1.000000000010317
1.000000000006376
1.000000000003924
1.000000000002404
1.000000000001467
1.000000000000891
1.000000000000539
1.000000000000325
1.000000000000195
1.000000000000116
1.000000000000069
1.000000000000041
1.000000000000024
1.000000000000013
1.000000000000007
1.000000000000003
1.000000000000001
1
1
1
1
1
1
1
1
1
1
1
1
1
1
1.000000000000002
1.000000000000005
1.000000000000011
1.000000000000024
1.00000000000005
1.000000000000104
1.000000000000214
1.000000000000433
1.000000000000869
1.000000000001721
1.000000000003368
1.000000000006511
1.000000000012433
1.000000000023454
1.000000000043706
1.000000000080461
1.000000000146338
1.000000000262952
1.000000000466838
1.000000000818948
1.000000001419647
1.000000002432078
1.000000004118065
1.000000006892535
1.000000011404933
1.000000018659467
1.0000000301905
1.00000004831535
1.000000076494512
1.000000119839459
1.000000185821226
1.000000285249896
1.000000433616757
1.000000652918734
1.000000974120321
1.00000144045362
1.000002111814865
1.000003070588756
1.000004429323573
1.000006340794042
1.000009011129588
1.000012716856987
1.000017826913066
1.000024830928833
1.000034375374966
1.000047309492612
1.000064743314548
1.000088120509873
1.000119309258334
1.000160714873173
1.000215418435471
1.000287346265478
1.000381475618889
1.000504082533769
1.00072449590798
1.000948631461097
1.001236521279065
1.001604581732719
1.002072949127666
1.002666181467973
1.003414055993244
1.004352466488484
1.005524422037017
1.006981145822299
1.008783268713882
1.011002107645599
1.013721013188824
1.017036764256581
1.021060980608517
1.025921515881116
1.031763785423763
1.038751974530858
1.04707006404669
1.05692260217975
1.068535144161279
1.082154275642828
1.098047132017588
1.116500324761874
1.137818188015454
1.162320264506696
1.190337960064298
1.222210310714731
1.258278825965495
1.298881396350084
1.344345282465401
1.394979236114188
1.451064841045351
1.512847200151247
1.580525136544097
1.654241116151713
1.734071137593649
1.820014869219997
1.911986341340627
2.009805521885388
2.113191114180061
2.221754914593368
2.33499805424245
2.452309421916611
2.572966524605099
2.696138987812025
2.820894831177334
2.946209577426135
3.070978166608221
3.194029555814176
3.314143790396592
3.430071239870907
3.540553604000919
3.644346215983761
3.740241103853328
3.827090221561394
3.903828230454153
3.969494202097732
4.023251625821795
4.064406139200221
4.092420456232556
4.106926044504995
4.107731196442735
4.094825247450094
4.068378811142792
4.028740024414476
3.976426917904806
3.912116145693694
3.836628417100213
3.750911069122358
3.656018296761066
3.553089617474435
3.443327183467432
3.327972570582062
3.208283665351541
3.085512243414536
2.960882784916246
2.835573008457458
2.710696527875755
2.587287949336436
2.466290633758395
2.34854725539434
2.234793195143703
2.125652720282014
2.021637823654191
1.923149527341818
1.830481400082499
1.74382499533758
1.663276888265566
1.588846974743249
1.520467693222163
1.45800383939647
1.401262662818663
1.35000396191711
1.303949927395677
1.262794521751505
1.226212222717021
1.193865999042545
1.165414426617586
1.140517890161342
1.11884384955036
1.100071179532028
1.083893616612726
1.070022367084796
1.058187945473207
1.048141323342863
1.039654474768316
1.032520407302205
1.026552766535068
1.021585098904257
1.017469851876502
1.014077183569523
1.01129364582283
1.009020796148842
1.007173785297323
1.005679958681003
1.004477501897562
1.003514153232126
1.002745999460631
1.002136365566303
1.001654804150527
1.00127618634745
1.000979892891908
1.000749101573787
1.000570165557023
1.000432075858587
1.000326000581387
1.000244893186704
1.000183162093868
1.000136394132795
1.000101124782908
1.000074648653924
1.000054864253505
1.000040147706619
1.000029250712594
1.000021218626943
1.000015325120816
1.00001102039177
1.000007890369845
1.000005624780745
1.000003992293553
1.000002821296283
1.000001985112041
1.000001390695963
1.000000970042947
1.000000673693089
1.000000465850273
1.000000320733652
1.00000021986566
1.000000150067199
1.000000101983627
1.000000069006857
1.000000046491331
1.000000031186776
1.000000020829967
1.000000013852467
1.000000009172485
1.000000006047405
1.00000000396985
1.000000002594796
1.000000001688717
1.0000000010943
1.000000000706062
1.000000000453604
1.000000000290161
1.000000000184812
1.000000000117207
1.000000000074012
1.000000000046536
1.000000000029135
1.000000000018162
1.000000000011273
1.000000000006967
1.000000000004288
1.000000000002627
1.000000000001603
1.000000000000974
1.000000000000589
1.000000000000355
1.000000000000213
1.000000000000127
1.000000000000076
1.000000000000045
1.000000000000026
1.000000000000014
1.000000000000008
1.000000000000003
1.000000000000001
1
1
1
1
1
1
1
1
1
1
1
1
1
1
1.000000000000002
1.000000000000006
1.000000000000012
1.000000000000026
1.000000000000055
1.000000000000114
1.000000000000233
1.000000000000474
1.000000000000949
1.000000000001881
1.000000000003681
1.000000000007115
1.000000000013586
1.000000000025629
1.000000000047759
1.000000000087922
1.000000000159908
1.000000000287334
1.000000000510125
1.000000000894881
1.000000001551272
1.000000002657566
1.00000000449986
1.000000007531543
1.000000012462265
1.000000020389322
1.00000003298931
1.000000052794357
1.000000083585731
1.000000130948715
1.000000203046874
1.000000311692324
1.000000473812299
1.000000713442699
1.000001064418216
1.00000157397826
1.000002307570999
1.00000335521757
1.00000483989859
1.000006928549769
1.000009846407022
1.000013895628816
1.000019479349236
1.000027132583766
1.000037561725111
1.000051694731307
1.00007074452485
1.000096288589333
1.000130368266862
1.000175611819837
1.000235385915222
1.00031398080402
1.000416835083356
1.00055080651608
1.000788161534961
1.001031993049485
1.001345181217871
1.001745584987888
1.002255110127233
1.002900472653698
1.00371406645462
1.004734939446498
1.006009880091784
1.007594612756195
1.00955509617916
1.011968914187468
1.014926741684394
1.018533861911217
1.02291170307386
1.028199353783463
1.03455500757403
1.04215727730617
1.05120631089558
1.061924630949616
1.0745576130605
1.089373511259381
1.106662935099314
1.126737681651316
1.149928828006357
1.176583996280809
1.207063714149286
1.241736809982955
1.280974802994772
1.325145275419629
1.374604245474194
1.429687596156425
1.490701655065821
1.557913063250969
1.631538115218423
1.711731795989121
1.798576782559311
1.892072714242434
1.992126066987277
2.098540988756664
2.211011464412977
2.329115177545783
2.452309421916611
2.57992938579346
2.711189088090558
2.845185186263327
2.980903803386282
3.117230437535082
3.252962922971005
3.386827312786032
3.517496450234791
3.643610894966101
3.76380177499358
3.876715049748295
3.981036597978959
4.075517490241467
4.158998772276703
4.23043507495318
4.288916379957715
4.333687308329411
4.364163360445864
4.379943619309064
4.380819531057188
4.366779493775557
4.338009113405289
4.294887118853724
4.237977062029079
4.168015057170952
4.085893932485201
3.992644271155303
3.889412904425904
3.777439483641615
3.658031798875227
3.532540528162577
3.402334093527065
3.268774269116602
3.133193135026344
2.996871900685237
2.861022037616757
2.726769066949573
2.595139246477285
2.467049299582348
2.343299227992519
2.224568155807886
2.111413066690015
2.004270222088677
1.903458987752218
1.809187749661551
1.721561569372193
1.640591212305184
1.566203179966484
1.498250387070321
1.436523145386024
1.380760145845984
1.330659166924699
1.285887278372546
1.246090352978942
1.21090174321855
1.179950022694044
1.152865732793215
1.129287111789006
1.108864815900001
1.091265669069395
1.076175500168686
1.063301142995016
1.052371686027844
1.043139065830438
1.035378100738916
1.028886060672556
1.023481865162315
1.019004995675092
1.015314200631802
1.012286062754219
1.009813489042664
1.007804174224123
1.00617907927967
1.004870957943194
1.003822956066561
1.002987301605601
1.002324096771781
1.001800218638785
1.00138833017238
1.001066000214453
1.000814928323339
1.000620268463404
1.000470044250061
1.000354647693369
1.000266413047915
1.000199257378994
1.000148379713897
1.000110011090872
1.000081208386151
1.000059685440762
1.00004367568313
1.000031821119237
1.000023083215983
1.000016671818916
1.000011988812083
1.000008583739387
1.000006119061349
1.00000434311896
1.000003069219898
1.000002159555577
1.000001512904837
1.000001055286635
1.00000073289478
1.00000050678757
1.000000348918659
1.000000239186762
1.00000016325466
1.000000110945665
1.000000075071001
1.000000050576878
1.000000033927402
1.000000022660464
1.000000015069799
1.000000009978549
1.000000006578843
1.000000004318717
1.000000002822824
1.000000001837121
1.000000001190468
1.00000000076811
1.000000000493466
1.00000000031566
1.000000000201053
1.000000000127507
1.000000000080517
1.000000000050626
1.000000000031695
1.000000000019758
1.000000000012264
1.00000000000758
1.000000000004665
1.000000000002858
1.000000000001744
1.000000000001059
1.000000000000641
1.000000000000386
1.000000000000232
1.000000000000138
1.000000000000082
1.000000000000048
1.000000000000028
1.000000000000016
1.000000000000008
1.000000000000004
1.000000000000001
1
1
1
1
1
1
1
1
1
1
1
1
1
1
1.000000000000003
1.000000000000006
1.000000000000013
1.000000000000028
1.00000000000006
1.000000000000124
1.000000000000254
1.000000000000515
1.000000000001033
1.000000000002046
1.000000000004004
1.00000000000774
1.000000000014781
1.000000000027882
1.000000000051958
1.000000000095652
1.000000000173966
1.000000000312593
1.000000000554967
1.000000000973543
1.000000001687629
1.000000002891161
1.000000004895379
1.00000000819352
1.0000000135576
1.000000022181351
1.000000035888712
1.000000057434335
1.000000090931793
1.000000142457202
1.000000220891536
1.000000339084949
1.000000515452216
1.000000776141468
1.000001157960717
1.000001712300653
1.000002510360856
1.000003650073251
1.000005265225604
1.000007537423373
1.000010711695406
1.00001511675273
1.000021191155279
1.000029516933527
1.000040862554984
1.000056237522584
1.000076961344971
1.000104750127647
1.000141824596078
1.000191043971437
1.000256070766411
1.00034157223715
1.000453464896078
1.000599209129465
1.000853643015629
1.001117732244182
1.001456940299928
1.00189060985036
1.002442466590832
1.003141446099897
1.004022633539888
1.005128320915045
1.006509183855194
1.008225576282289
1.010348936756628
1.012963294729755
1.016166858326645
1.020073657659966
1.024815209118317
1.030542156708322
1.037425836581634
1.04565970063835
1.055460524949494
1.067069319150196
1.080751844469546
1.096798641299901
1.115524462837054
1.137267010040283
1.16238486566189
1.191254532032524
1.224266489231064
1.261820207655737
1.30431807210803
1.352158203339588
1.405726197364083
1.465385842168256
1.531468914910682
1.60426420908016
1.684005988879256
1.77086211548556
1.864922134759412
1.96618565617019
2.074551385875975
2.189807200707199
2.311621662110957
2.439537368017631
2.572966524605099
2.711189088090558
2.853353778637899
2.998482204604137
3.145476256801151
3.293128841138283
3.440137916610338
3.585123697460658
3.726648767407065
3.863240744412747
3.993417031187187
4.115711094002808
4.228699634888695
4.331029963750831
4.421446840746813
4.498818047738184
4.562157962272121
4.610648448606035
4.643656446912744
4.660747731957815
4.661696423100121
4.646489954346207
4.615329351525788
4.568624808036168
4.506986695322908
4.43121228360125
4.342268576816257
4.241271778548692
4.129463998311028
4.008187877197933
3.87885985599243
3.74294282657303
3.601918898982137
3.45726298309188
3.310417827754861
3.162771084841602
3.015634874514569
2.870228225808315
2.72766265765284
2.588931054478794
2.454899881859614
2.326304685261786
2.203748722320702
2.087704498894267
1.978517913479893
1.876414664643984
1.781508542369018
1.693811206413659
1.6132430520073
1.539644774026787
1.472789263378851
1.412393501498922
1.358130158379385
1.309638644026479
1.26653541045756
1.228423349199891
1.194900175889336
1.165565737436714
1.140028217098633
1.117909247761067
1.098847973247625
1.082504121236075
1.068560169413737
1.056722699062521
1.046723037759123
1.03831729586216
1.031285900581811
1.025432727380288
1.020583921931981
1.016586497554602
1.01330678353153
1.010628789637305
1.008452541929567
1.006692434873146
1.005275635420969
1.004140566015137
1.003235485737613
1.002517182114504
1.001949780385634
1.001503672371352
1.001154563345347
1.000882632475193
1.000671800324467
1.000509095516693
1.000384111834875
1.000288546667093
1.000215811711155
1.000160707131556
1.000119150842672
1.000087955207062
1.000064644132394
1.000047304280816
1.000034464836483
1.000025000985156
1.000018056926455
1.000012984852997
1.000009296884798
1.000006627439582
1.000004703950478
1.000003324214729
1.00000233897457
1.000001638599354
1.000001142961657
1.00000079378504
1.0000005488925
1.000000377907578
1.000000259058957
1.000000176818265
1.000000120163329
1.000000081308115
1.00000005477896
1.000000036746201
1.000000024543174
1.000000016321853
1.000000010807606
1.000000007125441
1.000000004677535
1.000000003057357
1.000000001989758
1.000000001289377
1.000000000831929
1.000000000534466
1.000000000341887
1.000000000217758
1.000000000138101
1.000000000087207
1.000000000054832
1.000000000034329
1.0000000000214
1.000000000013283
1.00000000000821
1.000000000005052
1.000000000003096
1.000000000001889
1.000000000001148
1.000000000000694
1.000000000000418
1.000000000000251
1.00000000000015
1.000000000000089
1.000000000000053
1.000000000000031
1.000000000000017
1.00000000000001
1.000000000000005
1.000000000000001
1
1
1
1
1
1
1
1
1
1
1
1
1
1.000000000000001
1.000000000000003
1.000000000000007
1.000000000000014
1.00000000000003
1.000000000000064
1.000000000000134
1.000000000000275
1.000000000000558
1.000000000001119
1.000000000002216
1.000000000004337
1.000000000008384
1.000000000016009
1.000000000030199
1.000000000056277
1.000000000103603
1.000000000188425
1.000000000338573
1.00000000060109
1.000000001054451
1.000000001827879
1.000000003131424
1.000000005302187
1.000000008874391
1.000000014684196
1.00000002402452
1.00000003887085
1.000000062206712
1.000000098487459
1.000000154294044
1.000000239245317
1.000000367259077
1.000000558280071
1.000000840628912
1.000001254171739
1.000001854568937
1.000002718935541
1.000003953339907
1.000005702685197
1.00000816366504
1.000011601665755
1.000016372708268
1.000022951788781
1.000031969293712
1.000044257535864
1.000060909888852
1.000083355487462
1.000113453012783
1.00015360768987
1.000206916285856
1.000277345596953
1.000369950636962
1.000491139464107
1.000648992275286
1.000920489700513
1.001205258980044
1.001571029388488
1.00203865824472
1.002633729112345
1.003387443402438
1.004337633657905
1.00552990360077
1.007018897064517
1.008869694040146
1.011159327147035
1.013978405833713
1.017432828492129
1.021645554452465
1.026758398594348
1.032933801215144
1.040356515068186
1.049235140442401
1.05980342821124
1.072321260436785
1.087075208964734
1.104378565153203
1.124570729164569
1.148015845866789
1.175100577087006
1.206230907440079
1.241827893832349
1.282322287490393
1.328147982267792
1.379734274079879
1.437496953358062
1.501828294827535
1.573086055769183
1.651581643942014
1.737567667878481
1.83122513336291
1.932650598336552
2.04184364182438
2.158695038238287
2.282976054092135
2.414329297433839
2.552261549118946
2.696138987812025
2.845185186263326
2.998482204604137
3.154975037538888
3.313479587614178
3.472694238283981
3.63121499114902
3.787554015145804
3.940161335831519
4.087449274938066
4.227819138982762
4.359689555872616
4.481525774844138
4.591869181986716
4.689366244539805
4.772796084748268
4.841095899834315
4.893383488921614
4.928976219588283
4.947405863938979
4.948428853303207
4.932031637481979
4.898430983634293
4.848069205581263
4.781604470357792
4.699896479089763
4.603987957830164
4.495082515522427
4.374519526258585
4.243746767963763
4.104291597231506
3.957731459168139
3.805664521954897
3.649681189795137
3.4913371874763
3.332128828379631
3.173470979588752
3.016678127458696
2.862948829544419
2.713353719097477
2.56882711114536
2.430162148766786
2.298009328267155
2.172878155515569
2.055141614896227
1.945043078480121
1.842705246636573
1.748140692099936
1.661263576515468
1.581902120162577
1.509811429897225
1.444686325062893
1.386173843715211
1.333885159475035
1.287406690234336
1.246310231535577
1.21016199773456
1.17853050136121
1.150993244083946
1.127142230393139
1.106588346933177
1.088964676045735
1.073928831547069
1.061164418305868
1.05038172526979
1.041317764808913
1.033735770299502
1.027424259507335
1.022195764299779
1.017885318247034
1.014348783438576
1.011461086941062
1.009114426272758
1.007216492489106
1.005688749293686
1.004464797249333
1.003488843824595
1.002714292758631
1.002102460089674
1.00162141914588
1.001244972782783
1.000951748081478
1.000724406491945
1.000548960903134
1.000414190230278
1.000311141718128
1.000232711161543
1.000173291547084
1.000128481137511
1.000094842684286
1.000069706202141
1.000051008527274
1.000037163669989
1.000026958736174
1.000019470910981
1.000014001659658
1.000010024898143
1.000007146416737
1.000005072304832
1.000003584525877
1.000002522134245
1.000001766914475
1.000001232464627
1.000000855944819
1.000000591875293
1.000000407500904
1.000000279345481
1.000000190664672
1.000000129573182
1.000000087675275
1.000000059068658
1.000000039623774
1.00000002646514
1.000000017600015
1.00000001165395
1.000000007683436
1.000000005043835
1.000000003296782
1.000000002145578
1.00000000139035
1.000000000897079
1.000000000576321
1.000000000368661
1.000000000234811
1.000000000148916
1.000000000094036
1.000000000059126
1.000000000037017
1.000000000023076
1.000000000014323
1.000000000008852
1.000000000005448
1.000000000003338
1.000000000002037
1.000000000001237
1.000000000000749
1.000000000000451
1.00000000000027
1.000000000000162
1.000000000000096
1.000000000000057
1.000000000000033
1.000000000000019
1.00000000000001
1.000000000000005
1.000000000000002
1
1
1
1
1
1
1
1
1
1
1
1
1
1.000000000000001
1.000000000000003
1.000000000000007
1.000000000000016
1.000000000000033
1.000000000000069
1.000000000000144
1.000000000000296
1.000000000000601
1.000000000001206
1.00000000000239
1.000000000004677
1.000000000009041
1.000000000017264
1.000000000032566
1.000000000060686
1.000000000111719
1.000000000203186
1.000000000365096
1.000000000648176
1.000000001137048
1.000000001971056
1.000000003376701
1.000000005717486
1.000000009569469
1.000000015834298
1.000000025906145
1.000000041915201
1.000000067078644
1.000000106200732
1.000000166377785
1.00000025798191
1.000000396020817
1.000000602001128
1.000000906461233
1.000001352389166
1.000001999804029
1.00000293185965
1.000004262930463
1.000006149266777
1.000008802964971
1.00001251019328
1.000017654851914
1.000024749133007
1.000034472787086
1.000047723303337
1.000065679674645
1.000089882947469
1.000122337350944
1.000165636456194
1.000223119528686
1.000299063991847
1.000398920701039
1.00052959950791
1.000699813341596
1.000988195796163
1.001293910988481
1.001686585231487
1.002188609966503
1.002827450508454
1.003636603228304
1.004656683367089
1.005936648936602
1.007535162984914
1.009522092325159
1.011980135546643
1.015006566679686
1.018715073240213
1.023237658559304
1.028726568392643
1.035356190967222
1.043324868105684
1.052856543215213
1.064202160179401
1.077640716088769
1.093479860922463
1.112055929464448
1.133733285677101
1.158902858270609
1.187979749101226
1.221399804061471
1.259615049950148
1.303087920938565
1.352284224984335
1.40766483392826
1.469676120775982
1.538739213197793
1.615238182583469
1.699507341683266
1.791817879192917
1.892364114496683
2.001249707778265
2.118474207249649
2.243920353637733
2.377342589638354
2.518357236293085
2.666434796976718
2.820894831177334
2.980903803386282
3.14547625680115
3.313479587614177
3.483642604730929
3.654567954061113
3.824748369139727
3.9925865846578
4.156418621053556
4.314540021664613
4.465234504363297
4.60680438240207
4.737602019452503
4.856061516086355
4.960729783016729
5.050296143098717
5.1236196210233
5.179753127171955
5.217963819224763
5.23774902947854
5.238847273817236
5.221244005154992
5.185171934313511
5.131105908432983
5.059752504545984
4.972034657243248
4.869071788106727
4.752156035059735
4.622725287138425
4.482333810666819
4.332621303911147
4.175281237830374
4.012029330717349
3.844572965832683
3.674582296250422
3.503663693750891
3.333336093192632
3.165010665393648
2.999974125449836
2.839375854924485
2.684218890528546
2.535354713389748
2.393481665750876
2.259146729136658
2.132750322011754
2.014553717144992
1.904688639832181
1.803168587513107
1.709901408107039
1.624702686923885
1.547309518142351
1.477394274106893
1.414578031424082
1.358443364336944
1.308546270510065
1.26442704974961
1.225620010170645
1.191661927108079
1.162099226220824
1.136493902722305
1.114428222824514
1.095508281001238
1.079366507567674
1.065663235613538
1.054087445002784
1.044356804609971
1.036217132949033
1.029441392664973
1.023828326811933
1.019200835212574
1.015404178206583
1.012304083394607
1.009784819119876
1.007747286856409
1.006107173743511
1.004793196479847
1.003745458837404
1.002913937270141
1.002257102502704
1.001740679567103
1.001336544445346
1.001021752180165
1.000777688922183
1.000589338768627
1.00044465529192
1.000334027235957
1.000249827860768
1.000186037740728
1.000137931377882
1.000101818703856
1.000074833347949
1.000054760394398
1.000039897199085
1.000028941655757
1.000020903073611
1.000015031538423
1.000010762270925
1.000007672065987
1.000005445394878
1.000003848183707
1.000002707648728
1.000001896879307
1.000001323118324
1.000000918903785
1.000000635410723
1.00000043747472
1.000000299892839
1.000000204689111
1.000000139104025
1.000000094124305
1.000000063413514
1.000000042538349
1.000000028411821
1.000000018894612
1.000000012511178
1.000000008248607
1.000000005414845
1.000000003539284
1.000000002303402
1.000000001492621
1.000000000963067
1.000000000618715
1.000000000395779
1.000000000252084
1.00000000015987
1.000000000100953
1.000000000063476
1.00000000003974
1.000000000024773
1.000000000015377
1.000000000009504
1.000000000005849
1.000000000003584
1.000000000002187
1.000000000001328
1.000000000000804
1.000000000000484
1.00000000000029
1.000000000000173
1.000000000000103
1.000000000000061
1.000000000000036
1.00000000000002
1.000000000000011
1.000000000000006
1.000000000000002
1
1
1
1
1
1
1
1
1
1
1
1
1
1.000000000000001
1.000000000000003
1.000000000000008
1.000000000000017
1.000000000000036
1.000000000000074
1.000000000000155
1.000000000000318
1.000000000000645
1.000000000001295
1.000000000002566
1.000000000005021
1.000000000009706
1.000000000018534
1.000000000034962
1.000000000065152
1.00000000011994
1.000000000218137
1.000000000391961
1.000000000695869
1.00000000122071
1.000000002116078
1.000000003625137
1.000000006138132
1.000000010273496
1.000000016999206
1.000000027811988
1.000000044998733
1.00000007201327
1.000000114013254
1.000000178616994
1.000000276959548
1.00000042515255
1.000000646284579
1.000000973140321
1.000001451869849
1.000002146907025
1.000003147522118
1.000004576502432
1.000006601591324
1.000009450485957
1.000013430403676
1.000018953482419
1.000026569588469
1.000037008471117
1.000051233633871
1.000070510789632
1.000096494335288
1.000131335919196
1.000177819879912
1.000239531098749
1.000321061619684
1.000428263228426
1.00056855402086
1.000751287792402
1.001056205308624
1.001382960270285
1.001802658898741
1.002339233630803
1.003022039963067
1.00388687950783
1.004977162670653
1.006345216780063
1.008053742104374
1.01017741372316
1.012804621578286
1.016039334137976
1.020003062935871
1.02483689581917
1.030703556147673
1.037789433602076
1.046306519950352
1.056494170451777
1.068620599021157
1.082984003408982
1.099913206154016
1.119767688696826
1.142936890634077
1.169838644506723
1.200916619609086
1.236636656888465
1.277481891781073
1.3239465833439
1.376528596616935
1.435720520831812
1.501999448585839
1.575815489765564
1.657579147769383
1.747647742968276
1.846311127478018
1.953776993947696
2.070156136643498
2.195448072849978
2.329527473642796
2.472131882554113
2.622851215878061
2.781119537009054
2.946209577426135
3.117230437535081
3.293128841138282
3.47269423828398
3.654567954061113
3.837256467928571
4.019148782705581
4.19853770855612
4.37364475003325
4.542648148882914
4.703713507498616
4.855026303346117
4.9948255087573
5.121437458096
5.233309059482074
5.329039434024901
5.40740908361709
5.467405739144203
5.508246123399312
5.529392974537385
5.530566812698163
5.511752089412714
5.473197530571031
5.415410662368306
5.339146688707209
5.245392060933817
5.135343239768241
5.010381288744764
4.872043053219111
4.721989765016939
4.561973967407591
4.393805677041942
4.219318688994791
4.04033788969705
3.858648373194674
3.675967062773799
3.493917427334042
3.314007755341807
3.137613314414511
2.96596258724964
2.80012764013965
2.641018553635351
2.489381730281091
2.345801795157458
2.210706723718822
2.08437576962724
1.966949723533162
1.858443011717772
1.758757140079541
1.667695002342898
1.584975599299772
1.510248755719451
1.443109470438195
1.383111590182084
1.329780556092225
1.282625031124819
1.241147274202403
1.20485218127149
1.173254962751384
1.145887470128645
1.122303220956177
1.102081200928233
1.084828544031952
1.070182207316587
1.057809766094648
1.047409459084047
1.038709611916184
1.031467562427268
1.025468203083697
1.020522245601111
1.016464301073537
1.013150856422157
1.010458215292748
1.008280459160943
1.006527472723165
1.005123066934609
1.004003223486537
1.003114476193846
1.002412437720927
1.001860474283568
1.001428526358112
1.001092069906405
1.000831210066546
1.000629897535187
1.000475256844511
1.000357015287554
1.000267021248615
1.000198841042322
1.00014742395958
1.000108825979559
1.000079983466329
1.000058529072318
1.00004264297637
1.000030933460414
1.000022341653605
1.000016066032054
1.000011502947932
1.000008200070766
1.000005820156848
1.000004113023094
1.000002893994598
1.000002027426596
1.000001414178311
1.000000982144929
1.000000679141282
1.000000467582886
1.000000320532299
1.000000218776415
1.000000148677592
1.000000100602244
1.000000067777847
1.000000045465991
1.000000030367229
1.000000020195013
1.000000013372248
1.000000008816311
1.000000005787519
1.000000003782875
1.000000002461933
1.000000001595351
1.00000000102935
1.000000000661298
1.000000000423019
1.000000000269434
1.000000000170873
1.000000000107902
1.000000000067845
1.000000000042475
1.000000000026478
1.000000000016435
1.000000000010158
1.000000000006251
1.00000000000383
1.000000000002337
1.00000000000142
1.000000000000859
1.000000000000517
1.00000000000031
1.000000000000185
1.00000000000011
1.000000000000065
1.000000000000038
1.000000000000022
1.000000000000012
1.000000000000006
1.000000000000002
1
1
1
1
1
1
1
1
1
1
1
1
1
1.000000000000001
1.000000000000004
1.000000000000008
1.000000000000018
1.000000000000038
1.00000000000008
1.000000000000166
1.00000000000034
1.00000000000069
1.000000000001384
1.000000000002742
1.000000000005367
1.000000000010375
1.00000000001981
1.00000000003737
1.000000000069638
1.000000000128198
1.000000000233156
1.000000000418947
1.000000000743777
1.000000001304748
1.000000002261753
1.000000003874692
1.000000006560671
1.000000010980692
1.000000018169353
1.0000000297264
1.000000048096123
1.000000076970068
1.000000121860868
1.000000190911167
1.000000296022391
1.00000045441505
1.000000690766775
1.00000104011862
1.000001551796869
1.000002294669939
1.000003364151957
1.00000489148081
1.000007055944417
1.000010100910651
1.000014354740308
1.000020257935613
1.000028398205841
1.000039555523118
1.000054759701108
1.000075363561344
1.000103135359081
1.00014037482248
1.000190057912336
1.000256016226356
1.000343157838771
1.000457737262033
1.000607683113438
1.000802992926009
1.001123918509419
1.001471621561971
1.001918226817632
1.002489200992788
1.003215781527892
1.00413606522972
1.005296245486175
1.006752004257882
1.008570061437669
1.010829879415184
1.013625514679502
1.017067600959397
1.021285439705546
1.026429163686656
1.032671928200222
1.040212072072528
1.049275177523858
1.060115944493397
1.073019781656308
1.088304003737851
1.106318513557115
1.127445838328465
1.152100383993357
1.180726769666776
1.213797107574699
1.25180710299188
1.295270864412642
1.344714337080343
1.40066730340792
1.463653931790998
1.53418190054272
1.612730175464489
1.699735576778999
1.795578332220623
1.900566876003527
2.014922215778166
2.138762248823752
2.272086461656473
2.414761490895652
2.56650805458629
2.726889779378916
2.895304447526196
3.07097816660822
3.252962922971004
3.440137916610337
3.631214991149019
3.824748369139726
4.01914878270558
4.212701956025139
4.403591253797412
4.589924163755406
4.769762137252232
4.941153175941913
5.102166430659696
5.250927976537208
5.385656851350212
5.504700396406889
5.606567924136881
5.68996175580113
5.753804726804603
5.797263344811608
5.81976590456062
5.821015008838908
5.800994112127957
5.759967885565861
5.698476391965661
5.617323250167531
5.517558151455566
5.400454259945573
5.267481177244334
5.120274273779701
4.960601280731816
4.790327094606762
4.61137776985623
4.425704663775418
4.23524965390498
4.041912274368652
3.847519518193124
3.653798932776842
3.462355501011301
3.274652657136796
3.091997640273016
2.915531245471059
2.746221897333832
2.584863849263036
2.432079205844548
2.288323379426831
2.153893526200204
2.028939462657092
1.913476539865111
1.807399949332553
1.710499948499954
1.622477523615009
1.542960050125977
1.471516562738031
1.407672305847864
1.350922297232348
1.300743700866032
1.256606866145275
1.217984948555599
1.184362079310785
1.155240097535924
1.130143897411402
1.108625473992688
1.090266775181601
1.074681483861585
1.061515864077021
1.050448809068361
1.041191227821201
1.033484901458716
1.027100932223256
1.021837896841991
1.017519803575353
1.013993938938438
1.011128676592028
1.008811307737021
1.006945939915888
1.005451499721253
1.004259864729142
1.003314141119668
1.002567095953467
1.001979746910735
1.001520107397842
1.001162081178002
1.000884497959953
1.000670279543736
1.000505725034581
1.000379903157518
1.000284139708723
1.00021158854857
1.000156875174207
1.000115802719159
1.000085111142007
1.000062281327707
1.000045376788757
1.000032916585814
1.000023773965131
1.000017096018077
1.00001224039765
1.000008725774968
1.000006193285978
1.000004376708604
1.000003079528602
1.000002157405137
1.000001504841594
1.000001045110571
1.000000722681341
1.000000497559898
1.000000341081854
1.000000232802358
1.000000158209462
1.00000010705197
1.000000072123174
1.000000048380882
1.000000032314122
1.000000021489752
1.00000001422957
1.000000009381545
1.000000006158572
1.000000004025405
1.000000002619775
1.000000001697634
1.000000001095345
1.000000000703696
1.00000000045014
1.000000000286708
1.000000000181829
1.00000000011482
1.000000000072194
1.000000000045198
1.000000000028176
1.000000000017489
1.000000000010809
1.000000000006652
1.000000000004076
1.000000000002487
1.000000000001511
1.000000000000914
1.000000000000551
1.00000000000033
1.000000000000197
1.000000000000117
1.000000000000069
1.000000000000041
1.000000000000024
1.000000000000013
1.000000000000007
1.000000000000003
1.000000000000001
1
1
1
1
1
1
1
1
1
1
1
1
1.000000000000001
1.000000000000004
1.000000000000009
1.000000000000019
1.00000000000004
1.000000000000085
1.000000000000176
1.000000000000362
1.000000000000735
1.000000000001473
1.000000000002918
1.000000000005711
1.00000000001104
1.000000000021081
1.000000000039767
1.000000000074105
1.000000000136421
1.00000000024811
1.000000000445816
1.000000000791477
1.000000001388423
1.000000002406797
1.000000004123166
1.000000006981378
1.000000011684818
1.000000019334421
1.000000031632498
1.000000051180059
1.000000081905326
1.000000129674372
1.00000020315189
1.000000315002338
1.000000483550272
1.000000735055459
1.000001106805493
1.000001651289038
1.000002441789751
1.000003579838858
1.00000520508802
1.000007508319428
1.000010748503405
1.00001527505209
1.000021556708425
1.000030218859809
1.000042091482397
1.0000582704111
1.000080195196548
1.00010974745626
1.000149374352977
1.000202242634752
1.000272429540615
1.00036515779791
1.000487082890859
1.000646641733412
1.000854472790862
1.001190699859001
1.001559062710471
1.002032204296282
1.002637104496142
1.003406856793114
1.004381821599524
1.005610936983104
1.007153193366266
1.009079274943518
1.011473365525818
1.014435110159435
1.018081716098034
1.022550167494622
1.027999517551662
1.034613209926649
1.042601368131979
1.052202977791027
1.063687872329836
1.077358418527872
1.093550784973426
1.112635664633071
1.135018313311066
1.161137759677157
1.191465040752481
1.226500320231052
1.266768756689767
1.312815005397568
1.365196261687499
1.424473786068847
1.49120289148158
1.565921421010298
1.649136799236782
1.741311801021841
1.842849246204296
1.954075895369182
2.075225887934498
2.20642412645659
2.347670067131575
2.498822422726892
2.659585317396544
2.82949644999878
3.007917821007946
3.194029555814175
3.386827312786032
3.585123697460657
3.787554015145802
3.992586584657799
4.19853770855612
4.403591253797411
4.605822645901409
4.80322692497514
4.993750359338559
5.175324968411998
5.345905177364323
5.503505717886597
5.646239807840828
5.772356592010073
5.880276810128142
5.968625678771421
6.036262030969416
6.082302850320176
6.106142462146583
6.107465798441868
6.086255330329062
6.042791454716362
5.977646323217911
5.89167130326994
5.78597845572525
5.661916592436828
5.52104263455261
5.365089121597203
5.195928818385903
5.015537428380159
4.825955446844145
4.629250175326938
4.427478872373703
4.222653937190407
4.01671091769634
3.811480007395894
3.608661552836488
3.40980594147626
3.216298084960131
3.029346561206741
2.849977335899693
2.67903185473951
2.517169185994948
2.364871801298146
2.222454512974706
2.09007603913235
1.967752642890308
1.855373288262281
1.752715770306924
1.659463308649481
1.57522113837408
1.49953268738581
1.431894991392667
1.371773063511402
1.318613002243519
1.271853686619125
1.230936968496941
1.195316327619748
1.164464003803925
1.137876661794639
1.115079677475685
1.095630159295659
1.079118836291485
1.065170954544179
1.053446328067035
1.043638688904238
1.035474475572545
1.028711189885076
1.023135440594622
1.018560779055278
1.014825418001831
1.011789910251119
1.009334850184558
1.007358647702338
1.005775412258662
1.004512973799878
1.003511058046417
1.002719625619704
1.002097377987671
1.001610428009345
1.00123112888779
1.000937052456364
1.000710105779412
1.000535773895716
1.000402476026302
1.000301022571695
1.000224160614693
1.000166196315111
1.000122683440777
1.000090168247933
1.000065981942856
1.00004807297738
1.000034872418845
1.000025186564874
1.000018111829299
1.00001296769856
1.000009244244463
1.000006561280169
1.000004636765349
1.000003262509361
1.000002285594981
1.000001594257228
1.000001107209729
1.000000765622242
1.0000005271244
1.000000361348633
1.000000246635296
1.000000167610169
1.000000113412946
1.000000076408708
1.000000051255665
1.000000034234226
1.000000022766676
1.000000015075096
1.000000009939001
1.000000006524518
1.000000004264598
1.000000002775445
1.00000000179851
1.000000001160432
1.000000000745511
1.000000000476889
1.000000000303745
1.000000000192633
1.000000000121643
1.000000000076484
1.000000000047884
1.00000000002985
1.000000000018529
1.000000000011451
1.000000000007047
1.000000000004319
1.000000000002635
1.000000000001601
1.000000000000968
1.000000000000583
1.00000000000035
1.000000000000209
1.000000000000124
1.000000000000074
1.000000000000043
1.000000000000025
1.000000000000014
1.000000000000007
1.000000000000003
1.000000000000001
1
1
1
1
1
1
1
1
1
1
1
1
1.000000000000002
1.000000000000004
1.000000000000009
1.00000000000002
1.000000000000043
1.00000000000009
1.000000000000187
1.000000000000384
1.000000000000778
1.000000000001561
1.000000000003092
1.000000000006051
1.000000000011696
1.000000000022335
1.000000000042131
1.00000000007851
1.000000000144531
1.000000000262859
1.000000000472316
1.000000000838523
1.000000001470949
1.000000002549848
1.000000004368225
1.000000007396303
1.000000012379267
1.000000020483474
1.000000033512394
1.000000054221594
1.000000086772725
1.00000013738043
1.000000215224272
1.000000333721243
1.000000512284758
1.000000778734945
1.00000117257503
1.000001749412543
1.000002586885625
1.000003792558428
1.000005514380607
1.00000795447046
1.000011387186051
1.000016182701172
1.000022837610854
1.000032014462116
1.000044592547005
1.000061732813115
1.000084960346616
1.000116268567203
1.000158250043182
1.000214259684207
1.000288616990032
1.000386855010716
1.000516024683862
1.000685064224577
1.000905244209456
1.001255887271562
1.001644416804145
1.002143461336036
1.002781477792212
1.003593371395915
1.004621712134248
1.005918117240967
1.00754480662921
1.009576334169469
1.012101492396159
1.015225381516693
1.019071625402765
1.023784707527231
1.029532388599681
1.036508155059157
1.044933633809088
1.055060893942863
1.067174541144107
1.081593495514728
1.098672329473603
1.118802029884567
1.142410038622429
1.169959419354455
1.201946996428085
1.238900315434339
1.281373285221523
1.329940378703406
1.385189295386956
1.447712022521632
1.518094274199436
1.596903338273039
1.684674418824639
1.781895625848011
1.888991832045315
2.006307686954028
2.134090148335204
2.272470956834942
2.421449539078278
2.580876873143846
2.750440885405784
2.929653965834367
3.11784318723626
3.314143790396591
3.51749645023479
3.726648767407064
3.940161335831518
4.156418621053555
4.37364475003325
4.589924163755406
4.803226924975139
5.011438310194106
5.212392154004666
5.403907261968539
5.583826071963844
5.75005462988023
5.900602859458504
6.033624052781686
6.147452490997789
6.240638126375912
6.311977317206669
6.360538705075149
6.385683456668656
6.387079254936372
6.364707611083239
6.318864272401358
6.250152713354927
6.159470910246339
6.047991804784318
5.917138050914789
5.768551805093338
5.604060456613473
5.425639296883309
5.235372191477518
5.035411344896919
4.827937235485042
4.615119748777578
4.39908145510174
4.181863866188068
3.965397371601415
3.751475405322928
3.541733232553182
3.337631583505496
3.140445201062996
2.951256218545628
2.770952147520981
2.600228137653473
2.439593073977749
2.289379003515518
2.149753333510874
2.020733217357613
1.902201540210984
1.793923932204161
1.695566270403322
1.606712177989062
1.526880087267966
1.45553949856621
1.392126136516313
1.33605577564422
1.286736575776758
1.243579832330009
1.206009105194645
1.173467741384138
1.145424850017587
1.121379823181635
1.100865522766694
1.083450271851156
1.068738800233424
1.056372298104941
1.046027730568254
1.037416559749777
1.030283011665398
1.024402012760349
1.019576907081357
1.015637050167832
1.012435360671025
1.009845896001646
1.007761504416759
1.006091593214313
1.0047600413255
1.003703274700681
1.002868514510183
1.002212201296366
1.001698592735937
1.00129852848283
1.000988352519832
1.00074898139678
1.000565105517335
1.000424510101818
1.000317502457314
1.000236432598593
1.000175294970534
1.000129399927474
1.000095104646876
1.000069594229066
1.000050704811636
1.000036781568949
1.000026565448007
1.000019103394741
1.000013677640037
1.000009750339028
1.000006920491042
1.000004890615066
1.000003441122762
1.000002410725224
1.000001681538726
1.000001167826739
1.000000807538259
1.00000055598328
1.000000381131704
1.000000260138086
1.000000176786512
1.000000119622108
1.000000080591964
1.000000054061839
1.000000036108506
1.000000024013126
1.000000015900443
1.000000010483153
1.000000006881731
1.000000004498083
1.000000002927399
1.000000001896978
1.000000001223966
1.000000000786328
1.000000000502999
1.000000000320375
1.000000000203181
1.000000000128303
1.000000000080672
1.000000000050506
1.000000000031485
1.000000000019543
1.000000000012079
1.000000000007433
1.000000000004555
1.000000000002779
1.000000000001689
1.000000000001021
1.000000000000615
1.000000000000369
1.00000000000022
1.000000000000131
1.000000000000077
1.000000000000046
1.000000000000027
1.000000000000015
1.000000000000008
1.000000000000003
1.000000000000001
1
1
1
1
1
1
1
1
1
1
1
1
1.000000000000002
1.000000000000004
1.00000000000001
1.000000000000021
1.000000000000045
1.000000000000094
1.000000000000197
1.000000000000405
1.000000000000821
1.000000000001646
1.000000000003261
1.000000000006382
1.000000000012337
1.000000000023558
1.000000000044439
1.000000000082811
1.000000000152447
1.000000000277256
1.000000000498185
1.000000000884447
1.000000001551506
1.000000002689489
1.00000000460744
1.000000007801334
1.000000013057154
1.00000002160512
1.000000035347447
1.000000057190574
1.000000091524005
1.000000144902641
1.000000227008623
1.000000351993523
1.000000540333624
1.000000821372179
1.000001236775169
1.000001845194552
1.000002728519031
1.000004000201696
1.000005816292152
1.000008389974238
1.000012010626502
1.000017068688862
1.000024087943677
1.00003376721067
1.000047033920716
1.000065112579983
1.00008961176861
1.000122634039943
1.000166913897257
1.000225989920676
1.000304418088247
1.000408034365746
1.000544275705154
1.000722569657231
1.000954803822026
1.001318802554659
1.001726795842055
1.002250840449048
1.002920818861086
1.003773384890376
1.004853241080295
1.006214590443594
1.007922769814462
1.01005606785478
1.012707725176854
1.015988106999399
1.020027030148824
1.024976216014794
1.031011829297254
1.038337049156441
1.047184604914119
1.057819193084376
1.070539676693293
1.085680952167894
1.103615354257636
1.124753456342198
1.149544113030833
1.178473585205152
1.212063585675972
1.250868087487826
1.295468747621071
1.346468817291289
1.404485436907934
1.470140249433269
1.544048310435121
1.626805326196846
1.718973312011971
1.821064829923362
1.933526036824332
2.056718847675266
2.190902591797655
2.336215609598449
2.492657299188007
2.660071173588211
2.838129526020742
3.026320319777537
3.223936917484274
3.430071239870907
3.643610894966101
3.863240744412746
4.087449274938065
4.314540021664613
4.542648148882914
4.769762137252232
4.99375035933856
5.212392154004665
5.423412841145942
5.624521958681994
5.813453860656469
5.988009695529843
6.146099693354091
6.285784634558956
6.405315355305031
6.503169166957999
6.578082130674144
6.62907623101447
6.6554806317832
6.656946368089512
6.633454024647716
6.585314164047412
6.513160491779004
6.417935968377408
6.300872294309344
6.163463391739623
6.007433681436646
5.834702096347744
5.64734288077698
5.447544292285334
5.23756635084646
5.019698766682906
4.796220126570867
4.569359331811877
4.341260164451953
4.1139497176624
3.889311268183305
3.669062000440759
3.454735820466968
3.24767132984691
3.049004871742019
2.859668417900382
2.680391941715378
2.511709820946289
2.353970736567473
2.207350482081507
2.071867070117664
1.947397518851533
1.833695717507373
1.730410805082329
1.637105546157618
1.553274248689345
1.47835983739829
1.411769769316878
1.352890551974149
1.3011006967496
1.255782007700485
1.216329167761015
1.18215763823919
1.152709933117258
1.127460366386471
1.105918398527641
1.087630727653131
1.072182282404404
1.059196278312704
1.048333497976673
1.039290949158068
1.031800044824731
1.025624436320174
1.02055761617631
1.016420391469549
1.01305831278735
1.010339128427051
1.008150318863322
1.006396753139758
1.004998496892023
1.003888791319783
1.003012213630755
1.002323022250377
1.001783684338778
1.001363578758283
1.001037864440074
1.000786501945671
1.000593414742071
1.000445776148142
1.000333407913758
1.000248276826184
1.000184076480742
1.000135882302889
1.000099868981975
1.000073080605153
1.000053244910676
1.000038624173868
1.000027896269018
1.000020060398433
1.000014362836044
1.000010238793391
1.000007267181464
1.000005135616769
1.000003613510557
1.000002531494045
1.000001765778033
1.000001226330955
1.000000847993308
1.0000005838363
1.00000040022525
1.000000273170247
1.000000185643023
1.000000125614857
1.000000084629417
1.000000056770207
1.000000037917461
1.000000025216133
1.000000016697024
1.00000001100834
1.000000007226495
1.00000000472343
1.000000003074059
1.000000001992015
1.000000001285285
1.000000000825722
1.000000000528199
1.000000000336426
1.00000000021336
1.000000000134731
1.000000000084714
1.000000000053036
1.000000000033062
1.000000000020522
1.000000000012684
1.000000000007806
1.000000000004783
1.000000000002919
1.000000000001773
1.000000000001072
1.000000000000646
1.000000000000387
1.000000000000231
1.000000000000138
1.000000000000081
1.000000000000048
1.000000000000028
1.000000000000015
1.000000000000008
1.000000000000004
1.000000000000001
1
1
1
1
1
1
1
1
1
1
1
1
1.000000000000002
1.000000000000005
1.00000000000001
1.000000000000022
1.000000000000047
1.000000000000099
1.000000000000207
1.000000000000425
1.000000000000862
1.000000000001729
1.000000000003425
1.000000000006702
1.000000000012956
1.000000000024739
1.000000000046667
1.000000000086962
1.000000000160088
1.000000000291152
1.000000000523154
1.000000000928772
1.000000001629259
1.000000002824265
1.000000004838324
1.000000008192255
1.000000013711425
1.00000002268769
1.000000037118566
1.000000060056109
1.000000096109735
1.000000152162742
1.00000023838234
1.000000369629072
1.000000567405051
1.000000862523568
1.000001298737979
1.000001937638564
1.000002865216437
1.000004200608375
1.000006107681615
1.000008810299858
1.0000126123386
1.000017923797517
1.000025294698685
1.000035458870242
1.000049390204007
1.000068374549365
1.0000941010702
1.000128777649591
1.000175275778537
1.000237311305637
1.000319668444557
1.000428475518333
1.000571542038349
1.000758767834604
1.001002636023424
1.001378762809582
1.001805305661197
1.002353176115542
1.003053615260408
1.003944943366197
1.005073895366835
1.006497138600465
1.008282980420949
1.010513268858762
1.013285483678194
1.016715007811929
1.020937560158182
1.026111760058595
1.032421781468096
1.040080041001034
1.049329848916952
1.060447936040773
1.073746753073887
1.089576422360888
1.108326206685947
1.13042534596722
1.156343101794206
1.186587842692485
1.221705000928959
1.262273735709271
1.308902148822659
1.362220918077963
1.422875241958125
1.491515026221644
1.56878328975751
1.655302822482783
1.751661191598669
1.858394262705457
1.97596847719214
2.104762204509659
2.245046564473427
2.396966187286679
2.560520443910453
2.735545732968601
2.921699448842572
3.118446275487152
3.325047448730337
3.540553604000919
3.763801774993579
3.993417031187187
4.227819138982761
4.465234504363297
4.703713507498616
4.941153175941913
5.175324968411998
5.40390726196854
5.624521958681995
5.834774461060522
6.032296115934615
6.214788101287105
6.380065636010405
6.526101334069456
6.651066505966078
6.753369234026964
6.831688114357341
6.88500066590909
6.912605552722754
6.914137943971572
6.889577541363742
6.839249026892253
6.76381491711648
6.664261043902278
6.541875106596791
6.398218948149506
6.235095389732631
6.054510608198009
5.858633152992969
5.64975077044494
5.430226231984348
5.20245334917105
4.968814304405081
4.731639335676069
4.493169691785724
4.255524627416023
4.020673042218575
3.790410192159182
3.56633972207339
3.34986109284938
3.142162311290041
2.944217721057155
2.756790483622262
2.580439272088066
2.415528620089785
2.26224231348453
2.120599183771826
1.990470657708008
1.871599435063511
1.763618702935215
1.666071347012955
1.578428684001359
1.500108311249628
1.430490745896877
1.368934603124171
1.314790138430228
1.26741104970278
1.226164499251841
1.190439372454732
1.159652837315285
1.133255307634037
1.110733941634586
1.091614828177661
1.075464024799337
1.061887616633
1.050530963859354
1.041077298791849
1.033245823174916
1.026789442838457
1.021492261522481
1.017166939359535
1.013652004949541
1.010809193814205
1.008520870769526
1.006687579765785
1.005225752253023
1.004065594267514
1.00314916324096
1.002428637975661
1.001864779215548
1.001425573644568
1.001085050804067
1.00082226016993
1.000620394295434
1.000466043338939
1.000348566299683
1.000259564737576
1.000192445529245
1.000142060205842
1.000104409540041
1.00007640322918
1.000055665703665
1.00004038023353
1.000029164582854
1.000020972452823
1.000015015849295
1.000010704305746
1.000007597588368
1.000005369111149
1.000003777801605
1.000002646590585
1.000001846060794
1.000001282087357
1.00000088654828
1.000000610381133
1.000000418422024
1.000000285590326
1.000000194083572
1.000000131326147
1.000000088477246
1.000000059351374
1.000000039641456
1.00000002636264
1.000000017456193
1.000000011508862
1.000000007555067
1.000000004938194
1.00000000321383
1.000000002082588
1.000000001343725
1.000000000863267
1.000000000552215
1.000000000351723
1.000000000223061
1.000000000140857
1.000000000088566
1.000000000055448
1.000000000034566
1.000000000021456
1.000000000013261
1.000000000008161
1.000000000005001
1.000000000003051
1.000000000001854
1.000000000001121
1.000000000000675
1.000000000000405
1.000000000000242
1.000000000000144
1.000000000000085
1.00000000000005
1.000000000000029
1.000000000000016
1.000000000000008
1.000000000000004
1.000000000000001
1
1
1
1
1
1
1
1
1
1
1
1
1.000000000000002
1.000000000000005
1.000000000000011
1.000000000000023
1.000000000000049
1.000000000000104
1.000000000000216
1.000000000000444
1.000000000000902
1.000000000001808
1.000000000003581
1.000000000007007
1.000000000013545
1.000000000025865
1.00000000004879
1.000000000090918
1.000000000167371
1.000000000304396
1.000000000546949
1.000000000971017
1.000000001703362
1.000000002952716
1.000000005058368
1.000000008564824
1.00000001433498
1.000000023719432
1.000000038806526
1.000000062787094
1.000000100480138
1.00000015908193
1.000000249221965
1.000000386436465
1.000000593205191
1.000000901742435
1.000001357790887
1.000002025741149
1.000002995494071
1.000004391603171
1.000006385386144
1.00000921088495
1.000013185791147
1.000018738745492
1.000026444777351
1.000037071079006
1.000051635821026
1.000071483314825
1.000098379523136
1.000134632711575
1.000183244924718
1.000248100953536
1.000334202527307
1.000447956594569
1.000597527727275
1.000793265852034
1.0010482216304
1.001435092535683
1.001879061785474
1.002449315442575
1.003178370933308
1.004106114081592
1.005281189149774
1.006762578585305
1.008621380395213
1.010942786456832
1.013828259003309
1.017397894855678
1.021792957609824
1.027178546883961
1.033746360922426
1.041717494459802
1.05134519801073
1.062917508025657
1.076759640138863
1.093236020673691
1.112751815446245
1.135753800643337
1.162730409180666
1.194210778598298
1.230762624394519
1.272988766902726
1.321522151477241
1.377019221830418
1.440151535594341
1.511595550005401
1.592020554091053
1.682074781487312
1.782369804137599
1.893463380175403
2.015841007269285
2.149896513055544
2.295912093947501
2.454038289120047
2.624274444055262
2.806450273785849
3.000209176011003
3.204993964947908
3.420035694941874
3.64434621598376
3.876715049748295
4.115711094002807
4.359689555872615
4.60680438240207
4.855026303346117
5.102166430659695
5.345905177364323
5.583826071963845
5.813453860656469
6.032296115934615
6.237887414492196
6.42783501703023
6.599864884184837
6.75186680190808
6.88193737028997
6.988419634401757
7.069938204769768
7.125428827091975
7.154161512368999
7.155756524485221
7.130192735576059
7.07780809207887
6.999292177086877
6.895671097917666
6.768285162051543
6.618760020609286
6.448972148017625
6.261009682414387
6.057129768217878
5.839713616484924
5.61122052851267
5.374142113875071
5.130957877895049
4.88409325932845
4.635881072134956
4.388527152141195
4.144080837454984
3.904410728360188
3.671185985819001
3.445863244997441
3.229679048109349
3.023647545111407
2.82856307601352
2.645007138175123
2.473359158008352
2.31381042978114
2.166380554273077
2.030935705373545
1.907208070912249
1.794815851965188
1.69328325898995
1.602060009552932
1.520539907197959
1.448078160376258
1.384007180798585
1.327650678973594
1.27833594844633
1.235404297275747
1.198219644081416
1.166175345588962
1.138699362566718
1.115257901385329
1.095357689547148
1.078547056131715
1.064415993123795
1.052595372117323
1.042755484084607
1.034604058939949
1.027883907644045
1.02237031363972
1.017868283416236
1.014209748770197
1.01125079652384
1.008868985589948
1.006960796711937
1.005439247205955
1.004231691725568
1.00327782050022
1.002527858631365
1.001940963771164
1.001483814722358
1.001129380021634
1.000855853225988
1.000645740232206
1.000485083348833
1.00036280684427
1.000270169165782
1.000200307832269
1.000147864037487
1.000108675168169
1.000079524669205
1.000057939918483
1.000042029964548
1.000030356100962
1.000021829282896
1.000015629323077
1.000011141631726
1.000007907989457
1.0000055884677
1.000003932145033
1.000002754718188
1.000001921482555
1.000001334467804
1.000000922768819
1.000000635318731
1.000000435517023
1.000000297258398
1.000000202013067
1.000000136691634
1.0000000920921
1.00000006177626
1.00000004126107
1.00000002743973
1.000000018169398
1.000000011979079
1.000000007863745
1.000000005139955
1.000000003345139
1.000000002167677
1.000000001398627
1.000000000898538
1.000000000574778
1.000000000366094
1.000000000232175
1.000000000146612
1.000000000092184
1.000000000057713
1.000000000035978
1.000000000022332
1.000000000013802
1.000000000008494
1.000000000005205
1.000000000003176
1.000000000001929
1.000000000001167
1.000000000000703
1.000000000000421
1.000000000000252
1.00000000000015
1.000000000000089
1.000000000000052
1.00000000000003
1.000000000000017
1.000000000000009
1.000000000000004
1.000000000000001
1
1
1
1
1
1
1
1
1
1
1
1
1.000000000000002
1.000000000000005
1.000000000000011
1.000000000000024
1.000000000000051
1.000000000000108
1.000000000000225
1.000000000000462
1.000000000000939
1.000000000001882
1.000000000003727
1.000000000007294
1.000000000014099
1.000000000026922
1.000000000050784
1.000000000094635
1.000000000174213
1.000000000316839
1.000000000569305
1.000000001010705
1.00000000177298
1.000000003073392
1.000000005265094
1.000000008914842
1.000000014920791
1.000000024688722
1.000000040392311
1.000000065352761
1.000000104585976
1.000000165582251
1.000000259405378
1.000000402226348
1.000000617443379
1.000000938586935
1.0000014132686
1.000002108509744
1.000003117884227
1.00000457103434
1.000006646277132
1.000009587216547
1.00001372452367
1.000019504351653
1.000027525223004
1.000038585673995
1.000053745472923
1.000074403853418
1.000102398926961
1.000140133263623
1.000190731556622
1.000258237309925
1.000347856597941
1.000466258124007
1.000621940021788
1.000825675061184
1.001091047084094
1.001487136146231
1.00194720581349
1.00253813952511
1.003293633927695
1.00425502127358
1.005472709870034
1.007007821113754
1.00893403131992
1.011339621774242
1.014329734146382
1.018028820458384
1.02258326709874
1.028164160867356
1.034970151762364
1.043230352306037
1.053207196897634
1.065199167349404
1.079543272923816
1.096617155509938
1.116840673868534
1.140676806092611
1.168631697648052
1.201253674743507
1.239131040544559
1.28288847610317
1.333181879957483
1.390691501161616
1.456113250795971
1.53014811724156
1.613489660740894
1.706809622611507
1.810741752998063
1.925864036749981
2.052679577815352
2.191596485802402
2.342907190912351
2.506767691695543
2.683177310120909
2.87195958622156
3.072744986069217
3.28495611826902
3.507796152259469
3.740241103853328
3.981036597978958
4.228699634888694
4.481525774844138
4.737602019452503
4.9948255087573
5.250927976537207
5.503505717886596
5.75005462988023
5.988009695529843
6.214788101287107
6.427835017030229
6.624670932416317
6.802939341547456
6.960453504796569
7.095240996595387
7.20558477347047
7.290059568145482
7.347562531592625
7.377337201971705
7.378990071999608
7.352499247328491
7.298214929506094
7.216851708615827
7.109472902809152
6.977467424681489
6.822519878290638
6.646574786967043
6.451796013622573
6.24052255637554
6.015221979200378
5.77844276822293
5.532766889500853
5.28076376590104
5.024946793044063
4.767733382782727
4.511409364060824
4.258098392816372
4.009736832823029
3.768054375993582
3.534560481332545
3.310536533362397
3.097033459436654
2.894874405697391
2.704661957037732
2.526789299435786
2.361454664241408
2.208678362971242
2.068321716334997
1.940107200076635
1.823639169543412
1.718424580968857
1.623893196272799
1.539416835680573
1.464327324712298
1.397932865451179
1.3395326432463
1.288429556429674
1.243941026082956
1.205407903812541
1.172201546889783
1.143729171525302
1.119437626485761
1.098815751142368
1.081395495096671
1.066751981731461
1.054502696508038
1.044305973780326
1.035858944538699
1.028895093006448
1.023181553477414
1.018516261173747
1.014725053048678
1.011658797042523
1.009190611852952
1.007213224191869
1.005636497028039
1.004385150598307
1.003396688053868
1.00261952945541
1.002011351345049
1.00153762416302
1.001170336174843
1.00088689014682
1.000669157568004
1.000502674583864
1.000375963811302
1.000279966692901
1.000207571885669
1.00015322625085
1.000112616221512
1.000082408596824
1.00006004108702
1.000043554166768
1.000031456956027
1.000022620916554
1.000016196117557
1.000011545681568
1.000008194772165
1.000005791133469
1.000004074744532
1.000002854618423
1.00000199116553
1.000001382862668
1.000000956233377
1.000000658358858
1.000000451311289
1.000000308038667
1.000000209339222
1.000000141648872
1.000000095431908
1.000000064016642
1.000000042757451
1.000000028434868
1.000000018828337
1.000000012413519
1.000000008148937
1.000000005326365
1.000000003466457
1.000000002246293
1.000000001449351
1.000000000931126
1.000000000595624
1.000000000379371
1.000000000240596
1.00000000015193
1.000000000095528
1.000000000059807
1.000000000037282
1.000000000023142
1.000000000014303
1.000000000008802
1.000000000005394
1.000000000003291
1.000000000001999
1.000000000001209
1.000000000000729
1.000000000000437
1.000000000000261
1.000000000000155
1.000000000000092
1.000000000000054
1.000000000000031
1.000000000000017
1.000000000000009
1.000000000000004
1.000000000000001
1
1
1
1
1
1
1
1
1
1
1
1
1.000000000000002
1.000000000000005
1.000000000000012
1.000000000000025
1.000000000000053
1.000000000000112
1.000000000000233
1.000000000000479
1.000000000000972
1.00000000000195
1.000000000003862
1.000000000007558
1.000000000014611
1.0000000000279
1.000000000052627
1.000000000098068
1.000000000180534
1.000000000328336
1.000000000589962
1.000000001047375
1.000000001837303
1.00000000318489
1.000000005456097
1.000000009238237
1.000000015462041
1.000000025584278
1.000000041857461
1.000000067723249
1.000000108379461
1.000000171588049
1.000000268814056
1.000000416814945
1.000000639837512
1.000000972628249
1.000001464525433
1.000002184981035
1.000003230962455
1.000004736813561
1.000006887318186
1.000009934914701
1.000014222266122
1.000020211705496
1.000028523460896
1.000039985027638
1.000055694606596
1.000077102174597
1.000106112502078
1.00014521528793
1.000197648541649
1.000267602403666
1.000360471744792
1.000483167106074
1.000644494801926
1.00085561827102
1.001130613965397
1.001534270576364
1.002008921926938
1.002618584964289
1.003398024319519
1.004389882231769
1.005646164650733
1.007229930154982
1.009217190155564
1.011699023921964
1.014783905478137
1.018600231219745
1.023299027093224
1.029056802307303
1.036078502852555
1.044600502718185
1.054893553868972
1.067265598164332
1.082064325997972
1.099679348196094
1.120543830474211
1.145135424501251
1.173976317464109
1.207632214168972
1.246710063410743
1.291854344835942
1.34374174499148
1.403074072715648
1.470569295278538
1.546950618187219
1.632933583402308
1.729211222452727
1.836437371627016
1.955208334519764
2.086043160576606
2.229362894180543
2.385469233991409
2.554523122978343
2.736523861843131
2.931289398136155
3.138438486171574
3.357375434966821
3.587278159464257
3.827090221561393
4.075517490241466
4.33102996375083
4.591869181986715
4.856061516086355
5.121437458096
5.385656851350211
5.646239807840828
5.900602859458504
6.146099693354091
6.380065636010405
6.599864884184837
6.802939341547456
6.98685781467447
7.149364256954729
7.288423728288119
7.402264764745645
7.489416926160603
7.548742409363243
7.579460776804798
7.581166049025349
7.55383563746112
7.497830842720128
7.413888902951148
7.303106837036566
7.166917577771798
7.007059121136555
6.825537620336687
6.62458551997335
6.406615950645718
6.174174683621317
5.929890977100316
5.676428630350249
5.416438501914524
5.152513647361546
4.887148096370401
4.622700125300748
4.361360697565281
4.105127548337935
3.855785190632475
3.614890924448218
3.38376674666419
3.163496892835668
2.95493059796535
2.758689545298383
2.575179382439379
2.404604623441167
2.246986223505873
2.102181107953188
1.969902956569267
1.849743585025441
1.741194322906342
1.643666858885133
1.556513103538908
1.479043705152861
1.410544939861925
1.350293781300101
1.297571033774255
1.25167248463612
1.211918094380479
1.177659296024561
1.148284518048369
1.123223077611609
1.101947613337153
1.083975240421147
1.068867616196969
1.056230102705279
1.04571020554818
1.036995456587875
1.029810893101064
1.023916268941814
1.019103115097995
1.015191748606407
1.012028310823035
1.009481899076433
1.007441840165306
1.005815140261128
1.004524133689029
1.003504342829475
1.002702552972269
1.002075099262916
1.001586357764261
1.001207428939869
1.00091499936082
1.000690365952263
1.000518606443071
1.000387879686518
1.000288840023622
1.000214150724685
1.000158082649858
1.000116185518021
1.000085020485823
1.000061944054202
1.000044934592518
1.000032453968665
1.000023337876394
1.000016709447094
1.000011911618002
1.000008454503137
1.000005974682146
1.000004203892905
1.000002945095285
1.000002054275474
1.000001426692569
1.000000986541314
1.000000679225679
1.000000465615732
1.00000031780207
1.000000215974328
1.000000146138514
1.000000098456686
1.000000066045699
1.000000044112687
1.00000002933614
1.000000019425122
1.000000012806981
1.000000008407228
1.000000005495192
1.000000003576332
1.000000002317493
1.000000001495291
1.00000000096064
1.000000000614503
1.000000000391396
1.000000000248222
1.000000000156746
1.000000000098556
1.000000000061702
1.000000000038464
1.000000000023875
1.000000000014756
1.000000000009081
1.000000000005565
1.000000000003395
1.000000000002063
1.000000000001248
1.000000000000752
1.000000000000451
1.000000000000269
1.00000000000016
1.000000000000095
1.000000000000056
1.000000000000032
1.000000000000018
1.00000000000001
1.000000000000004
1.000000000000001
1
1
1
1
1
1
1
1
1
1
1
1
1.000000000000002
1.000000000000006
1.000000000000012
1.000000000000026
1.000000000000055
1.000000000000115
1.00000000000024
1.000000000000494
1.000000000001003
1.000000000002012
1.000000000003985
1.000000000007798
1.000000000015074
1.000000000028785
1.000000000054297
1.000000000101179
1.00000000018626
1.000000000338748
1.00000000060867
1.000000001080587
1.000000001895561
1.000000003285874
1.000000005629089
1.000000009531135
1.000000015952249
1.000000026395378
1.000000043184437
1.000000069870177
1.000000111815176
1.000000177027418
1.000000277335352
1.000000430027597
1.00000066011948
1.000001003458823
1.000001510947725
1.00000225423949
1.000003333374958
1.000004886956094
1.000007105623523
1.000010249816722
1.00001467305947
1.000020852338504
1.00002942754003
1.000041252386765
1.00005745988689
1.000079545973916
1.000109475789405
1.000149817942328
1.00020391306948
1.000276084115699
1.00037189693921
1.000498481106411
1.000664922041982
1.000882737001793
1.001166448580319
1.001575917647034
1.002063453079499
1.002689664969248
1.003490261595632
1.004509042673991
1.005799425796415
1.007426181193478
1.00946738351629
1.012016584271969
1.015185201880126
1.019105117898877
1.02393145768668
1.029845521574102
1.037057818552832
1.045811138685263
1.056383583154938
1.069091452511855
1.084291874763575
1.102385036227481
1.123815860353701
1.149074964062845
1.178698708657252
1.213268154294304
1.253406724642799
1.299776392959399
1.35307221362755
1.41401504524784
1.483342343467846
1.561796944374308
1.650113812508691
1.749004790983134
1.859141463784255
1.981136320572363
2.115522499911376
2.262732475095697
2.423076134221203
2.59671878906683
2.783659721572663
2.983711937922203
3.19648384420336
3.421363580341589
3.657506746978014
3.903828230454153
4.158998772276702
4.421446840746812
4.689366244539805
4.960729783016729
5.233309059482073
5.504700396406888
5.772356592010073
6.033624052781685
6.285784634558955
6.526101334069455
6.751866801908079
6.960453504796567
7.149364256954729
7.316281773543201
7.459115877897291
7.576047021276005
7.665564849653093
7.726500675070218
7.758052875504002
7.759804451301096
7.731732200466458
7.674207230472301
7.58798679079503
7.474197677553478
7.334311718851638
7.170114086640503
6.983665388985801
6.7772586678308
6.55337255568456
6.314621926147177
6.063707405941549
5.803365100457421
5.53631782310974
5.265229015342386
4.992660404754877
4.721034280739108
4.452601078194132
4.189412758787274
3.933302274316105
3.685869196085643
3.448471405204687
3.222222567657631
3.007994970015354
2.806427170422178
2.617935827308535
2.442731005984363
2.280834230390262
2.132098542162353
1.996229849153608
1.872808887231545
1.76131317859291
1.661138442761298
1.571618998559311
1.492046782505809
1.421688697423222
1.359802091136775
1.305648246134181
1.258503834656432
1.217670358250646
1.182481645282361
1.152309523789076
1.126567820373203
1.104714859019623
1.086254647558846
1.070736945009515
1.057756401416301
1.046950954327542
1.037999654021266
1.030620074233309
1.024565447619715
1.019621646524763
1.015604110706077
1.012354805211759
1.009739274175548
1.007643840306437
1.005972985571727
1.004646936156714
1.003599464275853
1.002775910770917
1.002131425558529
1.001629417733477
1.00124020331683
1.000939836065153
1.000709105231428
1.00053268349759
1.000398408303276
1.000296680312798
1.00021996364965
1.000162373663229
1.000119339274716
1.000087328297309
1.000063625477158
1.000046154308712
1.000033334908949
1.000023971367772
1.000017163014889
1.000012234952235
1.000008683996361
1.000006136862212
1.000004318005939
1.00000302503893
1.00000211003824
1.000001465419861
1.000001013320856
1.000000697663226
1.000000478254884
1.000000326428842
1.000000221836993
1.000000150105486
1.00000010112933
1.000000067838541
1.000000045310151
1.000000030132489
1.000000019952433
1.000000013154638
1.000000008635451
1.000000005644366
1.000000003673416
1.000000002380405
1.000000001535883
1.000000000986718
1.000000000631185
1.000000000402022
1.00000000025496
1.000000000161001
1.000000000101231
1.000000000063377
1.000000000039508
1.000000000024523
1.000000000015157
1.000000000009328
1.000000000005715
1.000000000003487
1.000000000002119
1.000000000001282
1.000000000000772
1.000000000000463
1.000000000000276
1.000000000000164
1.000000000000097
1.000000000000057
1.000000000000033
1.000000000000018
1.00000000000001
1.000000000000005
1.000000000000001
1
1
1
1
1
1
1
1
1
1
1
1
1.000000000000002
1.000000000000006
1.000000000000012
1.000000000000026
1.000000000000056
1.000000000000119
1.000000000000247
1.000000000000508
1.000000000001031
1.000000000002066
1.000000000004093
1.00000000000801
1.000000000015484
1.000000000029567
1.000000000055772
1.000000000103927
1.000000000191319
1.000000000347949
1.000000000625202
1.000000001109934
1.00000000194704
1.000000003375106
1.000000005781947
1.000000009789944
1.000000016385402
1.000000027112073
1.000000044356959
1.000000071767207
1.000000114850974
1.000000181833633
1.000000284864737
1.000000441702222
1.000000678040484
1.00000103070046
1.000001551966018
1.000002315435523
1.000003423865458
1.000005019620168
1.000007298515238
1.000010528059777
1.000015071373943
1.000021418392203
1.000030226370322
1.000042372205055
1.000059019659656
1.000081705274072
1.00011244753261
1.00015388476763
1.000209448295355
1.000283578403919
1.000381992032547
1.000512012273943
1.000682971168842
1.000906698598626
1.001198111359873
1.001611555843574
1.002110116419243
1.002750489459826
1.003569190740137
1.004611010446983
1.005930574137993
1.007594116732266
1.009681478428917
1.012288326268765
1.015528598238213
1.01953715820486
1.024472639459721
1.030520442172952
1.037895835685162
1.046847100394999
1.057658626329798
1.070653866704534
1.086198025443737
1.104700338481793
1.126615790550776
1.152446093145434
1.182739736587007
1.218090920855046
1.2591371674352
1.306555419151346
1.36105644804541
1.423377413913268
1.494272448930104
1.574501187397471
1.66481521408641
1.76594246950099
1.878569724639026
2.003323319860943
2.140748450041775
2.291287368407566
2.455256970916518
2.63282630783979
2.823994645094613
3.028570760488702
3.246154204996077
3.476119282417106
3.71760249870942
3.969494202097731
4.230435074953179
4.498818047738183
4.772796084748267
5.050296143098717
5.3290394340249
5.606567924136881
5.880276810128141
6.147452490997789
6.405315355305031
6.651066505966076
6.881937370289968
7.095240996595387
7.288423728288118
7.459115877897291
7.605180001847736
7.724755404361095
7.816297576395002
7.878611401304391
7.910877129104128
7.912668329930123
7.883961276823995
7.825135469123787
7.736965280310626
7.620602987368913
7.47755370176451
7.309642964721128
7.1189779822527
6.907903650483454
6.678954653031028
6.434804995551715
6.178216376045782
5.911986773502811
5.638900574367958
5.361681450499212
5.08294905978083
4.805180468666562
4.530677002837116
4.26153702650905
3.999634941384459
3.746606491053559
3.503840263377336
3.272475108461943
3.053403038496992
2.847277051761909
2.654523228832415
2.47535638531591
2.309798531822967
2.157699386645401
2.018758207050014
1.892546247716923
1.778529215615728
1.676089165187319
1.584545361681928
1.503173729634021
1.431224593786637
1.367938507821621
1.312560049070382
1.264349532646249
1.222592664459838
1.186608208276914
1.155753786855079
1.129429971265337
1.10708283621599
1.088205173344971
1.072336560084128
1.059062480044698
1.048012683232501
1.038858962093545
1.031312503688532
1.025120960376998
1.020065362308999
1.015956975674495
1.01263419178671
1.00995951425266
1.007816695132908
1.006108056392262
1.004752020246591
1.00368086126497
1.002838684251636
1.002179624903717
1.001666264865824
1.001268248898923
1.000961089249987
1.00072514074873
1.00054472947188
1.000407417820227
1.000303389382812
1.000224937869979
1.000166045558042
1.00012203799962
1.000089303132394
1.000065064300761
1.000047198041805
1.000034088745553
1.000024513457969
1.000017551141263
1.000012511635403
1.000008880378067
1.00000627564281
1.000004415654681
1.000003093448283
1.000002157755554
1.000001498559589
1.000001036236661
1.000000713440621
1.000000489070475
1.000000333810958
1.000000226853805
1.000000153500113
1.000000103416373
1.000000069372718
1.00000004633485
1.000000030813945
1.000000020403665
1.000000013452137
1.000000008830747
1.000000005772017
1.000000003756493
1.00000000243424
1.000000001570619
1.000000001009034
1.00000000064546
1.000000000411114
1.000000000260727
1.000000000164642
1.000000000103521
1.000000000064811
1.000000000040402
1.000000000025078
1.0000000000155
1.000000000009538
1.000000000005845
1.000000000003566
1.000000000002166
1.000000000001311
1.000000000000789
1.000000000000473
1.000000000000282
1.000000000000168
1.000000000000099
1.000000000000058
1.000000000000033
1.000000000000019
1.00000000000001
1.000000000000005
1.000000000000001
1
1
1
1
1
1
1
1
1
1
1
1
1.000000000000002
1.000000000000006
1.000000000000012
1.000000000000027
1.000000000000058
1.000000000000121
1.000000000000253
1.000000000000519
1.000000000001054
1.000000000002113
1.000000000004186
1.000000000008191
1.000000000015834
1.000000000030236
1.000000000057034
1.000000000106279
1.000000000195649
1.000000000355823
1.000000000639349
1.000000001135048
1.000000001991094
1.000000003451468
1.000000005912758
1.000000010011422
1.000000016756076
1.000000027725386
1.000000045360343
1.000000073390583
1.000000117448837
1.000000185946507
1.00000029130792
1.000000451692624
1.000000693376105
1.000001054012023
1.000001587066656
1.000002367802804
1.000003501300788
1.0000051331445
1.000007463577852
1.000010766159588
1.000015412221686
1.000021902778248
1.000030909948523
1.000043330459747
1.000060354392888
1.0000835530356
1.000114990518586
1.000157364837807
1.00021418490554
1.000289991422704
1.000390630611243
1.000523591167744
1.000698416166619
1.000927203008309
1.001225205814891
1.001640731174196
1.00214831750635
1.00280028359899
1.003633806283052
1.004694486594609
1.00603793899188
1.007731597460574
1.00985674756471
1.012510788225423
1.015809720070664
1.019890848433373
1.024915678370634
1.031072966382711
1.03858187886558
1.047695190876626
1.058702440799352
1.071932937371348
1.087758495859274
1.106595760658524
1.128907953161171
1.155205867426245
1.186047923187351
1.222039077330639
1.263828392511183
1.312105066381582
1.367592738238684
1.431041912847435
1.503220374620115
1.58490150971731
1.676850509064648
1.779808491303334
1.894474660289083
2.021486695273368
2.161399661050095
2.314663817210487
2.48160179672762
2.662385710421592
2.857014811128197
3.065294415133676
3.286816824213226
3.520945015264342
3.766799862422487
4.023251625821795
4.288916379957715
4.562157962272121
4.841095899834316
5.1236196210233
5.407409083617089
5.68996175580113
5.968625678771421
6.240638126375911
6.503169166957997
6.753369234026962
6.988419634401756
7.205584773470469
7.402264764745646
7.576047021276005
7.724755404361095
7.84649553313047
7.939694937469041
8.003136864821775
8.035986724687232
8.037810367105836
8.008583635312995
7.94869289861246
7.858926549027183
7.740457723438639
7.594818780734606
7.423868310452597
7.229751666035862
7.014856194062271
6.781762464426014
6.533192891284368
6.271959168687029
6.000909928497632
5.722879963975691
5.440642254660821
5.156863883116416
4.874066759086467
4.594593870034501
4.320581567663307
4.053938186672871
3.796329083122008
3.549167982975328
3.313614353334868
3.090576354776552
2.880718806999312
2.684475504015958
2.502065150258374
2.333510154739367
2.178657515081925
2.037201044035404
1.908704234489436
1.792623120860836
1.6883285706534
1.59512752549367
1.512282801689303
1.439031152324077
1.374599382541241
1.318218393984473
1.269135110994683
1.226622308376464
1.189986417254384
1.158573431228564
1.131773069725489
1.109021379580671
1.089801970294509
1.073646084142218
1.0601317006344
1.048881867045834
1.0395624341994
1.03187936070553
1.025575730615528
1.020428610018735
1.016245848415537
1.012862911482648
1.010139813701349
1.007958202672214
1.006218632075225
1.004838047307762
1.003747496892446
1.002890073752194
1.002219083294019
1.00169642977101
1.001291208417511
1.000978488174037
1.000738268229988
1.000554590913964
1.00041479346638
1.000308881767737
1.000229010019748
1.000169051558514
1.000124247314025
1.000090919833901
1.000066242196014
1.000048052495806
1.00003470587544
1.000024957241359
1.000017868881916
1.000012738142866
1.000009041146568
1.000006389256026
1.000004495595194
1.000003149451882
1.000002196819548
1.000001525689589
1.000001054996806
1.000000726356876
1.000000497924726
1.000000339854376
1.000000230960853
1.000000156279149
1.000000105288678
1.000000070628684
1.000000047173728
1.000000031371825
1.000000020773071
1.000000013695688
1.000000008990629
1.000000005876521
1.000000003824506
1.000000002478313
1.000000001599055
1.000000001027303
1.000000000657147
1.000000000418557
1.000000000265447
1.000000000167623
1.000000000105395
1.000000000065984
1.000000000041134
1.000000000025532
1.00000000001578
1.000000000009711
1.000000000005951
1.000000000003631
1.000000000002206
1.000000000001334
1.000000000000804
1.000000000000482
1.000000000000288
1.000000000000171
1.000000000000101
1.00000000000006
1.000000000000034
1.000000000000019
1.000000000000011
1.000000000000005
1.000000000000002
1
1
1
1
1
1
1
1
1
1
1
1
1.000000000000002
1.000000000000006
1.000000000000013
1.000000000000028
1.000000000000059
1.000000000000124
1.000000000000257
1.000000000000528
1.000000000001073
1.000000000002151
1.000000000004262
1.00000000000834
1.000000000016122
1.000000000030784
1.000000000058068
1.000000000108205
1.000000000199194
1.00000000036227
1.000000000650932
1.000000001155611
1.000000002027162
1.000000003513987
1.000000006019854
1.000000010192749
1.000000017059548
1.000000028227504
1.000000046181808
1.000000074719624
1.00000011957567
1.000000189313644
1.00000029658282
1.000000459871529
1.000000705930977
1.000001073096538
1.000001615802484
1.000002410674217
1.000003564694483
1.000005226082885
1.000007598708612
1.000010961082978
1.000015691260612
1.000022299326018
1.000031469566502
1.00004411494361
1.000061447083405
1.000085065719872
1.00011707235227
1.000160213820332
1.000218062560524
1.000295241476895
1.000397702628907
1.000533070285003
1.000711060282558
1.000943989026739
1.001247386791372
1.001663066792705
1.002177562912718
1.002838404216103
1.003683273612006
1.0047583928902
1.006120133571365
1.007836847598102
1.009990927047111
1.012681096696544
1.016024936248453
1.020161620121661
1.025254851879531
1.031495957490742
1.039107086776548
1.048344455720049
1.059501544074242
1.072912143323745
1.088953130106676
1.10804682043155
1.130662741339061
1.157318640127031
1.188580538080819
1.225061627135093
1.267419805394347
1.316353652310715
1.372596657831161
1.43690954309171
1.510070544110481
1.592863574923665
1.686064242790713
1.790423755017786
1.906650833574144
2.035391838332367
2.177209390126082
2.332559877928996
2.501770326777526
2.685015190564099
2.882293712151955
3.093408557869728
3.317946479842352
3.555261783590264
3.804463376196747
4.064406139200221
4.333687308329411
4.610648448606034
4.893383488921614
5.179753127171955
5.467405739144202
5.753804726804602
6.036262030969416
6.311977317206668
6.578082130674141
6.831688114357339
7.069938204769767
7.290059568145482
7.489416926160603
7.665564849653094
7.816297576395002
7.939694937469041
8.034163056795734
8.098468618151978
8.131765669656941
8.133614151090285
8.103989576591635
8.043283574794931
7.952295269730883
7.832213767770828
7.684592287340175
7.511314718458724
7.314555618743882
7.096734833182716
6.860468060417343
6.608514774275356
6.343724943846572
6.068985978877453
5.787171262138754
5.501091521229073
5.213450145217229
4.926803374140651
4.643526090116082
4.365783726598465
4.095510596078385
3.834394724772866
3.583869083401632
3.345108922634431
3.119034765618291
2.906320482063222
2.707405771079501
2.522512314220315
2.351662825487294
2.194702219652386
2.051320141341494
1.921074141307313
1.803412849025487
1.697698567706299
1.60322880448137
1.51925634050362
1.44500753891811
1.379698679519326
1.32255019437579
1.272798756375036
1.229707240772526
1.19257263730641
1.160732036751267
1.133566850942598
1.110505449773159
1.09102441326304
1.074648602622992
1.06095025252334
1.049547278895862
1.040100983894793
1.032313323438978
1.025923884266763
1.02070669774245
1.016466997686929
1.013038010028016
1.010277843673245
1.008066535134075
1.006303284363523
1.004903906166853
1.003798510455481
1.002929415497251
1.002249291062947
1.00171952282236
1.001308785314688
1.000991808103119
1.000748318113337
1.000562140447951
1.000420439973764
1.00031308652485
1.000232127500778
1.000171352837443
1.000125938681173
1.000092157519594
1.000067143948546
1.000048706634093
1.000035178327401
1.000025296985775
1.000018112132722
1.000012911548919
1.00000916422528
1.000006476234363
1.000004556794916
1.000003192326351
1.000002226725646
1.000001546459433
1.000001069358973
1.000000736245155
1.000000504703268
1.000000344481034
1.000000234105089
1.0000001584067
1.000000106722064
1.000000071590219
1.000000047815952
1.000000031798924
1.00000002105588
1.000000013882145
1.00000000911303
1.000000005956526
1.000000003876574
1.000000002512054
1.000000001620827
1.00000000104129
1.000000000666093
1.000000000424256
1.000000000269061
1.000000000169905
1.00000000010683
1.000000000066883
1.000000000041693
1.00000000002588
1.000000000015995
1.000000000009843
1.000000000006032
1.00000000000368
1.000000000002236
1.000000000001352
1.000000000000814
1.000000000000488
1.000000000000291
1.000000000000173
1.000000000000103
1.000000000000061
1.000000000000035
1.00000000000002
1.000000000000011
1.000000000000005
1.000000000000002
1
1
1
1
1
1
1
1
1
1
1
1
1.000000000000002
1.000000000000006
1.000000000000013
1.000000000000028
1.000000000000059
1.000000000000125
1.000000000000261
1.000000000000535
1.000000000001087
1.000000000002181
1.00000000000432
1.000000000008454
1.000000000016341
1.000000000031203
1.000000000058859
1.00000000010968
1.000000000201909
1.000000000367206
1.000000000659802
1.000000001171355
1.000000002054779
1.000000003561855
1.000000006101853
1.000000010331581
1.000000017291897
1.000000028611942
1.000000046810741
1.000000075737161
1.000000121204
1.000000191891549
1.0000003006213
1.00000046613329
1.000000715542928
1.000001087707491
1.000001637802322
1.000002443495993
1.000003613227695
1.000005297234854
1.000007702162059
1.000011110312162
1.000015904886441
1.000022602913404
1.000031897995824
1.000044715523688
1.000062283617249
1.000086223788011
1.000118666143286
1.000162394915845
1.000221031173966
1.000299260753389
1.000403116738836
1.000540327187455
1.00072074019737
1.000956839835347
1.00126436778629
1.00167827110035
1.002197470830218
1.002864353634494
1.003716946915635
1.004801895017432
1.006176084801234
1.007908493072633
1.010082265122956
1.012797028254625
1.016171437061091
1.020345938266153
1.025485731977519
1.031783893225429
1.039464602676835
1.04878641858521
1.060045503630599
1.073578700745422
1.089766331890804
1.109034573795789
1.131857245816048
1.158756828385898
1.190304517241055
1.227119109995271
1.269864519132612
1.319245710392849
1.376002879164475
1.440903700978097
1.514733526376742
1.598283435843261
1.692336127160732
1.79764967511637
1.91493928078551
2.044857213062412
2.187971236293471
2.344741911829757
2.515499254478302
2.70041931313627
2.89950132393203
3.112546149395194
3.339136764000236
3.578621570622921
3.830101330297195
4.092420456232556
4.364163360445863
4.643656446912744
4.928976219588283
5.217963819224762
5.508246123399312
5.797263344811607
6.082302850320175
6.360538705075148
6.629076231014468
6.885000665909088
7.125428827091974
7.347562531592624
7.548742409363242
7.726500675070218
7.878611401304391
8.003136864821775
8.098468618151978
8.163362069892766
8.196963534249882
8.198828927739394
8.168933540413533
8.107672580939619
8.015852478712526
7.894673210699103
7.745702194649216
7.570840542926005
7.372282692793968
7.152470611325255
6.914043909761296
6.659787288940243
6.39257677228634
6.115326166176375
5.830935121787172
5.542240062337056
5.251969091230025
4.96270181760388
4.676834834701035
4.396553372320184
4.123809426384458
3.860306454990492
3.607490529016532
3.366547643211044
3.138406736078723
2.923747837780883
2.723014667092472
2.536430932117568
2.364019554451809
2.205624031026692
2.060931169155538
1.929494474685
1.810757536435962
1.704076827779364
1.60874343365206
1.52400330413748
1.449075729807502
1.383169825710444
1.325498897136817
1.275292638676676
1.231807186835795
1.194333104481712
1.162201422125256
1.134787896523276
1.111515671781227
1.091856542868621
1.075331027331093
1.061507449260056
1.050000231623873
1.040467580247131
1.032608726372324
1.026160876078772
1.020895994960801
1.016617536318474
1.013157201459006
1.010371802146077
1.008140278206204
1.006360908096653
1.004948737017188
1.003833235957142
1.002956195868899
1.00226985383933
1.001735242533416
1.00132075011899
1.001000875141715
1.000755159194652
1.000567279512496
1.000424283625592
1.000315948759825
1.000234249613448
1.00017291935096
1.000127090019768
1.000093000031118
1.000067757785709
1.000049151916695
1.000035499933434
1.000025528255749
1.000018277717967
1.000013029589692
1.000009248007374
1.00000653544229
1.000004598454864
1.000003221511948
1.000002247083414
1.000001560597964
1.000001079135658
1.000000742976364
1.000000509317605
1.000000347630532
1.000000236245464
1.00000015985499
1.000000107697815
1.000000072244768
1.000000048253137
1.000000032089666
1.000000021248398
1.000000014009073
1.000000009196354
1.000000006010989
1.00000000391202
1.000000002535023
1.000000001635647
1.000000001050811
1.000000000672184
1.000000000428135
1.000000000271521
1.000000000171459
1.000000000107807
1.000000000067494
1.000000000042075
1.000000000026116
1.000000000016142
1.000000000009934
1.000000000006087
1.000000000003714
1.000000000002256
1.000000000001365
1.000000000000822
1.000000000000493
1.000000000000294
1.000000000000175
1.000000000000104
1.000000000000061
1.000000000000035
1.00000000000002
1.000000000000011
1.000000000000005
1.000000000000002
1
1
1
1
1
1
1
1
1
1
1
1.000000000000001
1.000000000000002
1.000000000000006
1.000000000000013
1.000000000000028
1.00000000000006
1.000000000000126
1.000000000000263
1.00000000000054
1.000000000001097
1.000000000002201
1.00000000000436
1.000000000008531
1.000000000016491
1.000000000031489
1.000000000059398
1.000000000110685
1.000000000203757
1.000000000370568
1.000000000665841
1.000000001182076
1.000000002073583
1.000000003594448
1.000000006157684
1.000000010426105
1.000000017450091
1.000000028873678
1.000000047238931
1.00000007642991
1.000000122312567
1.000000193646566
1.000000303370632
1.000000470396155
1.000000722086468
1.000001097654126
1.000001652778947
1.000002465839624
1.000003646266796
1.000005345671477
1.000007772587555
1.000011211898879
1.000016050310183
1.000022809576933
1.000032189643154
1.000045124359149
1.000062853073121
1.000087012120972
1.000119751084067
1.000163879649311
1.000223051989511
1.000301996779067
1.000406802257895
1.000545267133707
1.000727329536455
1.000965587662513
1.001275927107149
1.001686144083296
1.00220777936873
1.002877790487731
1.003734383219336
1.004824420702949
1.006205056639459
1.007945591383439
1.010129560234194
1.012857057812914
1.016247295281463
1.020441378150437
1.025605281422797
1.031932985774437
1.039649723422459
1.049015265422575
1.06032716364525
1.073923841029357
1.090187403486947
1.109546026786754
1.132475752799819
1.159501512729595
1.191197181590114
1.228184459561205
1.271130373316512
1.32074319535883
1.377766593098277
1.442971842997134
1.517147979449355
1.601089793679311
1.695583654905995
1.801391193870296
1.919230966511701
2.049758301411711
2.19354362623781
2.351049662823946
2.522607974122967
2.708395434985442
2.908411278129918
3.122455432173615
3.350108915634777
3.59071707512601
3.843376453796384
4.106926044504994
4.379943619309064
4.660747731957815
4.947405863938979
5.23774902947854
5.529392974537384
5.819765904560618
6.106142462146582
6.385683456668656
6.655480631783199
6.912605552722754
7.154161512368997
7.377337201971704
7.579460776804799
7.758052875504002
7.910877129104128
8.035986724687232
8.131765669656941
8.196963534249884
8.230722627967202
8.232596783986873
8.202561176231363
8.141012867009502
8.048762068334005
7.927014385868492
7.777344589679367
7.601662709770697
7.402173477005919
7.181330313197104
6.941785211460553
6.686335935117865
6.41787199847094
6.139320876020236
5.853595820676074
5.563546560805
5.271913996852706
4.981289838437944
4.694081920786017
4.412485724205164
4.138462401063134
3.873723400047465
3.619721575262642
3.377648484706031
3.148437424320655
2.932771614117345
2.73109685422351
2.54363790206422
2.37041778670363
2.211279270895694
2.065907692777834
1.933854463733521
1.814560562526553
1.707379443835837
1.611598867189281
1.526461245550565
1.451182207325385
1.384967157672477
1.327025711655955
1.276583950525419
1.232894521486188
1.195244659597894
1.1629622573935
1.135420143457284
1.112038756009161
1.092287412346098
1.075684380889722
1.061795960858304
1.050234766586955
1.040657400642377
1.032761683449543
1.026283588400644
1.020994011450634
1.016695483960448
1.013218917801612
1.010420453087961
1.00817846179229
1.006390745229724
1.004971950105411
1.003851216580815
1.002970062569378
1.002280501118376
1.001743382110289
1.001326945432607
1.001005570012338
1.000758701479068
1.000569940502879
1.000426273858384
1.000317430819786
1.000235348441234
1.000173730491485
1.000127686183881
1.000093436285182
1.000068075632436
1.000049382485891
1.000035666462788
1.00002564800891
1.000018363459364
1.000013090712349
1.000009291390688
1.000006566100922
1.000004620027
1.000003236624735
1.000002257625045
1.000001567919186
1.000001084198249
1.000000746461952
1.000000511707036
1.000000349261436
1.000000237353819
1.000000160604965
1.000000108203096
1.00000007258372
1.00000004847953
1.000000032240226
1.000000021348094
1.000000014074804
1.000000009239504
1.000000006039194
1.000000003930376
1.000000002546918
1.000000001643321
1.000000001055742
1.000000000675338
1.000000000430145
1.000000000272796
1.000000000172263
1.000000000108313
1.000000000067811
1.000000000042272
1.000000000026239
1.000000000016217
1.00000000000998
1.000000000006116
1.000000000003731
1.000000000002267
1.000000000001371
1.000000000000826
1.000000000000495
1.000000000000296
1.000000000000176
1.000000000000104
1.000000000000062
1.000000000000036
1.00000000000002
1.000000000000011
1.000000000000005
1.000000000000002
1
1
1
1
1
1
1
1
1
1
1
1
1.000000000000002
1.000000000000006
1.000000000000013
1.000000000000028
1.00000000000006
1.000000000000127
1.000000000000264
1.000000000000543
1.000000000001102
1.000000000002211
1.00000000000438
1.000000000008571
1.000000000016568
1.000000000031637
1.000000000059678
1.000000000111205
1.000000000204716
1.00000000037231
1.000000000668971
1.000000001187632
1.000000002083327
1.000000003611337
1.000000006186612
1.000000010475079
1.000000017532047
1.000000029009271
1.000000047460745
1.000000076788757
1.000000122886788
1.000000194555606
1.000000304794649
1.000000472604044
1.000000725475511
1.000001102805591
1.000001660535337
1.000002477411173
1.000003663377145
1.000005370755559
1.000007809058634
1.000011264506733
1.000016125618762
1.000022916597908
1.000032340671821
1.000045336071701
1.000063147959746
1.000087420348126
1.000120312902078
1.000164648488882
1.000224098423102
1.000303413561221
1.000408710702712
1.000547825138298
1.000730741616467
1.000970117429826
1.001281912690154
1.001686581693106
1.002208352291774
1.002878537195846
1.003735352086798
1.004825672249648
1.006206666197164
1.007947652242871
1.010132187333076
1.012860392026156
1.016251508373798
1.020446678448696
1.025611920258949
1.031941264741164
1.039660002469729
1.04902797180602
1.060342801714681
1.073943002818216
1.090210780030696
1.109574420060218
1.132510088120599
1.159542851427419
1.191246733691301
1.228243596184413
1.271200638422356
1.320826316443585
1.377864490373028
1.44308663655106
1.517281993861958
1.601245559524371
1.695763906582773
1.80159886320776
1.919469171622004
2.05003033032177
2.193852914904272
2.351399767237684
2.523002536334395
2.708838143030122
2.908905820002696
3.123005444185312
3.350717925683461
3.591388441619258
3.844113301164771
4.107731196442734
4.380819531057188
4.661696423100121
4.948428853303207
5.238847273817235
5.530566812698162
5.821015008838907
6.107465798441867
6.38707925493637
6.656946368089511
6.914137943971571
7.15575652448522
7.378990071999607
7.581166049025348
7.759804451301096
7.912668329930122
8.037810367105836
8.133614151090283
8.198828927739394
8.232596783986873
8.234471437133145
8.204428054464314
8.142863801041583
8.0505890987579
7.928809865685268
7.779101280029087
7.603373866874469
7.403832928592998
7.182932523002793
6.943325330728504
6.687809840410775
6.419276315473265
6.14065298939171
5.85485387037304
5.564729425615886
5.273021266184815
4.982321773636738
4.695039407459806
4.413370217164013
4.139275863559667
3.874468239030683
3.620400574326577
3.378264736338465
3.148994262939402
2.933272551230188
2.731545516870949
2.544037975509941
2.370772962134233
2.211593198686458
2.06618394168206
1.934096486165383
1.814771665936222
1.707562768024761
1.611757367285428
1.526597680259509
1.451299131993766
1.385066921644873
1.327110459373182
1.276655625799717
1.232954874394043
1.195295255451724
1.163004487285984
1.135455235914014
1.112067789333519
1.092311327292399
1.075703993354256
1.061811974331107
1.050247784158204
1.040667936405068
1.03277017318358
1.026290399462085
1.020999451823285
1.016699810455167
1.01322234341176
1.010423153527672
1.008180581258017
1.006392401435353
1.004973238647629
1.003852214694915
1.002970832336725
1.002281092185981
1.001743833980637
1.001327289378549
1.00100583066781
1.000758898151951
1.000570088251615
1.000426384369357
1.000317513117934
1.000235409462115
1.000173775539051
1.000127719294658
1.000093460516294
1.000068093288096
1.000049395294501
1.00003567571463
1.000025654662613
1.000018368223765
1.000013094109101
1.000009293801873
1.000006567805079
1.000004621226227
1.000003237464982
1.000002258211221
1.000001568326344
1.000001084479838
1.000000746655856
1.000000511839981
1.000000349352193
1.000000237415507
1.000000160646715
1.00000010823123
1.000000072602596
1.00000004849214
1.000000032248614
1.00000002135365
1.000000014078468
1.00000000924191
1.000000006040767
1.0000000039314
1.000000002547582
1.00000000164375
1.000000001056017
1.000000000675515
1.000000000430257
1.000000000272867
1.000000000172308
1.000000000108341
1.000000000067829
1.000000000042283
1.000000000026246
1.000000000016221
1.000000000009982
1.000000000006117
1.000000000003732
1.000000000002267
1.000000000001372
1.000000000000826
1.000000000000496
1.000000000000296
1.000000000000176
1.000000000000104
1.000000000000062
1.000000000000035
1.00000000000002
1.000000000000011
1.000000000000005
1.000000000000002
1
1
1
1
1
1
1
1
1
1
1
1.000000000000001
1.000000000000003
1.000000000000006
1.000000000000013
1.000000000000028
1.00000000000006
1.000000000000127
1.000000000000264
1.000000000000543
1.000000000001103
1.000000000002212
1.000000000004382
1.000000000008574
1.000000000016573
1.000000000031646
1.000000000059694
1.000000000111235
1.000000000204771
1.000000000372411
1.000000000669151
1.00000000118795
1.000000002083883
1.000000003612298
1.000000006188255
1.000000010477854
1.000000017536684
1.000000029016928
1.000000047473251
1.00000007680896
1.000000122919073
1.000000194606654
1.00000030487453
1.000000472727776
1.00000072566527
1.000001103093804
1.000001660968983
1.000002478057711
1.000003664332614
1.000005372155589
1.000007811093298
1.000011267440462
1.000016129816905
1.000022922561951
1.000032349085847
1.000045347863372
1.000063164379938
1.000087443074391
1.000120344172399
1.000164691273666
1.000224156645199
1.000303492375828
1.000408816851512
1.000547967394946
1.000730931343766
1.00097036927242
1.001282245430537
1.001679578136066
1.002199182014052
1.002866583872546
1.00371984069019
1.004805633086786
1.006180892163165
1.007914648363956
1.01009011163482
1.012806986746243
1.016184020552072
1.020361768978176
1.025505560578131
1.031808620498662
1.039495303705689
1.048824369478249
1.060092210757845
1.073635932366442
1.089836151959942
1.109119377616065
1.131959797085083
1.15888029703614
1.190452517325106
1.227295736708919
1.270074383908013
1.319493972837921
1.376295274478735
1.441246561347562
1.515133794749452
1.59874867042117
1.692874494921966
1.798269932712568
1.915650741249828
2.045669696921026
2.18889500590163
2.345787588054721
2.516677715225288
2.701741573656086
2.900978399353139
3.114188900477859
3.340955727701819
3.58062677767376
3.832302112595339
4.094825247450093
4.366779493775556
4.646489954346207
4.93203163748198
5.221244005154992
5.511752089412712
5.800994112127956
6.086255330329061
6.364707611083237
6.633454024647714
6.889577541363741
7.130192735576059
7.35249924732849
7.553835637461119
7.731732200466458
7.883961276823994
8.008583635312995
8.103989576591633
8.168933540413535
8.202561176231365
8.204428054464314
8.17450944534415
8.113200864434711
8.021309367991742
7.900035866069098
7.750948995427218
7.57595134711411
7.377239065347889
7.157256016793528
6.918643866109822
6.66418948048343
6.39677112077984
6.119304860247099
5.834692605945965
5.545772987803255
5.255276231665539
4.96578395358348
4.679694611318055
4.399195134732623
4.126239038342379
3.862531105455197
3.609518531894829
3.368388234998975
3.140069875857528
2.925244013555809
2.72435471193652
2.537625853002118
2.365080376038664
2.206561656084478
2.061756256668384
1.930217336160989
1.811388050411699
1.704624372066325
1.609216834487823
1.524410801094619
1.449424955075832
1.383467796202626
1.325752017768693
1.27550671513616
1.231987446170027
1.19448422189322
1.162327552465266
1.134892709095271
1.111602387212044
1.09192797095997
1.075389604964567
1.061555277587478
1.050039111927432
1.040499047996358
1.032634083134824
1.026181219056967
1.020912244026795
1.01663045850335
1.013167432921761
1.010379867701808
1.008146608534429
1.006365854779954
1.004952585579507
1.003836217081425
1.002958494977027
1.002271619214814
1.001736592160547
1.001321777402146
1.00100165365647
1.000755746608943
1.000567720802227
1.000424613695152
1.000316194564514
1.000234431868087
1.000173053897172
1.000127188913677
1.00009307240361
1.000067810518915
1.000049190172932
1.000035527566463
1.000025548128761
1.00001829194809
1.000013039734974
1.000009255209007
1.000006540532199
1.00000460203667
1.000003224021567
1.000002248834181
1.000001561814049
1.000001079976698
1.000000743555507
1.000000509714681
1.000000347901601
1.000000236429713
1.000000159979686
1.000000107781843
1.000000072301146
1.000000048290801
1.00000003211472
1.000000021264991
1.000000014020016
1.00000000920354
1.000000006015687
1.000000003915078
1.000000002537006
1.000000001636926
1.000000001051633
1.00000000067271
1.000000000428471
1.000000000271735
1.000000000171593
1.000000000107892
1.000000000067547
1.000000000042108
1.000000000026137
1.000000000016154
1.000000000009941
1.000000000006092
1.000000000003717
1.000000000002258
1.000000000001366
1.000000000000823
1.000000000000493
1.000000000000294
1.000000000000175
1.000000000000104
1.000000000000061
1.000000000000035
1.00000000000002
1.000000000000011
1.000000000000005
1.000000000000002
1
1
1
1
1
1
1
1
1
1
1
1
1.000000000000002
1.000000000000006
1.000000000000013
1.000000000000028
1.00000000000006
1.000000000000126
1.000000000000263
1.000000000000541
1.000000000001099
1.000000000002203
1.000000000004364
1.000000000008538
1.000000000016504
1.000000000031515
1.000000000059447
1.000000000110775
1.000000000203923
1.000000000370867
1.000000000666377
1.000000001183025
1.000000002075243
1.000000003597319
1.000000006162591
1.000000010434395
1.000000017463938
1.000000028896548
1.000000047276284
1.000000076490251
1.000000122408995
1.000000193799036
1.000000303609219
1.000000470765715
1.000000722653232
1.000001098514951
1.000001654074147
1.000002467770681
1.000003649120558
1.00000534985304
1.000007778664619
1.000011220661239
1.000016062849049
1.000022827390122
1.000032214773861
1.000045159578082
1.000062902116343
1.000087079998936
1.000119844481091
1.000164007437293
1.000223225885061
1.000302232179527
1.000407119299052
1.000545692020371
1.000727896206581
1.000966339856137
1.001276920923067
1.001665226000929
1.002180389768693
1.002842088543187
1.003688054092995
1.004764568135335
1.006128075273858
1.00784701606205
1.010003889384593
1.012697547995677
1.016045724010087
1.020187772246738
1.025287608459491
1.031536806607011
1.039157804449563
1.048407150061107
1.059578703582657
1.073006689135846
1.089068471841415
1.108186915090033
1.130832154503684
1.157522608472766
1.188825031960976
1.225353411742576
1.267766498734817
1.31676377796572
1.373079690248421
1.437475942928908
1.51073178099197
1.593632134860773
1.686953617480409
1.791448410285221
1.907826154374676
2.036734047988466
2.17873544185153
2.33428731719049
2.503717123661322
2.687199542046379
2.884733815004347
3.096122353848073
3.320951375783843
3.558574350052396
3.808099029277255
4.068378811142792
4.338009113405288
4.615329351525787
4.898430983634292
5.185171934313511
5.47319753057103
5.759967885565859
6.042791454716361
6.318864272401358
6.585314164047411
6.839249026892252
7.077808092078868
7.298214929506093
7.497830842720127
7.674207230472301
7.825135469123787
7.948692898612459
8.043283574794931
8.107672580939619
8.141012867009502
8.142863801041583
8.113200864434711
8.052416192811771
7.961309945766783
7.841072771113575
7.693259901059699
7.519757668383531
7.322743450556122
7.104640230654019
6.868067099523601
6.615787109756496
6.350653926650131
6.075558704776265
5.793378553580003
5.506927846097403
5.21891347762914
4.931895003591777
4.648250386248732
4.370147867527173
4.099524268600944
3.838069804909202
3.587219305558958
3.348149545318886
3.121782241032402
2.908792136181611
2.70961949992214
2.52448630108422
2.353415282894176
2.196251158759371
2.052683170579118
1.922268295083158
1.804454446487407
1.698603100814716
1.604010854008066
1.51992951806187
1.445584452737305
1.380190921403508
1.322968345122631
1.273152406869721
1.230005025997248
1.192822280607037
1.160940401863598
1.133739999487104
1.110648702165255
1.091142411243011
1.074745371874283
1.061029264110252
1.049611508503774
1.040152968091601
1.032355212390993
1.025957490532823
1.020733540934993
1.016488344927837
1.013054912240867
1.010291167843516
1.008076992736947
1.006311456207453
1.004910263932587
1.003803435227401
1.002933213589239
1.00225220743694
1.001721752386493
1.0013104823715
1.00099309419829
1.000749288513394
1.000562869452392
1.000420985244104
1.000313492590834
1.000232428582984
1.000171575105996
1.000126102052614
1.000092277078017
1.000067231063132
1.000048769832917
1.000035223976825
1.00002532981575
1.000018135640716
1.000012928308807
1.000009176122296
1.000006484642834
1.000004562712018
1.000003196472214
1.000002229617893
1.000001548468394
1.000001070748362
1.000000737201894
1.000000505359234
1.000000344928838
1.000000234409468
1.000000158612698
1.000000106860877
1.000000071683356
1.000000047878173
1.000000031840313
1.000000021083292
1.000000013900222
1.000000009124901
1.000000005964287
1.000000003881627
1.000000002515329
1.00000000162294
1.000000001042648
1.000000000666963
1.00000000042481
1.000000000269413
1.000000000170127
1.00000000010697
1.00000000006697
1.000000000041748
1.000000000025913
1.000000000016016
1.000000000009856
1.00000000000604
1.000000000003685
1.000000000002239
1.000000000001354
1.000000000000816
1.000000000000489
1.000000000000292
1.000000000000174
1.000000000000103
1.000000000000061
1.000000000000035
1.00000000000002
1.000000000000011
1.000000000000005
1.000000000000002
1
1
1
1
1
1
1
1
1
1
1
1
1.000000000000002
1.000000000000006
1.000000000000013
1.000000000000028
1.00000000000006
1.000000000000125
1.000000000000261
1.000000000000536
1.000000000001089
1.000000000002184
1.000000000004326
1.000000000008465
1.000000000016364
1.000000000031246
1.00000000005894
1.000000000109829
1.000000000202182
1.000000000367701
1.000000000660688
1.000000001172924
1.000000002057522
1.000000003566598
1.00000000610996
1.000000010345276
1.000000017314773
1.000000028649722
1.000000046872447
1.000000075836843
1.000000121363299
1.00000019214343
1.000000301015445
1.000000466743802
1.000000716479222
1.00000108912957
1.000001639941987
1.000002446686089
1.000003617942095
1.000005304142772
1.000007712201332
1.000011124787524
1.000015925600559
1.000022632340661
1.000031939511557
1.000044773705078
1.000062364636237
1.000086335921813
1.000118820434323
1.000162606020396
1.00022131844774
1.00029964963262
1.00040364048761
1.00054102909581
1.000721676330396
1.000958082451046
1.001266009559168
1.001643714221108
1.002152222939013
1.002805373666782
1.003640410736758
1.004703017977339
1.006048910813961
1.007745645651999
1.009874655615159
1.01253351642879
1.015838439285307
1.019926978747761
1.02496093302304
1.031129401219579
1.03865194753264
1.047781805816354
1.058809039975306
1.072063556452105
1.087917845371187
1.106789307357571
1.129142004581751
1.15548765824273
1.186385701678482
1.222442189875881
1.26430736368255
1.312671671837583
1.368260067294195
1.431824417302089
1.50413390019712
1.585963306314441
1.678079215969485
1.781224093594992
1.896098412855987
2.023341011235589
2.163507961895576
2.317050342642125
2.484291373071252
2.665403477454956
2.860385908341367
3.069043629697888
3.290968204284835
3.525521453643616
3.771822656976478
4.028740024414475
4.294887118853723
4.568624808036168
4.848069205581264
5.131105908432983
5.415410662368305
5.698476391965659
5.97764632321791
6.250152713354926
6.513160491779003
6.76381491711648
6.999292177086876
7.216851708615825
7.413888902951148
7.58798679079503
7.736965280310626
7.858926549027181
7.952295269730882
8.015852478712526
8.048762068334003
8.050589098757897
8.021309367991742
7.961309945766782
7.871380654777287
7.752696761465543
7.606793406833583
7.435532555178768
7.241063455673859
7.025777790279793
6.792260815341935
6.543239889207258
6.281531812367279
6.009990390294233
5.731455564779865
5.448705351664284
5.164411677493859
4.881101032325785
4.601120658954907
4.326610789087593
4.059483223258479
3.801406342014364
3.553796438747956
3.317815086158378
3.09437209395599
2.884133488987564
2.6875338528046
2.504792286723338
2.335931240132505
2.180797432463766
2.039084120086382
1.910354002857821
1.794062127039051
1.689578217345802
1.596207956565783
1.513212822080238
1.439828180762813
1.375279433529224
1.318796085281978
1.269623692762619
1.227033710161568
1.190331309145073
1.158861295730957
1.132012281194346
1.10921928836903
1.089964989140952
1.07377977468023
1.060240858270709
1.048970602802884
1.039634252442533
1.031937231971898
1.025622159024913
1.020465694974449
1.016275340495651
1.012886262579062
1.010158221588461
1.00797265028099
1.006229921815512
1.004846830825254
1.003754300670431
1.00289532097559
1.002223112387621
1.001699510008307
1.001293552973747
1.00098026496955
1.000739608879405
1.000555598065118
1.000415546781053
1.000309442765637
1.00022942597804
1.000169358632336
1.000124473018926
1.0000910850092
1.000066362548726
1.000048139807834
1.000034768942191
1.000025002597469
1.000017901359289
1.000012761297425
1.000009057582846
1.000006400872722
1.000004503769949
1.000003155179588
1.000002200815325
1.000001528465064
1.000001056916314
1.000000727678657
1.000000498830974
1.000000340473038
1.000000231381368
1.000000156563745
1.000000105480456
1.000000070757358
1.00000004725969
1.000000031429005
1.000000020810942
1.000000013720662
1.000000009007028
1.000000005887242
1.000000003831485
1.000000002482837
1.000000001601976
1.00000000102918
1.000000000658347
1.000000000419323
1.000000000265933
1.000000000167929
1.000000000105588
1.000000000066105
1.000000000041209
1.000000000025579
1.000000000015809
1.000000000009729
1.000000000005962
1.000000000003638
1.00000000000221
1.000000000001337
1.000000000000805
1.000000000000483
1.000000000000288
1.000000000000171
1.000000000000101
1.00000000000006
1.000000000000034
1.00000000000002
1.000000000000011
1.000000000000005
1.000000000000002
1
1
1
1
1
1
1
1
1
1
1
1.000000000000001
1.000000000000002
1.000000000000006
1.000000000000013
1.000000000000028
1.000000000000059
1.000000000000124
1.000000000000258
1.00000000000053
1.000000000001075
1.000000000002156
1.00000000000427
1.000000000008356
1.000000000016152
1.000000000030843
1.000000000058179
1.000000000108411
1.000000000199571
1.000000000362953
1.000000000652157
1.000000001157777
1.000000002030952
1.00000000352054
1.000000006031054
1.00000001021167
1.000000017091152
1.0000000282797
1.000000046267059
1.000000074857341
1.000000119795751
1.000000189661633
1.000000297127355
1.000000460714986
1.000000707224521
1.00000107506122
1.000001618758551
1.00000241508151
1.000003571207682
1.000005235626545
1.000007612578401
1.000010981081451
1.000015719878246
1.000022339981291
1.000031526922609
1.000044195324147
1.000061559015208
1.000085220638308
1.000117285512969
1.000160505471635
1.000218459443249
1.000295778732387
1.000398426213039
1.000534040004952
1.000712353594809
1.000945705759004
1.001249654977666
1.00161532393407
1.002115049636944
1.002756919069093
1.003577533270668
1.004621787008712
1.00594443337892
1.007611861936357
1.009704099271987
1.012317035759004
1.015564875360784
1.019582796762778
1.024529803551407
1.030591728666006
1.037984343931472
1.046956509280155
1.05779327855643
1.070818859971946
1.086399309903903
1.104944819524673
1.126911435602577
1.152802040756583
1.183166405649987
1.218600117336195
1.259742185542841
1.307271133411778
1.361899392337911
1.424365843147369
1.495426378757054
1.5758424071581
1.666367268134878
1.767730602132533
1.880620784111699
2.005665617454775
2.143411570756625
2.294301930769547
2.458654334440483
2.63663822797113
2.828252876906816
3.033306614012831
3.251398056763283
3.481900049554914
3.723947083687621
3.976426917904805
4.237977062029079
4.506986695322908
4.781604470357791
5.059752504545984
5.339146688707209
5.61732325016753
5.891671303269939
6.159470910246339
6.417935968377406
6.664261043902278
6.895671097917665
7.10947290280915
7.303106837036564
7.474197677553477
7.620602987368913
7.740457723438639
7.832213767770828
7.894673210699101
7.927014385868491
7.928809865685268
7.900035866069096
7.841072771113573
7.752696761465542
7.636062804079836
7.4926795246678
7.32437672730075
7.133266538904583
6.921699331865073
6.692215709513929
6.447495922784436
6.190308119902806
5.92345681492614
5.649732897691479
5.371866401682444
5.092483103482111
4.814065855187377
4.53892135761987
4.269152876040284
4.006639190035725
3.753019863592602
3.509686727631106
3.277781291952888
3.058197651860422
2.851590330448805
2.658386403078374
2.478801186684418
2.312856742880195
2.1604024385605
2.021136828199622
1.894630164756897
1.780346907009591
1.677667665881657
1.585910116516096
1.504348492176897
1.432231366609712
1.368797519739973
1.313289764598862
1.264966688809849
1.223112330143039
1.187043861472794
1.156117405455685
1.129732133395109
1.107332826525666
1.088411092131991
1.072505432567293
1.059200363578624
1.048124770687318
1.03894968003639
1.031385604377759
1.025179606912536
1.020112206570196
1.01599422891946
1.012663687985793
1.009982766385658
1.007834944798373
1.006122317161965
1.004763115253257
1.003689455541312
1.002845312348087
1.002184714305158
1.001670155707998
1.001271210456518
1.000963333633493
1.000726834208701
1.000546001669152
1.000408369380555
1.000304098015583
1.000225463293949
1.000166433443047
1.000122323102289
1.000089511776201
1.00006521632624
1.000047308331435
1.000034168409381
1.000024570750317
1.000017592165623
1.000012540883497
1.00000890113985
1.000006290316654
1.000004425980776
1.000003100683343
1.000002162802898
1.000001502065485
1.000001038661326
1.000000715110256
1.000000490215222
1.000000334592435
1.000000227384987
1.000000153859606
1.000000103658621
1.000000069535255
1.000000046443434
1.000000030886173
1.000000020451503
1.000000013483684
1.000000008851462
1.00000000578556
1.00000000376531
1.000000002439955
1.000000001574307
1.000000001011405
1.000000000646977
1.000000000412081
1.00000000026134
1.000000000165029
1.000000000103764
1.000000000064963
1.000000000040497
1.000000000025137
1.000000000015536
1.000000000009561
1.000000000005859
1.000000000003575
1.000000000002172
1.000000000001314
1.000000000000791
1.000000000000475
1.000000000000283
1.000000000000169
1.000000000000099
1.000000000000059
1.000000000000034
1.000000000000019
1.000000000000011
1.000000000000005
1.000000000000001
1
1
1
1
1
1
1
1
1
1
1
1
1.000000000000002
1.000000000000006
1.000000000000012
1.000000000000027
1.000000000000058
1.000000000000122
1.000000000000253
1.00000000000052
1.000000000001056
1.000000000002119
1.000000000004197
1.000000000008212
1.000000000015874
1.00000000003031
1.000000000057174
1.000000000106539
1.000000000196126
1.000000000356686
1.000000000640895
1.000000001137786
1.000000001995881
1.000000003459745
1.000000005926905
1.000000010035324
1.000000016795998
1.00000002779132
1.000000045468031
1.000000073564545
1.000000117726839
1.000000186386081
1.000000291995768
1.000000452758064
1.000000695010085
1.00000105649377
1.0000015908007
1.000002373370003
1.000003509528116
1.000005145199831
1.00000748109784
1.00001079142117
1.000015448370764
1.000021954132946
1.000030982399252
1.00004343199429
1.000060495782088
1.000083748724269
1.000115259777165
1.000157733243375
1.000214686236259
1.000290670068006
1.000391544621113
1.000524816088665
1.000700049839084
1.000929371531373
1.001228070916834
1.001580422364806
1.002069350694266
1.002697351503395
1.003500235005017
1.004521925938585
1.005815994365989
1.007447395382663
1.009494426468158
1.012050906119742
1.015228570727979
1.019159678210249
1.023999796606576
1.029930743615202
1.037163628938427
1.045941935460172
1.056544557944362
1.069288699524556
1.084532507298243
1.102677309550119
1.124169299372292
1.149500493739251
1.179208784574249
1.213876890250506
1.254130013596241
1.300632017101549
1.354079938867014
1.415196694943191
1.484721845900738
1.563400348227236
1.651969264536785
1.751142470175353
1.861593466622377
1.98393649253829
2.118706209179679
2.266336325386764
2.427137615078578
2.601275863347483
2.788750351676217
2.989373554197519
3.202752761009152
3.428274367341268
3.665091565347204
3.912116145693693
4.168015057170952
4.43121228360125
4.699896479089762
4.972034657243248
5.245392060933817
5.517558151455565
5.785978455725249
6.047991804784318
6.300872294309343
6.541875106596791
6.768285162051541
6.977467424681488
7.166917577771798
7.334311718851636
7.47755370176451
7.594818780734606
7.684592287340175
7.745702194649216
7.777344589679365
7.779101280029085
7.750948995427216
7.693259901059698
7.606793406833583
7.492679524667798
7.352394283865053
7.18772795250855
7.00074702149415
6.793751079500308
6.569225835906353
6.329793630383836
6.078162800737533
5.817077264864337
5.549267610818449
5.277404885204777
5.004058130370897
4.731656552297242
4.462457011726582
4.198517329399609
3.941675690764176
3.693536234312295
3.455460718148482
3.228565987856784
3.013726820318217
2.811583596557468
2.622554164246913
2.446849188023639
2.284490252803107
2.135329980137684
1.999073437712087
1.875300163864257
1.763486188610629
1.663025505788582
1.573250533289183
1.493451185761285
1.422892272754924
1.360829021614702
1.306520605651966
1.259241631936843
1.218291607795912
1.183002459723228
1.152744222422156
1.126929049106839
1.105013717445408
1.086500819402189
1.07093882876466
1.057921238518465
1.047084952740738
1.038108105611823
1.030707464746687
1.024635558475687
1.019677647990232
1.015648646294916
1.012390067398499
1.009767071697383
1.007665657470017
1.005990034082446
1.004660200054004
1.003609738593793
1.002783834554631
1.002137509858384
1.001634069175644
1.00124374381444
1.000942519192615
1.000711129738447
1.000534204391527
1.00039954588057
1.000297527473771
1.000220591787136
1.000162837374813
1.000119680111425
1.000087577728469
1.000063807221842
1.000046286158716
1.000033430146182
1.000024039860167
1.000017212059093
1.000012269918043
1.000008708816876
1.000006154404659
1.000004330350696
1.000003033688385
1.0000021160723
1.000001469611133
1.000001016219526
1.000000699659264
1.000000479623422
1.000000327363094
1.000000222472018
1.000000150535258
1.000000101418937
1.000000068032854
1.000000045439963
1.000000030218838
1.000000020009623
1.000000013192353
1.000000008660216
1.000000005660557
1.000000003683956
1.000000002387237
1.000000001540293
1.000000000989552
1.000000000632998
1.000000000403177
1.000000000255693
1.000000000161464
1.000000000101522
1.00000000006356
1.000000000039622
1.000000000024594
1.0000000000152
1.000000000009355
1.000000000005732
1.000000000003497
1.000000000002125
1.000000000001285
1.000000000000774
1.000000000000464
1.000000000000277
1.000000000000165
1.000000000000097
1.000000000000057
1.000000000000033
1.000000000000019
1.00000000000001
1.000000000000005
1.000000000000001
1
1
1
1
1
1
1
1
1
1
1
1
1.000000000000002
1.000000000000006
1.000000000000012
1.000000000000026
1.000000000000056
1.000000000000119
1.000000000000248
1.000000000000509
1.000000000001034
1.000000000002073
1.000000000004106
1.000000000008035
1.000000000015531
1.000000000029656
1.000000000055939
1.000000000104238
1.000000000191889
1.000000000348981
1.000000000627051
1.000000001113206
1.000000001952764
1.000000003385002
1.00000000579886
1.000000009818518
1.00000001643313
1.000000027190898
1.000000044485701
1.000000071975181
1.000000115183328
1.000000182359147
1.000000285687064
1.000000442975964
1.000000679993917
1.000001033667401
1.000001556430082
1.000002322091125
1.000003433701246
1.00000503403233
1.000007319460387
1.000010558259984
1.000015114590117
1.000021479786638
1.000030312984971
1.000042493589259
1.000059188689881
1.000081939218984
1.000112769429869
1.000154325194419
1.000210047633169
1.000284389719911
1.000383084724914
1.000513476657743
1.000684924211356
1.000909291049896
1.001201536564223
1.001539454919483
1.002015709310308
1.002627431156504
1.003409502400681
1.004404709167609
1.005665232878759
1.007254344866646
1.009248312987009
1.011738523777904
1.01483381720353
1.018663022796424
1.023377675967381
1.029154881342484
1.036200276245365
1.044751032004615
1.055078813883194
1.067492602485443
1.08234126103172
1.100015714588626
1.120950590046682
1.145625150334453
1.174563344161506
1.208332784699122
1.247542468294842
1.292839048825923
1.344901495805787
1.404433985893648
1.472156908813706
1.548795910338233
1.635068946994944
1.731671389107356
1.839259279706838
1.95843093521876
2.089707157471276
2.233510412764567
2.390143419194945
2.559767664428888
2.742382448624242
2.937805107001177
3.145653109515266
3.365328757278622
3.596007193401669
3.836628417100213
4.085893932485201
4.342268576816258
4.603987957830164
4.869071788106727
5.135343239768242
5.400454259945572
5.661916592436828
5.917138050914788
6.163463391739623
6.398218948149506
6.618760020609286
6.822519878290636
7.007059121136555
7.170114086640504
7.309642964721128
7.423868310452597
7.511314718458724
7.570840542926004
7.601662709770696
7.603373866874469
7.575951347114109
7.519757668383529
7.435532555178767
7.324376727300749
7.18772795250855
7.027330091678743
6.845196068284232
6.643565861247231
6.424860745592801
6.191635084925495
5.946527011751797
5.692209316370002
5.431341804773314
5.166526284935367
4.900265204718306
4.634924800442667
4.372703430708167
4.115605573608009
3.86542176530702
3.623714561956289
3.391810422279966
3.170797241080153
2.961527119337453
2.76462383816321
2.580494413805253
2.409344050055879
2.251193772293589
2.105900022387685
1.973175513219176
1.852610682284403
1.743695141893598
1.645838594714631
1.558390763637578
1.480659970077961
1.411930081126993
1.351475630061808
1.298574993841399
1.25252158311291
1.212633063319338
1.17825867870573
1.148784793889883
1.123638800208835
1.102291556702958
1.084258549114911
1.069099955665928
1.056419806791521
1.045864418719818
1.037120269018534
1.029911467236895
1.023996956652696
1.019167564905699
1.015243002816391
1.012068892659781
1.009513890138192
1.007466948677546
1.005834760724494
1.004539398593319
1.003516167146394
1.002711672152524
1.002082101453492
1.001591710934743
1.001211503567149
1.00091808727359
1.000692695883717
1.000520356785122
1.00038918888368
1.000289814991318
1.000214873626216
1.000158616319534
1.000116577775376
1.000085307547747
1.000062153218114
1.000045086334358
1.000032563574109
1.0000234167021
1.000016765890521
1.000011951859062
1.000008483068306
1.000005994871218
1.000004218100118
1.000002955049689
1.000002061219899
1.000001431516186
1.000000989877312
1.000000681522863
1.000000467190745
1.000000318877275
1.000000216705161
1.000000146633128
1.000000098789987
1.000000066269328
1.000000044262085
1.000000029435516
1.000000019490941
1.000000012850386
1.00000000843573
1.000000005513827
1.000000003588462
1.000000002325356
1.000000001500366
1.000000000963901
1.00000000061659
1.000000000392726
1.000000000249066
1.000000000157278
1.000000000098891
1.000000000061912
1.000000000038595
1.000000000023957
1.000000000014807
1.000000000009112
1.000000000005584
1.000000000003407
1.00000000000207
1.000000000001252
1.000000000000754
1.000000000000452
1.00000000000027
1.000000000000161
1.000000000000095
1.000000000000056
1.000000000000032
1.000000000000018
1.00000000000001
1.000000000000005
1.000000000000001
1
1
1
1
1
1
1
1
1
1
1
1
1.000000000000002
1.000000000000006
1.000000000000012
1.000000000000026
1.000000000000055
1.000000000000116
1.000000000000241
1.000000000000496
1.000000000001007
1.000000000002019
1.000000000003999
1.000000000007826
1.000000000015128
1.000000000028887
1.000000000054489
1.000000000101536
1.000000000186915
1.000000000339936
1.000000000610798
1.000000001084352
1.000000001902149
1.000000003297264
1.000000005648554
1.000000009564021
1.000000016007178
1.000000026486097
1.000000043332606
1.000000070109533
1.000000112197681
1.000000177632227
1.000000278281761
1.000000431493531
1.000000662367662
1.000001006873434
1.000001516085349
1.000002261899313
1.000003344694794
1.000004903542785
1.000007129728888
1.000010284573523
1.000014722796044
1.000020922996
1.000029527222843
1.000041392084973
1.000057654419658
1.00007981521526
1.000109846252703
1.000150324817959
1.000204602831296
1.000277017837071
1.000373154488376
1.000500166424132
1.000667169742168
1.000885720577787
1.00117039054575
1.001492935727262
1.001954798667753
1.002548035506265
1.003306474121711
1.004271607726202
1.005494040920998
1.007035133102891
1.008968847462272
1.011383809014689
1.014385568793255
1.018099063353549
1.022671249001948
1.028273878608179
1.035106375536942
1.043398744261684
1.053414440850741
1.065453109117008
1.07985307031461
1.096993436517161
1.11729570103865
1.14122464441761
1.169288382657135
1.202037376768103
1.240062220419975
1.283990026876291
1.334479248523007
1.392212783183109
1.457889251819652
1.532212372618752
1.615878406878623
1.709561712207107
1.813898507316758
1.929469028702268
2.056778340603521
2.196236143242379
2.348136007195562
2.512634540318967
2.68973106395008
2.879248433113267
3.080815677104714
3.293853158356652
3.517560945566823
3.750911069122358
3.992644271155303
4.241271778548693
4.495082515522427
4.752156035059736
5.010381288744764
5.267481177244334
5.521042634552609
5.768551805093337
6.007433681436646
6.23509538973263
6.448972148017624
6.646574786967042
6.825537620336687
6.983665388985801
7.1189779822527
7.229751666035862
7.314555618743881
7.372282692793968
7.402173477005918
7.403832928592997
7.377239065347888
7.322743450556121
7.241063455673859
7.133266538904583
7.00074702149415
6.845196068284232
6.668565776180045
6.47302843637574
6.260932157764221
6.034754116148918
5.797052724908366
5.55042000792563
5.29743539714026
5.04062207905817
4.782406882539339
4.525084540944129
4.270786982842623
4.021458114981099
3.778834367076226
3.544431077932625
3.319534623321754
3.105200024019474
2.90225363219984
2.711300379539616
2.532734983054995
2.366756445677863
2.213385157432171
2.072481898219777
1.943768062159469
1.826846462905578
1.721222135664376
1.626322620711795
1.541517291017193
1.466135369147209
1.399482362306796
1.340854725937598
1.289552643016036
1.244890875919698
1.206207708891319
1.17287205072788
1.144288808895856
1.119902677835491
1.099200506183014
1.08171242074678
1.067011890295779
1.054714910686315
1.044478485774395
1.035998567159354
1.029007601257892
1.02327181560873
1.018588358629981
1.014782389127634
1.011704194369011
1.009226399023847
1.007241312128126
1.005658445700158
1.004402226876444
1.003409915479892
1.002629730748583
1.002019184442078
1.001543612563103
1.00117489431608
1.000890344486742
1.00067176398173
1.000504632631712
1.000377428365996
1.000281057356792
1.000208380571855
1.000153823249817
1.000113055027278
1.000082729723954
1.000060275072197
1.000043723915726
1.00003157956834
1.000022709096539
1.000016259259175
1.00001159069809
1.000008226727217
1.000005813718427
1.000004090637757
1.00000286575415
1.000001998934077
1.000001388258726
1.000000959965274
1.000000660928662
1.000000453073218
1.000000309241474
1.000000210156789
1.000000142202187
1.000000095804764
1.000000064266811
1.00000004292458
1.000000028546039
1.000000018901968
1.000000012462076
1.000000008180821
1.000000005347211
1.000000003480027
1.000000002255089
1.000000001455029
1.000000000934775
1.000000000597958
1.000000000380859
1.000000000241539
1.000000000152526
1.000000000095903
1.000000000060042
1.000000000037429
1.000000000023233
1.000000000014359
1.000000000008837
1.000000000005415
1.000000000003304
1.000000000002007
1.000000000001214
1.000000000000731
1.000000000000438
1.000000000000262
1.000000000000156
1.000000000000092
1.000000000000054
1.000000000000032
1.000000000000018
1.00000000000001
1.000000000000004
1.000000000000001
1
1
1
1
1
1
1
1
1
1
1
1
1.000000000000002
1.000000000000005
1.000000000000012
1.000000000000025
1.000000000000053
1.000000000000113
1.000000000000234
1.000000000000481
1.000000000000977
1.000000000001958
1.000000000003879
1.00000000000759
1.000000000014671
1.000000000028014
1.000000000052843
1.000000000098468
1.000000000181267
1.000000000329665
1.000000000592342
1.000000001051587
1.000000001844673
1.000000003197632
1.000000005477873
1.000000009275027
1.00000001552349
1.000000025685766
1.000000042023218
1.000000067991017
1.000000108807369
1.000000172264647
1.000000269872798
1.000000418454877
1.000000642352535
1.000000976448143
1.000001470272838
1.000002193549989
1.000003243625807
1.000004755368854
1.000006914284484
1.000009973796561
1.000014277905557
1.000020290748733
1.000028634974133
1.000040141305206
1.000055912226327
1.000077403369045
1.000106526931066
1.000145782317992
1.000198420161817
1.00026864693502
1.000361878533658
1.000485052427971
1.000647009245465
1.00085895591799
1.001135023734987
1.001441436911012
1.001887367884091
1.002460141009628
1.003192417272777
1.004124258575915
1.005304523912836
1.006792456085758
1.008659466922112
1.010991124314221
1.013889338308286
1.017474735768563
1.02188920373788
1.027298570463926
1.033895380194494
1.041901703389525
1.051571908189739
1.063195302182733
1.077098536217511
1.093647644881728
1.113249582061004
1.136353095671215
1.16344877423456
1.195068090588743
1.231781265852949
1.27419378099628
1.322941375066791
1.378683389304183
1.442094345718941
1.513853687716858
1.594633659042706
1.685085355320836
1.785823048884304
1.897406960958365
2.020324733584508
2.15497193437274
2.30163200718535
2.460456157698684
2.631443730675372
2.81442369177694
3.009037866961948
3.214726613295217
3.430717593146069
3.656018296761066
3.889412904425903
4.129463998311028
4.374519526258585
4.622725287138424
4.872043053219111
5.120274273779701
5.365089121597203
5.604060456613472
5.834702096347743
6.054510608198008
6.261009682414387
6.451796013622571
6.624585519973351
6.777258667830802
6.907903650483453
7.01485619406227
7.096734833182716
7.152470611325256
7.181330313197103
7.182932523002792
7.157256016793528
7.104640230654019
7.025777790279793
6.921699331865073
6.793751079500309
6.64356586124723
6.47302843637574
6.284236162839706
6.079456151458114
5.861080127796129
5.631578252703414
5.393453138140135
5.149195238483089
4.901240702863387
4.65193264662553
4.403486646251531
4.157961089387702
3.917232827673094
3.682978392641334
3.456660851449317
3.239522206305065
3.03258108501614
2.836635334716305
2.652269019946625
2.479863241946744
2.319610139033598
2.171529397872484
2.035486600761536
1.911212752331864
1.798324367186357
1.696343554350161
1.604717601108079
1.522837633921565
1.4500560138391
1.38570220461011
1.329096930462157
1.279564514576809
1.236443356620585
1.199094566738363
1.166908823234982
1.139311561310168
1.115766630685089
1.095778581167097
1.078893747854214
1.064700312723178
1.052827517865143
1.04294419879897
1.034756795283409
1.028006983004832
1.022469053490859
1.017947152531844
1.014272470086824
1.011300457769103
1.008908134064976
1.006991522814115
1.00546325742106
1.00425037191102
1.003292290331643
1.002539018100325
1.001949532610076
1.001490365599515
1.001134366300969
1.000859632027493
1.000648591464138
1.000487225315358
1.000364408964722
1.000271362276363
1.000201192479214
1.000148517113505
1.000109155191873
1.000079875960639
1.000058195882616
1.000042215658644
1.00003049023076
1.000021925746042
1.000015698395919
1.000011190876912
1.00000794294625
1.000005613174219
1.000003949531227
1.000002766899984
1.00000192998087
1.000001340370762
1.00000092685129
1.000000638129944
1.000000437444469
1.000000298574199
1.000000202907438
1.000000137296928
1.000000092499983
1.000000062049931
1.000000041443899
1.000000027561345
1.000000018249946
1.000000012032198
1.000000007898624
1.000000005162759
1.000000003359984
1.0000000021773
1.000000001404838
1.00000000090253
1.000000000577332
1.000000000367721
1.000000000233207
1.000000000147265
1.000000000092595
1.000000000057971
1.000000000036138
1.000000000022431
1.000000000013864
1.000000000008532
1.000000000005228
1.00000000000319
1.000000000001938
1.000000000001172
1.000000000000706
1.000000000000423
1.000000000000253
1.000000000000151
1.000000000000089
1.000000000000052
1.00000000000003
1.000000000000017
1.000000000000009
1.000000000000004
1.000000000000001
1
1
1
1
1
1
1
1
1
1
1
1
1.000000000000002
1.000000000000005
1.000000000000011
1.000000000000024
1.000000000000051
1.000000000000109
1.000000000000226
1.000000000000465
1.000000000000943
1.00000000000189
1.000000000003745
1.000000000007328
1.000000000014165
1.000000000027048
1.00000000005102
1.000000000095072
1.000000000175015
1.000000000318293
1.000000000571909
1.000000001015313
1.000000001781042
1.000000003087332
1.000000005288917
1.000000008955089
1.000000014988015
1.000000024799746
1.000000040573643
1.00000006564569
1.000000105054092
1.000000166322426
1.000000260563603
1.000000404020368
1.000000620194712
1.000000942765737
1.000001419556008
1.000002117883789
1.00000313173734
1.000004591332935
1.000006675776928
1.000009629751333
1.000013785390331
1.00001959082078
1.000027647212485
1.000038756633099
1.000053983536803
1.000074733343137
1.000102852288545
1.000140753561616
1.000191575663765
1.000259379965151
1.000349395540417
1.000468320551642
1.000624690668709
1.000829326240098
1.001095871096072
1.001385576899649
1.001814226708226
1.002364803155046
1.003068701514066
1.003964431168717
1.005098957680161
1.006529228014255
1.008323886575829
1.010565185244623
1.013351084746763
1.016797537293579
1.021040931379267
1.026240668909376
1.032581832464396
1.040277886607667
1.049573341951272
1.060746294545777
1.074110736539733
1.090018517582295
1.108860820875004
1.131069004005566
1.157114643718955
1.187508616685715
1.222799046245657
1.263567949163472
1.310426427691385
1.364008271617442
1.42496186319996
1.493940315373619
1.57158982042043
1.658536242054979
1.755370047713454
1.862629748366723
1.980784088462911
2.110213306179042
2.251189861075983
2.403859099155081
2.568220390569999
2.744109329074699
2.931181620945231
3.128899311088154
3.336519992272323
3.553089617474436
3.777439483641615
4.008187877197933
4.243746767963763
4.482333810666817
4.721989765016939
4.960601280731816
5.195928818385902
5.425639296883307
5.647342880776979
5.858633152992968
6.057129768217878
6.240522556375538
6.406615950645718
6.553372555684561
6.678954653031028
6.781762464426014
6.860468060417343
6.914043909761296
6.941785211460553
6.943325330728503
6.918643866109822
6.868067099523601
6.792260815341935
6.692215709513929
6.569225835906352
6.4248607455928
6.26093215776422
6.079456151458114
5.882611980143796
5.672698682841101
5.452090694251489
5.223193642608869
4.988401469706557
4.750055916583443
4.510409295830304
4.271591323689237
4.035580619105935
3.804181300084132
3.57900492752765
3.361457870349055
3.152733999442525
2.953812467730424
2.765460203375267
2.588238636664158
2.422514100020038
2.268471285823675
2.126129117823402
1.995358387407219
1.875900523584673
1.767386902169341
1.66935815189655
1.581282979328274
1.502576106603575
1.432614992724601
1.370755086733456
1.316343436833024
1.268730550709861
1.227280467029375
1.191379054836072
1.160440605479419
1.133912820269721
1.11128032636068
1.092066873741646
1.075836378387178
1.062192981458379
1.05078029302808
1.041279982232643
1.033409865171153
1.026921628372362
1.021598310244529
1.017251646516361
1.013719369042555
1.010862531120151
1.008562917138136
1.006720580324393
1.005251539801193
1.004085657244211
1.003164704201011
1.002440623529078
1.001873982370534
1.001432609459548
1.001090406202163
1.000826318706272
1.000623456598104
1.000468343871883
1.000350287023444
1.000260846173529
1.000193395666637
1.000142761629463
1.000104925100451
1.000076780527323
1.000055940617409
1.000040579675093
1.000029308642746
1.000021076057527
1.000015090035922
1.000010757196813
1.000007635133219
1.000005395646852
1.000003796475023
1.000002659674294
1.00000185518831
1.000001288427366
1.000000890933016
1.000000613400489
1.000000420492181
1.000000287003551
1.000000195044165
1.000000131976259
1.00000008891533
1.00000005964531
1.000000039837823
1.00000002649326
1.000000017542706
1.000000011565914
1.000000007592529
1.000000004962687
1.000000003229775
1.000000002092923
1.000000001350396
1.000000000867554
1.000000000554958
1.000000000353471
1.00000000022417
1.000000000141557
1.000000000089007
1.000000000055724
1.000000000034738
1.000000000021562
1.000000000013327
1.000000000008201
1.000000000005026
1.000000000003066
1.000000000001863
1.000000000001127
1.000000000000679
1.000000000000407
1.000000000000243
1.000000000000145
1.000000000000085
1.00000000000005
1.000000000000029
1.000000000000016
1.000000000000009
1.000000000000004
1.000000000000001
1
1
1
1
1
1
1
1
1
1
1
1
1.000000000000002
1.000000000000005
1.000000000000011
1.000000000000023
1.00000000000005
1.000000000000104
1.000000000000217
1.000000000000447
1.000000000000906
1.000000000001817
1.0000000000036
1.000000000007044
1.000000000013616
1.000000000025999
1.000000000049043
1.000000000091388
1.000000000168233
1.000000000305958
1.000000000549746
1.000000000975967
1.000000001712021
1.000000002967688
1.000000005083955
1.000000008608052
1.000000014407183
1.00000002383868
1.000000039001291
1.00000006310172
1.000000100982927
1.000000159876927
1.000000250465974
1.000000388363356
1.00000059616029
1.000000906230714
1.000001364543924
1.000002035809399
1.000003010373068
1.000004413404936
1.000006417070445
1.000009256569447
1.000013251164923
1.00001883161747
1.000026575799754
1.000037254696896
1.00005189151228
1.000071837201216
1.000098866452938
1.000135298937728
1.000184151530644
1.000249328211556
1.00033585541276
1.000450171722442
1.000600482027649
1.000797187355872
1.001053402797994
1.001326008115177
1.00173622939833
1.002263135447653
1.002936771791314
1.003793992217187
1.004879743142922
1.006248523270364
1.007966025844111
1.01011096657119
1.012777094650398
1.016075377275926
1.020136339328299
1.025112529706959
1.031181073922878
1.038546259271824
1.047442084366736
1.058134689353997
1.070924567233027
1.086148440934239
1.104180675912333
1.125434084830871
1.150359970408474
1.179447245706617
1.21322046914678
1.252236635428599
1.297080574295192
1.348358827642029
1.406691902474264
1.47270483309093
1.547016030669697
1.630224451785088
1.722895178488468
1.825543570076666
1.938618218724578
2.062483015396195
2.197398706056389
2.343504387975704
2.50079945837004
2.669126579130395
2.84815625839263
3.037373668813597
3.236068320720246
3.443327183467433
3.658031798875227
3.87885985599243
4.104291597231504
4.332621303911146
4.561973967407591
4.790327094606762
5.015537428380158
5.235372191477517
5.447544292285334
5.649750770444939
5.839713616484923
6.015221979200376
6.174174683621317
6.314621926147177
6.434804995551715
6.533192891284369
6.608514774275357
6.659787288940244
6.686335935117864
6.687809840410775
6.66418948048343
6.615787109756495
6.543239889207259
6.447495922784436
6.329793630383837
6.191635084925496
6.034754116148919
5.861080127796128
5.672698682841101
5.471809979984188
5.260686372193473
5.041630064895444
4.816932079498799
4.588833480872981
4.35948975014845
4.13093904277132
3.905074912869089
3.683623915775186
3.468128328141785
3.259934056247984
3.060183644073514
2.869814148785544
2.689559526762347
2.519957071275276
2.361357365382403
2.213937161171443
2.077714568825393
1.952565934675573
1.838243804223978
1.734395401184934
1.640581103593771
1.556292459391025
1.480969352992757
1.414016007694735
1.354815583084474
1.30274319907855
1.257177286346344
1.217509224811416
1.183151286243877
1.153542942786159
1.128155640179616
1.106496162492284
1.088108734658108
1.072576020779482
1.059519180783479
1.048597146660877
1.039505273230243
1.03197350824223
1.025764213719308
1.020669755683175
1.016509963720559
1.013129545918558
1.01039552917104
1.008194780192623
1.006431649122836
1.00502576558982
1.003910006656042
1.003028647226637
1.002335696231694
1.001793416110703
1.001371018704841
1.001043527450855
1.000790793605532
1.000596652946023
1.000448208826974
1.000335227479335
1.000249631871135
1.000185081197051
1.000136624018938
1.000100414158442
1.000073479577194
1.000053535617016
1.000038835072607
1.000028048604708
1.000020169954976
1.000014441284561
1.00001029472299
1.00000730688325
1.000005163676956
1.000003633256781
1.000002545329435
1.000001775429947
1.000001233035217
1.000000852629964
1.000000587029131
1.000000402414349
1.000000274664671
1.000000186658809
1.000000126302323
1.000000085092674
1.000000057081032
1.000000038125111
1.000000025354259
1.000000016788507
1.00000001106867
1.000000007266109
1.00000000474933
1.00000000309092
1.000000002002944
1.000000001292339
1.000000000830256
1.0000000005311
1.000000000338275
1.000000000214533
1.000000000135472
1.00000000008518
1.000000000053328
1.000000000033244
1.000000000020635
1.000000000012754
1.000000000007849
1.000000000004809
1.000000000002935
1.000000000001783
1.000000000001078
1.000000000000649
1.00000000000039
1.000000000000233
1.000000000000138
1.000000000000082
1.000000000000048
1.000000000000028
1.000000000000016
1.000000000000008
1.000000000000004
1.000000000000001
1
1
1
1
1
1
1
1
1
1
1
1
1.000000000000002
1.000000000000005
1.00000000000001
1.000000000000022
1.000000000000048
1.0000000000001
1.000000000000208
1.000000000000427
1.000000000000867
1.000000000001739
1.000000000003445
1.000000000006741
1.00000000001303
1.000000000024882
1.000000000046934
1.000000000087458
1.000000000161
1.000000000292804
1.000000000526111
1.000000000934007
1.000000001638416
1.000000002840099
1.000000004865382
1.000000008237969
1.000000013787781
1.000000022813794
1.000000037324527
1.000000060388822
1.000000096641427
1.000000153003438
1.000000239697855
1.000000371666719
1.00000057053
1.000000867269812
1.000001305879135
1.00000194828545
1.000002880950526
1.000004223663048
1.000006141186708
1.000008858609625
1.000012681469008
1.000018022006164
1.000025433249823
1.000035653038873
1.000049660587086
1.000068748769441
1.000094615977658
1.000129482154672
1.000176234473948
1.000238609075338
1.000321416294633
1.000430817912091
1.000574666070096
1.000762914634994
1.001008114853498
1.001263404375664
1.001654258227764
1.002156287909643
1.002798120436724
1.003614869651954
1.004649359958097
1.005953517058823
1.007589932682829
1.009633606203624
1.012173860723982
1.015316424444606
1.019185659893368
1.023926913817187
1.029708949261399
1.036726408691567
1.045202243157075
1.055390027771748
1.067576068632357
1.082081191275686
1.09926208658023
1.119512077459757
1.143261159686471
1.170975163711641
1.20315388245347
1.240328013722455
1.283054776220365
1.331912075723342
1.38749112379308
1.450387445539821
1.52119025564137
1.600470232662297
1.688765779928494
1.786567925524019
1.894304082624143
2.012320962112549
2.140866999563415
2.280074725144976
2.429943564502445
2.590323607759397
2.760900919024888
2.94118497700746
3.130498835717643
3.327972570582062
3.532540528162577
3.74294282657303
3.957731459168138
4.175281237830373
4.393805677041942
4.61137776985623
4.825955446844143
5.035411344896918
5.237566350846459
5.430226231984347
5.61122052851267
5.778442768222929
5.929890977100317
6.063707405941551
6.178216376045782
6.27195916868703
6.343724943846572
6.392576772286341
6.41787199847094
6.419276315473266
6.39677112077984
6.350653926650132
6.28153181236728
6.190308119902807
6.078162800737534
5.946527011751798
5.797052724908366
5.631578252703414
5.452090694251489
5.260686372193473
5.059530356878582
4.850816161714133
4.6367266441094
4.419397063488089
4.200881136125169
3.983120791806865
3.767920185937621
3.556924359497501
3.351602774975509
3.153237795552415
2.962918023278199
2.781536274861576
2.609791855044223
2.448196690345851
2.297084812060251
2.156624627441412
2.026833391660718
1.907593289010833
1.798668547855232
1.699723047234692
1.610337920679325
1.530028721238528
1.458261777580867
1.394469440890635
1.338063993104988
1.288450056058788
1.245035406030764
1.207240157190833
1.174504329205937
1.146293857927038
1.122105143261698
1.101468255046061
1.083948936318889
1.069149554492272
1.056709155333132
1.046302773372679
1.03764014637089
1.030463971814167
1.024547831114315
1.019693893130102
1.015730493672393
1.012509672485908
1.009904734404205
1.007807887401855
1.006127997449046
1.004788488627784
1.003725407015184
1.002885658414931
1.002225423091922
1.001708745154958
1.001306290018701
1.00099426031578
1.000753458567363
1.000568483697432
1.000427047938284
1.000319400678562
1.00023784621991
1.000176343119726
1.000130173707654
1.000095673391497
1.000070010449064
1.000051008085698
1.000037001585339
1.000026724369635
1.000019217687827
1.000013759480235
1.000009808686755
1.000006961909372
1.000004919888482
1.000003461722762
1.000002425158831
1.000001691607978
1.00000117482089
1.000000812375406
1.000000559314174
1.000000383415464
1.000000261697132
1.000000177846224
1.000000120339303
1.000000081075254
1.000000054386105
1.000000036325136
1.000000024157225
1.000000015995882
1.000000010546093
1.000000006923059
1.000000004525103
1.00000000294499
1.00000000190838
1.000000001231325
1.000000000791057
1.000000000506025
1.000000000322304
1.000000000204404
1.000000000129076
1.000000000081158
1.000000000050811
1.000000000031675
1.000000000019661
1.000000000012152
1.000000000007478
1.000000000004583
1.000000000002796
1.000000000001699
1.000000000001028
1.000000000000619
1.000000000000371
1.000000000000222
1.000000000000132
1.000000000000078
1.000000000000046
1.000000000000027
1.000000000000015
1.000000000000008
1.000000000000004
1.000000000000001
1
1
1
1
1
1
1
1
1
1
1
1
1.000000000000002
1.000000000000004
1.00000000000001
1.000000000000021
1.000000000000045
1.000000000000095
1.000000000000198
1.000000000000407
1.000000000000826
1.000000000001657
1.000000000003282
1.000000000006423
1.000000000012415
1.000000000023707
1.000000000044718
1.000000000083329
1.000000000153398
1.000000000278979
1.000000000501271
1.000000000889909
1.000000001561061
1.000000002706007
1.00000000463567
1.000000007849027
1.000000013136815
1.000000021736683
1.000000035562322
1.000000057537686
1.000000092078706
1.000000145779715
1.00000022838106
1.000000354119334
1.000000543593776
1.000000826323763
1.000001244225263
1.000001856302019
1.000002744933743
1.000004024253624
1.000005851246489
1.000008440373544
1.000012082746901
1.000017171145041
1.000024232486985
1.000033969776623
1.000047315996894
1.000065502983327
1.000090148942872
1.000123369010143
1.000167914048907
1.000227343807806
1.000306241516348
1.000410478043952
1.000547534816592
1.000726895757384
1.000960519542011
1.001198448351488
1.001569207060746
1.002045425671562
1.002654259387863
1.003429016731569
1.004410320358721
1.005647426297945
1.007199708226884
1.009138309549502
1.011547960968251
1.014528954842611
1.018199259806218
1.022696749842927
1.028181511324832
1.034838179496717
1.042878242748156
1.052542239047455
1.064101754536314
1.077861120036181
1.094158687752459
1.113367558549568
1.135895620674987
1.162184754673201
1.192709057429935
1.227971941797312
1.268501977988644
1.314847359697238
1.367568902304012
1.427231512961214
1.494394112825656
1.569598039940969
1.653354016486593
1.746127825116487
1.848324904228125
1.960274139099753
2.082211192360853
2.214261780318887
2.35642535810751
2.508559723179223
2.670367080101371
2.84138212689181
3.020962721594306
3.208283665351541
3.402334093527065
3.601918898982137
3.805664521954897
4.012029330717349
4.219318688994791
4.425704663775418
4.629250175326937
4.827937235485041
5.019698766682906
5.202453349171049
5.374142113875071
5.532766889500853
5.67642863035025
5.803365100457422
5.911986773502811
6.000909928497633
6.068985978877453
6.115326166176375
6.139320876020236
6.14065298939171
6.119304860247099
6.075558704776265
6.009990390294234
5.923456814926141
5.817077264864339
5.692209316370002
5.550420007925629
5.393453138140135
5.223193642608868
5.041630064895444
4.850816161714131
4.652832670479774
4.449750220468165
4.243594290142786
4.03631300722891
3.82974846028745
3.625612046948635
3.425464231034156
3.230698924964551
3.04253256126666
2.861997773258067
2.689941474908065
2.527027017329734
2.373740007167954
2.230397302041931
2.097158650827408
1.974040421560793
1.860930855853157
1.757606303901501
1.663747925879298
1.578958390676306
1.502778158415653
1.434700995630785
1.374188438267082
1.320682984849177
1.273619867629468
1.232437311121777
1.196585243396541
1.165532474610472
1.138772398663906
1.115827307252004
1.096251430912187
1.079632839303261
1.065594343473425
1.053793547066603
1.043922192186263
1.035704939953803
1.028897716645716
1.023285744616657
1.018681363890837
1.014921736113081
1.011866508162752
1.009395498698062
1.007406457644005
1.005812936477506
1.004542296305757
1.003533871291818
1.002737296990256
1.002111006585629
1.001620892799766
1.001239129236793
1.000943142031841
1.00071472071288
1.000539256024888
1.000405091955542
1.000302979205146
1.000225617737037
1.000167276719473
1.000123481033389
1.000090754495597
1.000066410972273
1.000048385585105
1.000035099206696
1.000025350377765
1.000018229640165
1.000013052057747
1.000009304388142
1.000006603973393
1.000004666939851
1.000003283743481
1.000002300472902
1.000001604636454
1.000001114419196
1.000000770608304
1.000000530557841
1.000000363702704
1.000000248242343
1.000000168702508
1.000000114152224
1.00000007690688
1.000000051589917
1.000000034457527
1.000000022915213
1.000000015173474
1.000000010003878
1.000000006567119
1.00000000429245
1.000000002793577
1.000000001810263
1.000000001168018
1.000000000750386
1.000000000480008
1.000000000305733
1.000000000193895
1.000000000122439
1.000000000076986
1.000000000048198
1.000000000030046
1.00000000001865
1.000000000011527
1.000000000007094
1.000000000004347
1.000000000002652
1.000000000001611
1.000000000000975
1.000000000000587
1.000000000000352
1.00000000000021
1.000000000000125
1.000000000000074
1.000000000000043
1.000000000000025
1.000000000000014
1.000000000000007
1.000000000000003
1.000000000000001
1
1
1
1
1
1
1
1
1
1
1
1
1.000000000000001
1.000000000000004
1.000000000000009
1.00000000000002
1.000000000000043
1.00000000000009
1.000000000000188
1.000000000000386
1.000000000000784
1.000000000001572
1.000000000003113
1.000000000006092
1.000000000011777
1.000000000022488
1.000000000042419
1.000000000079044
1.000000000145511
1.000000000264635
1.000000000475497
1.000000000844153
1.000000001480797
1.000000002566876
1.000000004397325
1.000000007445467
1.000000012461384
1.000000020619093
1.000000033733893
1.000000054579406
1.000000087344523
1.000000138284536
1.000000216639004
1.000000335912562
1.000000515645366
1.00000078383909
1.00000118025465
1.000001760862191
1.000002603805984
1.000003817351219
1.00000555041157
1.000008006422025
1.000011461527589
1.000016288312609
1.000022986605341
1.000032223265775
1.000044883308932
1.00006213523738
1.000085514060427
1.000117026166289
1.000159280987329
1.000215655253259
1.000290496554024
1.000389373917552
1.000519384124159
1.000689523496164
1.00091113587308
1.001131819396795
1.001481965419309
1.001931708203983
1.002506693237562
1.003238377225921
1.004165124373682
1.005333452278535
1.006799433688122
1.008630256728751
1.010905941428156
1.013721204307951
1.017187455436876
1.021434903579524
1.026614734972652
1.03290131991079
1.040494388910367
1.049621107030973
1.060537961356353
1.073532363181908
1.088923853739235
1.107064791037458
1.12834038643405
1.153167953751883
1.181995232058799
1.215297646541089
1.253574381098959
1.297343152125628
1.347133595985011
1.40347921332289
1.466907851581708
1.537930752634098
1.617030244598517
1.704646214514009
1.801161560048449
1.906886881781633
2.022044740432999
2.14675386295603
2.281013734725613
2.424690059013962
2.577501596527688
2.739008914095534
2.908605570145371
3.085512243414536
3.268774269116602
3.45726298309188
3.649681189795137
3.844572965832683
4.040337889697049
4.235249653904979
4.427478872373702
4.615119748777578
4.796220126570867
4.96881430440508
5.130957877895049
5.280763765901039
5.416438501914525
5.536317823109739
5.638900574367959
5.722879963975692
5.787171262138754
5.830935121787173
5.853595820676075
5.854853870373039
5.834692605945966
5.793378553580003
5.731455564779867
5.649732897691479
5.54926761081845
5.431341804773316
5.297435397140261
5.149195238483089
4.988401469706558
4.816932079498798
4.6367266441094
4.449750220468165
4.257958319334342
4.06326381085371
3.867506514817872
3.672426107198152
3.479638838917403
3.290618418393942
3.106681262223614
2.928976174266923
2.758478377661601
2.595987701435295
2.442130617105211
2.29736573358715
2.161992292527728
2.036161161433968
1.919887798361558
1.813066658245285
1.715486525309593
1.626846285929691
1.546770698989391
1.474825773156587
1.410533419479664
1.353385110305323
1.302854338959786
1.258407736469705
1.219514759763487
1.185655918654337
1.156329555273301
1.131057228738086
1.109387789360974
1.090900250626755
1.075205583824413
1.061947570152989
1.050802849081303
1.041480300579276
1.033719893472463
1.027291123527372
1.021991153847254
1.017642757574182
1.01409214949108
1.01120677952917
1.008873147930957
1.00699468930143
1.005489761296618
1.004289763444563
1.003337402676892
1.002585114602094
1.001993643346929
1.001530777856131
1.001170238765765
1.000890707224008
1.000674985185371
1.00050927560869
1.000382570507482
1.000286134804686
1.000213074315358
1.000157976818209
1.000116615992226
1.000085708915589
1.000062718792387
1.000045695542993
1.000033147832961
1.000023940999182
1.000017216145631
1.000012326415786
1.00000878710144
1.000006236818849
1.000004407476573
1.000003101180369
1.0000021725757
1.000001515424983
1.000001052461857
1.00000072776549
1.000000501060886
1.00000034348224
1.000000234441024
1.000000159323294
1.000000107805794
1.000000072631149
1.000000048721711
1.000000032541818
1.000000021641212
1.000000014329885
1.000000009447699
1.00000000620201
1.000000004053806
1.000000002638264
1.000000001709619
1.00000000110308
1.000000000708667
1.000000000453321
1.000000000288735
1.000000000183115
1.000000000115632
1.000000000072706
1.000000000045519
1.000000000028376
1.000000000017613
1.000000000010886
1.000000000006699
1.000000000004105
1.000000000002505
1.000000000001521
1.000000000000921
1.000000000000554
1.000000000000332
1.000000000000199
1.000000000000118
1.00000000000007
1.000000000000041
1.000000000000024
1.000000000000013
1.000000000000007
1.000000000000003
1
1
1
1
1
1
1
1
1
1
1
1
1
1.000000000000001
1.000000000000004
1.000000000000008
1.000000000000019
1.000000000000041
1.000000000000085
1.000000000000178
1.000000000000365
1.000000000000741
1.000000000001484
1.00000000000294
1.000000000005754
1.000000000011122
1.000000000021238
1.00000000004006
1.00000000007465
1.000000000137421
1.000000000249921
1.00000000044906
1.000000000797219
1.000000001398466
1.000000002424161
1.00000000415284
1.000000007031511
1.000000011768555
1.000000019472715
1.000000031858366
1.000000051544925
1.000000082488396
1.000000130596297
1.000000204594501
1.000000317236832
1.000000486977088
1.000000740260149
1.000001114636375
1.000001662964179
1.000002459043311
1.000003605119826
1.000005241828373
1.000007561293742
1.000010824308349
1.00001538274231
1.000021708635393
1.000030431772806
1.000042387966245
1.000058680754188
1.000080759805563
1.000110519961456
1.000150425580299
1.000203665659282
1.000274346079979
1.000367726255012
1.000490508412658
1.000651188716497
1.00086048033506
1.001064182052291
1.001393403429269
1.001816269694954
1.002356893770623
1.003044852520473
1.003916217518015
1.005014726486274
1.006393101286257
1.008114514907046
1.010254205409858
1.012901229093216
1.016160338203083
1.020153960278742
1.025024246726264
1.030935147539389
1.038074457416859
1.046655766122947
1.056920233173167
1.069138094275472
1.083609795000903
1.100666636579239
1.120670810283979
1.144014691421445
1.171119262339917
1.202431536991736
1.238420868228419
1.279574033896156
1.326389019474776
1.379367443793311
1.439005610305685
1.505784209233204
1.58015674491247
1.662536816858036
1.75328444087132
1.85269165610761
1.960967723086704
2.078224273626258
2.204460823795607
2.339551102329592
2.483230676631873
2.63508637383898
2.794547993052179
2.960882784916246
3.133193135026344
3.310417827754861
3.4913371874763
3.674582296250422
3.858648373194675
4.041912274368653
4.222653937190405
4.399081455101739
4.569359331811876
4.731639335676068
4.884093259328449
5.024946793044063
5.152513647361546
5.265229015342388
5.361681450499213
5.440642254660822
5.501091521229072
5.542240062337054
5.563546560805
5.564729425615887
5.545772987803256
5.506927846097403
5.448705351664286
5.371866401682445
5.277404885204778
5.166526284935368
5.040622079058171
4.901240702863388
4.750055916583444
4.58883348087298
4.41939706348809
4.243594290142787
4.06326381085371
3.880204183212584
3.696145279923777
3.512722814436787
3.331456450998229
3.153731829649979
2.980786698326572
2.81370120871728
2.653392304923861
2.500612018440564
2.355949383046838
2.21983560134175
2.092552032397097
1.974240527940191
1.864915622275537
1.764478077696598
1.672729300635456
1.589386171941904
1.514095874808961
1.44645035310662
1.386000088343244
1.332266942330429
1.284755872277371
1.242965383179959
1.206396637058246
1.174561188297698
1.146987357945643
1.123225296594213
1.102850815115164
1.085468085009615
1.07071132579342
1.058245606181756
1.047766889559164
1.039001453128803
1.031704805089176
1.025660216059171
1.020676970603378
1.016588432877764
1.013250007814575
1.010537066489142
1.008342891848068
1.006576689208882
1.005161695143912
1.004033408719914
1.003137960680887
1.002430629065526
1.001874503916809
1.001439299099987
1.001100305695992
1.000837478859529
1.000634648293811
1.000478841463649
1.00035970821569
1.000269035477804
1.000200341058966
1.000148536170225
1.000109647053955
1.000080586974547
1.0000589707341
1.000042964789048
1.00003116692657
1.00002251029063
1.00001618731254
1.000011589791708
1.000008261985932
1.000005864107645
1.000004144086471
1.000002915854267
1.000002042742843
1.000001424863342
1.000000989566824
1.000000684274269
1.000000471117507
1.000000322955746
1.000000220430826
1.000000149802128
1.000000101363313
1.000000068290704
1.000000045810096
1.000000030597114
1.000000020347929
1.000000013473528
1.000000008883102
1.000000005831376
1.000000003811549
1.0000000024806
1.000000001607451
1.00000000103716
1.000000000666317
1.000000000426231
1.00000000027148
1.000000000172172
1.000000000108722
1.00000000006836
1.000000000042799
1.00000000002668
1.000000000016561
1.000000000010235
1.000000000006299
1.00000000000386
1.000000000002355
1.000000000001431
1.000000000000866
1.000000000000521
1.000000000000312
1.000000000000187
1.000000000000111
1.000000000000066
1.000000000000038
1.000000000000022
1.000000000000012
1.000000000000006
1.000000000000002
1
1
1
1
1
1
1
1
1
1
1
1
1
1.000000000000001
1.000000000000004
1.000000000000008
1.000000000000018
1.000000000000038
1.00000000000008
1.000000000000167
1.000000000000343
1.000000000000696
1.000000000001396
1.000000000002765
1.00000000000541
1.000000000010457
1.000000000019968
1.000000000037666
1.000000000070188
1.000000000129208
1.000000000234985
1.000000000422222
1.000000000749574
1.000000001314889
1.000000002279285
1.000000003904653
1.000000006611289
1.000000011065237
1.000000018308982
1.000000029954447
1.000000048464511
1.000000077558762
1.000000122791685
1.000000192367689
1.000000298278426
1.000000457874888
1.000000696021608
1.000001048024926
1.000001563584434
1.0000023120896
1.000003389676254
1.000004928574715
1.000007109428402
1.000010177444787
1.000014463466252
1.000020411323516
1.000028613165896
1.000039854857097
1.000055173988316
1.000075933596526
1.000103915287485
1.000141436150106
1.000191494607849
1.000257951175837
1.000345750965589
1.000461195682093
1.00061227376068
1.000809058154194
1.0009961754807
1.001304357987418
1.001700201019274
1.002206276566181
1.00285027138907
1.003665951915465
1.004694260819126
1.005984550782843
1.007595957740945
1.009598911684715
1.012076777792034
1.015127614142951
1.018866024575987
1.023425076348027
1.028958242270665
1.035641316070858
1.043674238114045
1.053282756678863
1.064719838129377
1.078266728138515
1.09423355621396
1.112959367885357
1.134811463810385
1.160183923560563
1.189495194765485
1.223184636388711
1.261707918844492
1.305531203955051
1.355124054698377
1.410951058349476
1.473462186704579
1.543081962976401
1.620197555657415
1.705145973775273
1.798200593737259
1.899557303259367
2.00932060029076
2.127490031760312
2.253947395671693
2.388445157866096
2.530596549132999
2.67986780707241
2.835573008457458
2.996871900685236
3.162771084841602
3.332128828379631
3.503663693750891
3.675967062773799
3.847519518193125
4.01671091769634
4.181863866188067
4.341260164451954
4.493169691785723
4.635881072134955
4.767733382782727
4.887148096370401
4.992660404754877
5.082949059780831
5.156863883116416
5.213450145217229
5.251969091230026
5.271913996852707
5.273021266184817
5.25527623166554
5.218913477629141
5.16441167749386
5.092483103482111
5.004058130370898
4.900265204718306
4.78240688253934
4.651932646625531
4.510409295830304
4.35948975014845
4.20088113612517
4.03631300722891
3.867506514817872
3.696145279923778
3.523848627987874
3.352147742430318
3.182465173577076
3.016098012348698
2.854204908584515
2.6977969870465
2.54773259466905
2.404715704497849
2.269297708211256
2.141882252487566
2.022732716207675
1.911981886104916
1.809643367690858
1.715624265048806
1.629738675720888
1.551721573259775
1.481242687577327
1.417920039320308
1.361332836416868
1.311033496032708
1.266558611014087
1.227438734318652
1.193206906128659
1.163405894866667
1.137594164143855
1.115350612100561
1.096278157338949
1.0800062667077
1.066192534855644
1.054523434217125
1.044714357576605
1.036509074337371
1.02967871689616
1.02402040591745
1.019355613594937
1.015528352911925
1.012403269116474
1.009863697667349
1.007809741240142
1.006156407365617
1.004831838165034
1.003775654622081
1.002937429982751
1.002275300231959
1.001754714134594
1.001347320984016
1.001029990878633
1.000783959934119
1.000594091212577
1.00044824118554
1.000336721123711
1.000251842809368
1.000187538294369
1.000139043987629
1.000102640073583
1.000075437073765
1.000055202215811
1.000040219128363
1.000029175206713
1.000021071772043
1.000015152863182
1.000010849146485
1.000007734003872
1.000005489361844
1.000003879258542
1.000002729516481
1.000001912201233
1.000001333807328
1.000000926328447
1.000000640545629
1.000000441010666
1.000000302317198
1.000000206344146
1.000000140228986
1.000000094885662
1.000000063926566
1.000000042882586
1.000000028641793
1.000000019047586
1.000000012612496
1.000000008315423
1.000000005458719
1.00000000356797
1.000000002322076
1.000000001504726
1.000000000970879
1.000000000623736
1.000000000398992
1.000000000254131
1.000000000161169
1.000000000101774
1.000000000063992
1.000000000040063
1.000000000024975
1.000000000015502
1.000000000009581
1.000000000005896
1.000000000003613
1.000000000002205
1.000000000001339
1.00000000000081
1.000000000000488
1.000000000000292
1.000000000000175
1.000000000000104
1.000000000000061
1.000000000000036
1.00000000000002
1.000000000000011
1.000000000000005
1.000000000000002
1
1
1
1
1
1
1
1
1
1
1
1
1
1.000000000000001
1.000000000000004
1.000000000000008
1.000000000000017
1.000000000000036
1.000000000000075
1.000000000000156
1.000000000000321
1.000000000000651
1.000000000001307
1.000000000002588
1.000000000005064
1.000000000009789
1.000000000018692
1.000000000035259
1.000000000065702
1.00000000012095
1.000000000219967
1.000000000395238
1.000000000701669
1.000000001230855
1.000000002133617
1.000000003655112
1.000000006188771
1.000000010358078
1.000000017138895
1.000000028040132
1.000000045367276
1.000000072602211
1.000000114944457
1.000000180074117
1.000000279216506
1.000000428613794
1.000000651541534
1.0000009810498
1.000001463662115
1.000002164333592
1.000003173056476
1.00000461361088
1.000006655096169
1.000009527049798
1.000013539171624
1.000019106929321
1.000026784630864
1.000037307919304
1.000051648078555
1.000071081040719
1.000097274558091
1.000132397646131
1.000179257114262
1.000241466771733
1.000323655713248
1.000431722934121
1.000573146369846
1.000757355262774
1.000928404054332
1.00121562043722
1.001584533674077
1.002056180151637
1.002656363063121
1.003416551660748
1.004374903233687
1.005577412936406
1.007079193607763
1.008945883794418
1.01125517723233
1.014098460982702
1.017582542236072
1.021831435511321
1.02698817266592
1.033216587952044
1.040703019533257
1.049657857740385
1.060316859307656
1.072942136399432
1.08782272000904
1.105274589955807
1.125640058952081
1.149286396817247
1.17660358363499
1.208001088193976
1.243903581039978
1.284745510377605
1.330964494176636
1.382993513201415
1.441251927041265
1.506135377995852
1.578004694928587
1.657173959645904
1.743897950338775
1.8383592281594
1.940655181855381
2.05078538910778
2.168639689286462
2.293987388237957
2.426468029105338
2.565584161989499
2.710696527875755
2.861022037616757
3.015634874514569
3.173470979588752
3.333336093192632
3.493917427334042
3.653798932776842
3.811480007395894
3.965397371601416
4.1139497176624
4.255524627416023
4.388527152141195
4.511409364060823
4.622700125300748
4.721034280739108
4.805180468666561
4.874066759086467
4.926803374140651
4.96270181760388
4.981289838437945
4.982321773636738
4.965783953583481
4.931895003591778
4.881101032325786
4.814065855187378
4.731656552297243
4.634924800442668
4.52508454094413
4.403486646251531
4.271591323689235
4.13093904277132
3.983120791806865
3.82974846028745
3.672426107198152
3.512722814436788
3.352147742430318
3.192127906012091
3.033989077386659
2.878940104537257
2.728060812712434
2.582293538427372
2.442438234065774
2.309150980400819
2.182945657168363
2.064198450408677
1.95315482098369
1.849938521977844
1.754562233321603
1.666939378959812
1.586896703661722
1.514187211122368
1.448503100010866
1.389488377582934
1.336750878856754
1.289873470698261
1.248424272201477
1.211965773470737
1.180062782622524
1.15228917418488
1.128233450106127
1.107503156671745
1.089728226481372
1.07456333426513
1.061689368978399
1.050814132764991
1.041672380626362
1.034025313681442
1.027659634499874
1.022386265901053
1.018038825565398
1.01447193848204
1.011559458263682
1.009192657213274
1.00727843415413
1.005737578767352
1.004503121760718
1.003518791782081
1.002737592675939
1.002120508491223
1.001635338558741
1.00125566090764
1.000959919193879
1.000730626064797
1.000553674368243
1.000417746715935
1.000313813515564
1.000234709588979
1.000174779798554
1.000129584626603
1.000095657321549
1.000070304979991
1.000051446728053
1.000037482961426
1.00002719037367
1.000019638227445
1.000014121990651
1.000010111062194
1.000007207847414
1.000005115911797
1.000003615346303
1.00000254382299
1.000001782110992
1.000001243066154
1.000000863308726
1.000000596968187
1.000000411007923
1.00000028175001
1.000000192306172
1.000000130688943
1.000000088430408
1.000000059577516
1.000000039965197
1.000000026693233
1.000000017751739
1.000000011754441
1.000000007749707
1.00000000508735
1.000000003325233
1.0000000021641
1.000000001402356
1.000000000904828
1.000000000581301
1.000000000371848
1.000000000236842
1.000000000150204
1.00000000009485
1.000000000059638
1.000000000037338
1.000000000023276
1.000000000014448
1.00000000000893
1.000000000005495
1.000000000003368
1.000000000002055
1.000000000001248
1.000000000000755
1.000000000000455
1.000000000000272
1.000000000000163
1.000000000000097
1.000000000000057
1.000000000000033
1.000000000000019
1.00000000000001
1.000000000000005
1.000000000000002
1
1
1
1
1
1
1
1
1
1
1
1
1
1.000000000000001
1.000000000000003
1.000000000000007
1.000000000000016
1.000000000000033
1.00000000000007
1.000000000000146
1.0000000000003
1.000000000000607
1.000000000001218
1.000000000002412
1.00000000000472
1.000000000009123
1.00000000001742
1.00000000003286
1.000000000061232
1.00000000011272
1.000000000205001
1.000000000368346
1.000000000653929
1.000000001147111
1.000000001988453
1.000000003406432
1.000000005767714
1.000000009653364
1.000000015972852
1.000000026132434
1.000000042280747
1.000000067662794
1.000000107124358
1.000000167823044
1.000000260220487
1.000000399453863
1.00000060721524
1.000000914306228
1.000001364085262
1.000002017088433
1.000002957185643
1.000004299736015
1.000006202334778
1.000008878903547
1.000012618072759
1.000017807045114
1.000024962418086
1.00003476978772
1.000048134359914
1.000066245263084
1.000090656789731
1.000123390393858
1.000167061933396
1.000225039364765
1.00030163685855
1.000402352092859
1.000534154268525
1.000705831143198
1.000861429267034
1.00112792597862
1.001470225974779
1.001907848089783
1.002464734090123
1.003170083055574
1.004059299632383
1.005175060913815
1.006568503933998
1.008300532117514
1.010443234425168
1.01308140531593
1.016314146980554
1.020256527613233
1.025041260848885
1.030820362046429
1.037766727059076
1.046075568799867
1.055965636669454
1.067680134234787
1.081487241984344
1.097680145160726
1.116576462260154
1.13851696849416
1.163863511031957
1.19299601984159
1.22630852999896
1.26420414887976
1.307088924954293
1.355364604006083
1.409420293259596
1.469623093592515
1.536307803857959
1.609765848147697
1.690233625056258
1.77788052582456
1.872796913567107
1.974982396356635
2.084334760405219
2.200639953614133
2.323563522183477
2.452643901868269
2.587287949336436
2.726769066949572
2.870228225808315
3.016678127458696
3.165010665393648
3.314007755341807
3.4623555010113
3.608661552836487
3.751475405322927
3.889311268183305
4.020673042218576
4.144080837454984
4.258098392816373
4.361360697565281
4.452601078194132
4.530677002837116
4.5945938700345
4.643526090116081
4.676834834701036
4.694081920786016
4.695039407459807
4.679694611318056
4.648250386248732
4.601120658954908
4.538921357619872
4.462457011726583
4.372703430708168
4.270786982842623
4.157961089387703
4.035580619105936
3.905074912869089
3.767920185937621
3.625612046948636
3.479638838917403
3.331456450998229
3.182465173577076
3.033989077386659
2.887258294122462
2.743394466112926
2.603399520587048
2.468147814408707
2.33838159183002
2.214709604318035
2.097608660613226
1.987427808913356
1.884394802684831
1.788624467552197
1.700128568744683
1.618826775779448
1.544558331986424
1.477094059261217
1.416148360913176
1.361390925338162
1.312457878137138
1.268962177944552
1.230503099515837
1.196674694685649
1.167073166077419
1.141303128677126
1.118982769674168
1.099747946744621
1.083255288940227
1.069184382557823
1.057239137038405
1.04714843350787
1.038666161584877
1.031570749196947
1.025664286061743
1.020771334911469
1.016737516145037
1.013427942015009
1.010725566255913
1.008529504718594
1.006753372486499
1.005323673422858
1.004178269357457
1.003264948317414
1.002540104419634
1.001967536298561
1.001517366220423
1.001165078278201
1.000890671188514
1.000677919124959
1.000513732616182
1.000387610702955
1.000291175181921
1.000217777766265
1.000162171276364
1.000120236458508
1.000088756650387
1.000065233212961
1.000047735385306
1.000034778957583
1.00002522887194
1.000018221533874
1.000013103235816
1.000009381653932
1.000006687875816
1.000004746851578
1.000003354536298
1.000002360312287
1.000001653549935
1.000001153391624
1.000000801029789
1.000000553902988
1.000000381357857
1.000000261424584
1.000000178433211
1.000000121261042
1.000000082051034
1.000000055279588
1.000000037082103
1.000000024767579
1.000000016471125
1.000000010906473
1.00000000719064
1.000000004720347
1.000000003085349
1.00000000200798
1.000000001301189
1.000000000839553
1.000000000539366
1.000000000345022
1.000000000219756
1.000000000139369
1.000000000088008
1.000000000055336
1.000000000034644
1.000000000021597
1.000000000013405
1.000000000008285
1.000000000005099
1.000000000003125
1.000000000001907
1.000000000001158
1.000000000000701
1.000000000000422
1.000000000000253
1.000000000000151
1.00000000000009
1.000000000000053
1.000000000000031
1.000000000000017
1.00000000000001
1.000000000000005
1.000000000000001
1
1
1
1
1
1
1
1
1
1
1
1
1
1.000000000000001
1.000000000000003
1.000000000000007
1.000000000000014
1.000000000000031
1.000000000000065
1.000000000000135
1.000000000000278
1.000000000000564
1.00000000000113
1.000000000002238
1.000000000004379
1.000000000008465
1.000000000016164
1.000000000030489
1.000000000056814
1.000000000104588
1.00000000019021
1.000000000341771
1.00000000060675
1.000000001064351
1.000000001844996
1.000000003160676
1.000000005351607
1.000000008956933
1.000000014820516
1.000000024247161
1.0000000392305
1.000000062781439
1.000000099396182
1.000000155715981
1.000000241447762
1.0000003706367
1.000000563409991
1.000000848347212
1.000001265678912
1.000001871574107
1.000002743852323
1.000003989550678
1.000005754895495
1.00000823837611
1.000011707801206
1.000016522440758
1.000023161625018
1.000032261491317
1.000044661944271
1.000061466328968
1.000084116811812
1.000114489019904
1.000155010104281
1.000208805058479
1.000279876830837
1.000373326499661
1.000495620511197
1.000654912678917
1.000795763092663
1.001041944971871
1.001358151719832
1.001762414269569
1.002276849330955
1.00292843016785
1.003749862567013
1.00478057039156
1.00606779255348
1.007667789874047
1.00964715604969
1.012084221748922
1.015070534709445
1.018712391601555
1.023132389443709
1.028470955629049
1.034887806347617
1.042563273643881
1.051699431888609
1.062520945503582
1.07527555186736
1.090234087025765
1.107689957755684
1.127957962335295
1.151372364704591
1.178284133166189
1.209057265908746
1.244064141843757
1.283679856774923
1.328275531801924
1.378210612882363
1.433824217140288
1.495425622016965
1.563284036597333
1.637617838997937
1.718583507875712
1.806264517987272
1.900660507205603
2.001677053315131
2.109116421107388
2.222669651771531
2.341910365553797
2.466290633758395
2.595139246477285
2.72766265765284
2.862948829544419
2.999974125449835
3.13761331441451
3.274652657136796
3.40980594147626
3.541733232553182
3.669062000440759
3.790410192159182
3.904410728360187
4.009736832823029
4.105127548337936
4.189412758787273
4.261537026509049
4.320581567663307
4.365783726598466
4.396553372320185
4.412485724205165
4.413370217164013
4.399195134732623
4.370147867527174
4.326610789087594
4.269152876040285
4.19851732939961
4.11560557360801
4.0214581149811
3.917232827673093
3.804181300084132
3.683623915775187
3.556924359497501
3.425464231034156
3.290618418393942
3.153731829649979
3.016098012348698
2.878940104537256
2.743394466112926
2.610497237652312
2.481173970406748
2.356232369836539
2.236358099615608
2.122113506667289
2.013939053062845
1.912157179400721
1.816978277734328
1.728508420660497
1.64675847657887
1.571654238546693
1.503047204245835
1.440725665623866
1.384425796775599
1.333842465455351
1.288639535079632
1.248459468091059
1.212932086158938
1.181682386166653
1.154337351830445
1.130531737959573
1.10991283696771
1.092144264748317
1.076908825186207
1.063910529400644
1.052875857523627
1.043554357803392
1.035718680606813
1.029164144077512
1.023707924433608
1.019187957811598
1.015461632809336
1.012404344033553
1.009907967534555
1.007879309457067
1.006238569916599
1.004917855309909
1.003859764194189
1.003016064660204
1.002346474855232
1.001817553005456
1.001401698925045
1.001076265528524
1.000822776209077
1.000626242017794
1.000474571279816
1.000358063512886
1.000268979175216
1.000201176771869
1.000149809110198
1.000111070942885
1.000081990810431
1.000060260542459
1.00004409655796
1.000032127786896
1.000023305695727
1.000016832520891
1.000012104386302
1.000008666497488
1.000006178063882
1.000004385002385
1.000003098822231
1.000002180387181
1.00000152750082
1.000001065469236
1.000000739967714
1.000000511679237
1.000000352287121
1.000000241496296
1.000000164831313
1.000000112017352
1.000000075796306
1.000000051065638
1.00000003425534
1.000000022879549
1.000000015215532
1.000000010075072
1.000000006642498
1.000000004360515
1.000000002850152
1.000000001854912
1.000000001201999
1.000000000775554
1.00000000049825
1.000000000318721
1.000000000203004
1.000000000128744
1.000000000081299
1.000000000051118
1.000000000032003
1.00000000001995
1.000000000012383
1.000000000007654
1.00000000000471
1.000000000002886
1.000000000001761
1.00000000000107
1.000000000000647
1.00000000000039
1.000000000000234
1.00000000000014
1.000000000000083
1.000000000000049
1.000000000000029
1.000000000000016
1.000000000000009
1.000000000000004
1.000000000000001
1
1
1
1
1
1
1
1
1
1
1
1
1
1.000000000000001
1.000000000000003
1.000000000000006
1.000000000000013
1.000000000000029
1.00000000000006
1.000000000000125
1.000000000000257
1.000000000000521
1.000000000001044
1.000000000002067
1.000000000004045
1.000000000007819
1.000000000014931
1.000000000028165
1.000000000052482
1.000000000096614
1.000000000175709
1.000000000315715
1.000000000560493
1.000000000983209
1.000000001704341
1.000000002919722
1.00000000494363
1.000000008274111
1.000000013690696
1.000000022398726
1.000000036239854
1.000000057995464
1.000000091819011
1.000000143845482
1.000000223041842
1.000000342382602
1.000000520460662
1.00000078367698
1.000001169195339
1.000001728903003
1.000002534687341
1.000003685426072
1.000005316198749
1.000007610363956
1.00001081531546
1.000015262936283
1.000021396017617
1.000029802204448
1.000041257376024
1.000056780770215
1.000077704618145
1.00010576156931
1.000143193754966
1.000192887952988
1.000258541970394
1.000344868034792
1.000457839661089
1.000604989105118
1.000731862861072
1.000958276228345
1.001249091445467
1.001620891557779
1.002094017299084
1.002693275975333
1.003448747093183
1.004396688773442
1.005580546636635
1.007052063752429
1.008872486334858
1.011113855090146
1.013860366461876
1.017209781485591
1.021274852625488
1.026184730939574
1.03208630739029
1.039145433338988
1.047547956561749
1.05750050090138
1.069230910395401
1.082988272921496
1.099042434654111
1.117682915526342
1.139217138034932
1.163967887673022
1.192269933513752
1.224465752374738
1.260900319793086
1.301914955764632
1.347840242651628
1.398988066383579
1.455642869330473
1.518052242993355
1.586417029632068
1.660881142576348
1.741521353474556
1.828337329202135
1.921242229583551
2.020054197499892
2.124489083505148
2.234154746135935
2.34854725539434
2.467049299582348
2.588931054478794
2.713353719097477
2.839375854924484
2.965962587249639
3.091997640273015
3.216298084960131
3.337631583505495
3.454735820466967
3.56633972207339
3.671185985819001
3.768054375993582
3.855785190632475
3.933302274316105
3.99963494138446
4.053938186672871
4.095510596078385
4.12380942638446
4.138462401063135
4.139275863559667
4.12623903834238
4.099524268600944
4.059483223258481
4.006639190035725
3.941675690764177
3.865421765307021
3.778834367076226
3.682978392641335
3.57900492752765
3.468128328141785
3.35160277497551
3.230698924964552
3.106681262223614
2.980786698326573
2.854204908584515
2.728060812712434
2.603399520587048
2.481173970406747
2.362235391401891
2.24732663006563
2.137078291098177
2.032007564822372
1.932519544099882
1.838910777479372
1.751374762495745
1.670009054109769
1.594823648008713
1.525750296110398
1.462652420895064
1.40533531454446
1.35355633646284
1.307034856621331
1.265461730306644
1.228508130332063
1.195833603791472
1.167093260420921
1.141944037242757
1.120050018348412
1.101086818658012
1.084745065789333
1.070733034548762
1.058778504029062
1.04862991806697
1.040056936238923
1.032850465133444
1.026822258887347
1.021804174503075
1.017647161875051
1.014220061321977
1.011408273285012
1.009112356185554
1.007246599649886
1.005737611736687
1.004522950709346
1.003549824469387
1.002773874136839
1.002158052497439
1.001671603156449
1.001289142226735
1.000989841186856
1.000756707104015
1.000575954643925
1.000436463094856
1.000329310924611
1.000247380077687
1.000185022222068
1.000137779395389
1.000102151912269
1.000075406921876
1.000055421600296
1.000040555588384
1.000029547913276
1.000021434238876
1.000015480862201
1.000011132398543
1.000007970573534
1.000005681962173
1.000004032884302
1.000002849985015
1.000002005300755
1.000001404841513
1.000000979911324
1.000000680547768
1.000000470591001
1.000000323998178
1.000000222103936
1.000000151595209
1.000000103022251
1.000000069709786
1.000000046965013
1.000000031504598
1.000000021042294
1.000000013993706
1.000000009266031
1.000000006109096
1.000000004010359
1.000000002621281
1.000000001705959
1.000000001105477
1.000000000713275
1.000000000458239
1.000000000293127
1.000000000186702
1.000000000118406
1.00000000007477
1.000000000047013
1.000000000029433
1.000000000018348
1.000000000011389
1.000000000007039
1.000000000004332
1.000000000002655
1.00000000000162
1.000000000000984
1.000000000000595
1.000000000000359
1.000000000000215
1.000000000000129
1.000000000000076
1.000000000000045
1.000000000000026
1.000000000000015
1.000000000000008
1.000000000000004
1.000000000000001
1
1
1
1
1
1
1
1
1
1
1
1
1
1
1.000000000000002
1.000000000000006
1.000000000000012
1.000000000000026
1.000000000000056
1.000000000000115
1.000000000000236
1.000000000000479
1.00000000000096
1.000000000001901
1.00000000000372
1.000000000007191
1.000000000013732
1.000000000025902
1.000000000048267
1.000000000088855
1.000000000161597
1.00000000029036
1.000000000515481
1.00000000090425
1.00000000156747
1.000000002685248
1.000000004546625
1.000000007609652
1.000000012591263
1.000000020600002
1.000000033329638
1.000000053338201
1.000000084445618
1.000000132294223
1.000000205130923
1.000000314888356
1.000000478666386
1.000000720745945
1.000001075306521
1.000001590068779
1.000002331147461
1.000003389480317
1.000004889299895
1.000006999240941
1.000009946831315
1.000014037303601
1.000019677892565
1.000027409054939
1.000037944366422
1.000052221219539
1.000071464866589
1.000097268824514
1.000131695180471
1.00017739890293
1.000237780863649
1.000317174896769
1.000421074842085
1.000556408113121
1.000670127672556
1.00087744231573
1.001143726306135
1.001484163857962
1.001917379901578
1.002466089170795
1.003157833874299
1.00402581365047
1.005109809350492
1.00645719936029
1.008124063591815
1.01017636590187
1.012691200512216
1.015758082023088
1.019480251891938
1.023975966899936
1.02937972731894
1.035843394453439
1.043537139265115
1.052650156258551
1.06339107014531
1.075987957494356
1.090687902145145
1.107756002152934
1.1274737479987
1.150136697241283
1.17605138016415
1.205531384618701
1.23889258639549
1.276447514093262
1.318498864421936
1.365332214751821
1.417208013833241
1.474352968022224
1.536950977866289
1.605133817103867
1.678971781390666
1.758464565626588
1.843532654790203
1.934009531883826
2.029635016253027
2.130050044685313
2.234793195143703
2.343299227992519
2.454899881859614
2.56882711114536
2.684218890528546
2.80012764013965
2.915531245471058
3.02934656120674
3.140445201062995
3.24767132984691
3.349861092849379
3.445863244997441
3.534560481332545
3.614890924448218
3.685869196085644
3.74660649105356
3.796329083122009
3.834394724772866
3.860306454990492
3.873723400047466
3.874468239030684
3.862531105455198
3.838069804909203
3.801406342014364
3.753019863592602
3.693536234312296
3.623714561956289
3.544431077932625
3.456660851449318
3.361457870349056
3.259934056247985
3.153237795552415
3.04253256126666
2.928976174266924
2.81370120871728
2.6977969870465
2.582293538427373
2.468147814408708
2.356232369836539
2.24732663006563
2.142110780144168
2.041162231281652
1.944954547175419
1.853858649840352
1.768146073037105
1.687993992193404
1.613491733223443
1.544648448669698
1.481401647413891
1.423626272702791
1.371144040956966
1.323732779098042
1.281135529140091
1.24306922371304
1.209232773248578
1.179314443121513
1.152998435650434
1.129970626299533
1.10992343472123
1.09255983873218
1.077596562476018
1.064766488687124
1.053820359136792
1.044527837202991
1.036678012388287
1.030079428954665
1.024559720156103
1.019964926372516
1.016158570330797
1.013020556069236
1.010445950850976
1.008343701296998
1.006635326963801
1.005253626742743
1.004141426046644
1.003250385950065
1.002539889378443
1.001976014161738
1.001530598299762
1.00118039911268
1.000906345027517
1.000692876516485
1.000527371079725
1.000399646071015
1.000301532516271
1.000226512789429
1.000169415012326
1.0001261572652
1.00009353507173
1.000069046105349
1.000050746608798
1.000037134592235
1.000027055449716
1.000019626189862
1.000014174999801
1.000010193343248
1.00000729822858
1.000005202669179
1.000003692696543
1.000002609578805
1.000001836146543
1.000001286338106
1.000000897252257
1.000000623141071
1.000000430894904
1.000000296667714
1.000000203368623
1.000000138807567
1.00000009433192
1.000000063829488
1.000000043003324
1.000000028847056
1.000000019267289
1.000000012813277
1.000000008484401
1.000000005593767
1.000000003672067
1.000000002400164
1.000000001562054
1.000000001012225
1.000000000653107
1.000000000419585
1.000000000268401
1.000000000170953
1.000000000108418
1.000000000068463
1.000000000043047
1.000000000026951
1.000000000016801
1.000000000010428
1.000000000006445
1.000000000003966
1.000000000002431
1.000000000001483
1.000000000000901
1.000000000000545
1.000000000000328
1.000000000000197
1.000000000000118
1.000000000000069
1.000000000000041
1.000000000000024
1.000000000000013
1.000000000000007
1.000000000000003
1.000000000000001
1
1
1
1
1
1
1
1
1
1
1
1
1
1
1.000000000000002
1.000000000000005
1.000000000000011
1.000000000000024
1.000000000000051
1.000000000000105
1.000000000000216
1.000000000000438
1.000000000000879
1.000000000001741
1.000000000003406
1.000000000006584
1.000000000012573
1.000000000023717
1.000000000044195
1.000000000081358
1.000000000147965
1.000000000265864
1.000000000471993
1.000000000827965
1.000000001435237
1.00000000245872
1.000000004163073
1.000000006967709
1.000000011529082
1.000000018862226
1.000000030518031
1.000000048838743
1.000000077322058
1.000000121134356
1.000000187826877
1.000000288325688
1.000000438288207
1.000000659947168
1.000000984598879
1.000001455938575
1.000002134503962
1.000003103561838
1.000004476865265
1.000006408824015
1.000009107773136
1.000012853197732
1.000018017980858
1.000025096989804
1.000034743607667
1.000047816154673
1.000065436528913
1.000089063828803
1.000120586197571
1.000162434648338
1.000217723178225
1.00029042004844
1.000385555675778
1.000509473124406
1.000610896324526
1.000799886843297
1.001042634535917
1.001352981518569
1.001747906506922
1.002248116532181
1.002878719411556
1.003669980345418
1.0046581640495
1.005886461246641
1.007405995078988
1.009276899015707
1.011569453105057
1.014365259966715
1.017758435793988
1.021856784935807
1.026782919508856
1.032675278162521
1.039688990856568
1.047996529647919
1.057788079410296
1.069271557570554
1.082672208817217
1.098231699818913
1.11620664077977
1.136866465622787
1.160490611138367
1.187364947878243
1.21777743210214
1.252012968722009
1.290347499771469
1.333041361075165
1.380331980889574
1.432426027479931
1.489491146800194
1.551647465354437
1.61895906546133
1.691425668914101
1.768974788760713
1.851454625972509
1.938627996576497
2.030167574043171
2.125652720282014
2.224568155807886
2.326304685261786
2.430162148766786
2.535354713389747
2.641018553635351
2.746221897333831
2.849977335899692
2.951256218545628
3.049004871742019
3.14216231129004
3.229679048109349
3.310536533362398
3.38376674666419
3.448471405204687
3.503840263377337
3.549167982975328
3.583869083401633
3.607490529016533
3.619721575262643
3.620400574326577
3.60951853189483
3.587219305558959
3.553796438747956
3.509686727631106
3.455460718148482
3.391810422279965
3.319534623321754
3.239522206305065
3.152733999442526
3.060183644073513
2.9629180232782
2.861997773258067
2.758478377661601
2.653392304923861
2.547732594669051
2.442438234065775
2.33838159183002
2.236358099615608
2.137078291098177
2.041162231281652
1.94913629528725
1.861432189579412
1.77838805121443
1.700251413704725
1.627183792355764
1.559266617784477
1.496508233583014
1.438851672106586
1.386182930111882
1.338339482128486
1.295118792479902
1.256286615139823
1.221584902444961
1.190739177472365
1.163465259131588
1.139475262397019
1.118482827499765
1.100207560429929
1.084378692126555
1.070737984846157
1.059041931212291
1.049063304363496
1.040592126605311
1.033436129335376
1.027420779147657
1.022388944394707
1.018200273590517
1.014730352370922
1.011869699776287
1.009522657829049
1.00760622114492
1.00604884598238
1.004789270980505
1.003775375078936
1.002963091915555
1.002315394462826
1.001801358850871
1.001395312251837
1.001076066351137
1.000826235266793
1.000631634740686
1.000480757945712
1.000364322255557
1.000274880732366
1.000206491827591
1.000154440793145
1.000115006500512
1.000085267709491
1.000062943268285
1.000046261223795
1.000033852343562
1.00002466407459
1.00001789147107
1.000012922100132
1.000009292373858
1.00000665315239
1.000004742815214
1.00000336630603
1.000002378922933
1.00000167385285
1.000001172640936
1.000000817945662
1.000000568062666
1.000000392808797
1.000000270445717
1.000000185393175
1.000000126538567
1.000000085994052
1.000000058187684
1.000000039202314
1.000000026297299
1.000000017564275
1.000000011680725
1.000000007734473
1.000000005099339
1.000000003347496
1.000000002188015
1.000000001423985
1.000000000922755
1.000000000595379
1.000000000382498
1.000000000244677
1.000000000155842
1.000000000098835
1.000000000062412
1.000000000039242
1.000000000024568
1.000000000015316
1.000000000009507
1.000000000005876
1.000000000003616
1.000000000002216
1.000000000001352
1.000000000000822
1.000000000000497
1.000000000000299
1.00000000000018
1.000000000000107
1.000000000000064
1.000000000000037
1.000000000000021
1.000000000000012
1.000000000000006
1.000000000000002
1
1
1
1
1
1
1
1
1
1
1
1
1
1
1
1.000000000000002
1.000000000000005
1.00000000000001
1.000000000000022
1.000000000000046
1.000000000000096
1.000000000000197
1.000000000000399
1.000000000000801
1.000000000001587
1.000000000003105
1.000000000006003
1.000000000011462
1.00000000002162
1.000000000040288
1.000000000074166
1.000000000134884
1.000000000242362
1.00000000043027
1.000000000754775
1.000000001308367
1.000000002241379
1.000000003795078
1.000000006351803
1.000000010509984
1.000000017194935
1.000000027820462
1.000000044521782
1.000000070487428
1.000000110427127
1.00000017122467
1.000000262840378
1.000000399547726
1.000000601614319
1.000000897570223
1.000001327248507
1.000001945836033
1.000002829239765
1.000004081158306
1.00000584235339
1.000008302745671
1.000011717117037
1.000016425392058
1.000022878697592
1.000031672665408
1.000043589750431
1.000059652688348
1.000081191610753
1.000109927771707
1.000148077312082
1.000198478989313
1.000264750318442
1.000351477088583
1.00046444171434
1.000554446681513
1.000725973637012
1.000946290373305
1.001227959937679
1.001586392142476
1.002040380604236
1.002612713075251
1.003330858128155
1.004227729471792
1.005342526831464
1.006721649364661
1.008419673965836
1.010500386524254
1.013037849249939
1.016117481622483
1.019837126436908
1.024308065959053
1.0296559465524
1.036021563546619
1.043561451888749
1.052448222606502
1.062870580720452
1.075032957402618
1.089154688345973
1.105468671933428
1.124219445300108
1.145660624139205
1.170051663394976
1.197653910986402
1.228725945435492
1.263518210585544
1.302266986140762
1.345187760982061
1.392468106339779
1.444260176945884
1.50067299906614
1.561764733485787
1.627535127634495
1.697918392575696
1.772776756054018
1.851894950787627
1.934975896481412
2.02163782365419
2.111413066690014
2.203748722320702
2.298009328267154
2.393481665750876
2.489381730281091
2.584863849263036
2.67903185473951
2.77095214752098
2.859668417900382
2.944217721057155
3.023647545111407
3.097033459436655
3.163496892835669
3.222222567657632
3.272475108461943
3.313614353334868
3.345108922634432
3.366547643211045
3.377648484706032
3.378264736338465
3.368388234998976
3.348149545318886
3.317815086158378
3.277781291952888
3.228565987856784
3.170797241080153
3.105200024019474
3.03258108501614
2.953812467730424
2.869814148785543
2.781536274861576
2.689941474908066
2.595987701435294
2.500612018440564
2.404715704497849
2.309150980400819
2.214709604318035
2.122113506667288
2.032007564822372
1.944954547175419
1.861432189579412
1.781832307016739
1.706461791272178
1.635545302738207
1.569229432046727
1.507588085304566
1.450628835142783
1.398299977988136
1.350498044996883
1.307075528754169
1.267848608747888
1.232604684282884
1.20110955239512
1.173114098990162
1.148360402508513
1.126587179711336
1.107534531673219
1.090947973963655
1.076581757712807
1.064201507419768
1.053586216801126
1.04452965569915
1.036841249226704
1.030346495193726
1.024886987799672
1.020320115007132
1.016518494383136
1.013369207960175
1.010772891266751
1.008642725512735
1.006903375349486
1.005489907968217
1.004346722806599
1.003426515001705
1.002689290101852
1.002101442526756
1.001634905897208
1.00126637965844
1.00097663338175
1.00074988771089
1.000573269070491
1.000436333910765
1.000330657357587
1.00024948060028
1.000187411113435
1.000140169810795
1.000104379411223
1.000077388608991
1.000057127040021
1.000041986486917
1.000030724239907
1.000022385006214
1.000016238220341
1.000011728040749
1.000008433716969
1.000006038371123
1.000004304557531
1.000003055243916
1.000002159099443
1.000001519181024
1.000001064283379
1.000000742363581
1.000000515570936
1.000000356511348
1.000000245455198
1.00000016826192
1.000000114845763
1.000000078047761
1.00000005281084
1.000000035579814
1.000000023867288
1.000000015941241
1.000000010601362
1.000000007019765
1.000000004628131
1.000000003038168
1.00000000198583
1.0000000012924
1.000000000837487
1.000000000540363
1.000000000347153
1.000000000222067
1.000000000141442
1.000000000089702
1.000000000056644
1.000000000035616
1.000000000022298
1.0000000000139
1.000000000008628
1.000000000005333
1.000000000003282
1.000000000002011
1.000000000001227
1.000000000000746
1.000000000000451
1.000000000000272
1.000000000000163
1.000000000000097
1.000000000000058
1.000000000000034
1.000000000000019
1.000000000000011
1.000000000000005
1.000000000000002
1
1
1
1
1
1
1
1
1
1
1
1
1
1
1
1.000000000000002
1.000000000000004
1.000000000000009
1.00000000000002
1.000000000000042
1.000000000000087
1.000000000000179
1.000000000000363
1.000000000000727
1.00000000000144
1.000000000002818
1.000000000005448
1.000000000010403
1.000000000019622
1.000000000036565
1.000000000067312
1.000000000122419
1.000000000219964
1.000000000390506
1.000000000685023
1.000000001187455
1.000000002034247
1.000000003444368
1.000000005764825
1.00000000953875
1.000000015605952
1.000000025249589
1.000000040407571
1.000000063973792
1.000000100222769
1.000000155402191
1.000000238551989
1.000000362626688
1.000000546021057
1.000000814628831
1.000001204602297
1.000001766028766
1.000002567801015
1.00000370403538
1.00000530248652
1.000007535525497
1.000010634391131
1.000014907597356
1.000020764584796
1.00002874594609
1.00003956183375
1.00005414047806
1.000073689100498
1.000099769903621
1.000134394247154
1.00018013857499
1.000240286128173
1.000318998949272
1.000421525133216
1.000500996382694
1.000655987665928
1.000855065268726
1.001109581129962
1.001433459518815
1.001843682302153
1.002360840438758
1.00300975446601
1.003820165133998
1.004827493223049
1.006073664904142
1.007607995732911
1.009488122491912
1.011780967623921
1.014563715974801
1.01792477807005
1.021964708310402
1.026797040462367
1.032548996863452
1.039362022132954
1.047392087199092
1.056809705484009
1.067799600522634
1.08055996353871
1.095301240968767
1.112244395995772
1.131618595162934
1.1536582813427
1.178599607889939
1.206676225733098
1.238114435317602
1.273127738399139
1.311910850187099
1.354633259560156
1.401432453125264
1.452406946702219
1.507609294176627
1.567039267259037
1.630637419150882
1.698279259095281
1.769770272013229
1.844842016783394
1.923149527341818
2.004270222088677
2.087704498894267
2.172878155515568
2.259146729136658
2.345801795157458
2.432079205844547
2.517169185994947
2.600228137653473
2.680391941715378
2.756790483622262
2.82856307601352
2.894874405697392
2.95493059796535
3.007994970015354
3.053403038496992
3.090576354776552
3.119034765618291
3.138406736078724
3.148437424320655
3.148994262939403
3.140069875857529
3.121782241032402
3.094372093955991
3.058197651860422
3.013726820318218
2.961527119337453
2.90225363219984
2.836635334716306
2.765460203375267
2.689559526762346
2.609791855044223
2.527027017329734
2.442130617105211
2.355949383046837
2.269297708211256
2.182945657168364
2.097608660613226
2.013939053062845
1.932519544099882
1.853858649840351
1.77838805121443
1.706461791272177
1.638357176677925
1.574277210018211
1.51435435024108
1.458655378740598
1.407187138148295
1.359902909265199
1.316709197922081
1.277472716805025
1.242027366173756
1.21018104058364
1.181722114830711
1.156425490047527
1.134058108959894
1.114383876685339
1.097167949200515
1.082180375003402
1.06919909602039
1.058012331123612
1.048420379575144
1.040236892306135
1.03328966631036
1.027421021830122
1.02248782376502
1.018361208219811
1.01492607273226
1.012080384895686
1.009734359209383
1.007809546419939
1.006237873684004
1.00496066786829
1.003927688435138
1.003096190821158
1.00243003613326
1.001898858447486
1.001477297048961
1.001144297610611
1.000882483561774
1.00067759671282
1.000518004530965
1.000394270248906
1.000298781169989
1.000225430048637
1.000169344211478
1.000126657086183
1.000094316969442
1.000069928147639
1.000051619844688
1.00003793887917
1.000027762341498
1.000020227031413
1.000014672811697
1.000010597425287
1.00000762068309
1.00000545625504
1.000003889585812
1.000002760709487
1.000001950955857
1.000001372727396
1.0000009616832
1.000000670797418
1.000000465868262
1.000000322142502
1.000000221792508
1.000000152040906
1.000000103774238
1.000000070523684
1.000000047719686
1.00000003214979
1.000000021566392
1.000000014404444
1.000000009579349
1.000000006343031
1.000000004181961
1.000000002745276
1.000000001794387
1.000000001167807
1.000000000756749
1.000000000488269
1.000000000313686
1.000000000200659
1.000000000127806
1.000000000081054
1.000000000051184
1.000000000032183
1.000000000020149
1.000000000012561
1.000000000007797
1.000000000004819
1.000000000002966
1.000000000001817
1.000000000001109
1.000000000000674
1.000000000000408
1.000000000000246
1.000000000000147
1.000000000000088
1.000000000000052
1.000000000000031
1.000000000000017
1.000000000000009
1.000000000000004
1.000000000000001
1
1
1
1
1
1
1
1
1
1
1
1
1
1
1
1.000000000000001
1.000000000000004
1.000000000000008
1.000000000000018
1.000000000000038
1.000000000000078
1.000000000000161
1.000000000000328
1.000000000000657
1.000000000001301
1.000000000002546
1.000000000004922
1.0000000000094
1.00000000001773
1.000000000033039
1.000000000060822
1.000000000110616
1.000000000198756
1.000000000352856
1.000000000618977
1.00000000107297
1.000000001838122
1.000000003112293
1.000000005209038
1.000000008619125
1.000000014101402
1.000000022815324
1.000000036511974
1.000000057806263
1.000000090560626
1.000000140420445
1.000000215554164
1.000000327667443
1.000000493381723
1.000000736094487
1.000001088472811
1.000001595775412
1.000002320253571
1.000003346950491
1.000004791304864
1.00000680907063
1.00000960919446
1.000013470448594
1.000018762802348
1.000025974733628
1.00003574793418
1.000048921150245
1.000066585223767
1.000090151756676
1.000121438208172
1.000162772646091
1.000217121798419
1.000288246476049
1.000380888844152
1.00045070475084
1.000590137541706
1.00076923114261
1.000998197954506
1.001289564491621
1.001658607936513
1.002123852273968
1.002707626491725
1.003436685887055
1.004342895611966
1.005463973181924
1.006844283732374
1.008535678320391
1.010598361545769
1.013101770245992
1.016125440076643
1.019759831536146
1.024107081587565
1.029281641671836
1.035410757843098
1.042634744276509
1.05110699782817
1.060993699018796
1.072473144135602
1.085734654467104
1.100977012347775
1.118406379994741
1.138233666298896
1.160671318926181
1.185929534310634
1.214211896257531
1.245710474641174
1.280600438624441
1.319034263316387
1.361135634017802
1.406993177223752
1.456654171266669
1.510118410709959
1.567332416111216
1.62818419334841
1.692498753199938
1.760034601291474
1.830481400082499
1.903458987752217
1.978517913479893
2.055141614896227
2.132750322011754
2.210706723718822
2.288323379426831
2.364871801298147
2.439593073977748
2.51170982094629
2.580439272088066
2.645007138175123
2.704661957037732
2.758689545298384
2.806427170422179
2.847277051761909
2.880718806999313
2.906320482063222
2.923747837780883
2.932771614117346
2.933272551230188
2.92524401355581
2.908792136181612
2.884133488987564
2.851590330448806
2.811583596557468
2.764623838163211
2.711300379539616
2.652269019946625
2.588238636664158
2.519957071275276
2.448196690345851
2.373740007167954
2.29736573358715
2.21983560134175
2.141882252487566
2.064198450408677
1.987427808913356
1.912157179400721
1.838910777479372
1.768146073037105
1.700251413704725
1.635545302738206
1.574277210018211
1.516629760195761
1.462722115647701
1.412614354089641
1.366312631291094
1.323774917872937
1.28491710488343
1.249619284768493
1.217732031346002
1.189082523250112
1.163480378799191
1.140723095167989
1.120601010007869
1.102901728282232
1.087413980246099
1.073930897548621
1.06225271290128
1.052188904331644
1.043559817593313
1.036197809831002
1.029947964231076
1.024668429344872
1.020230438348717
1.016518063041933
1.013427755247254
1.010867724835893
1.008757199208118
1.00702560404905
1.005611699842578
1.00446270321518
1.003533416903066
1.002785387151386
1.002186102781353
1.001708246077818
1.001329002098996
1.001029430004685
1.000793897528531
1.000609577754192
1.000466005852074
1.000354692341557
1.000268788707847
1.000202800766233
1.000152344974733
1.000113942897441
1.000084849168854
1.000062908563257
1.000046438097902
1.000034130465494
1.000024975477041
1.000018196582592
1.000013199911246
1.000009533623839
1.000006855695681
1.00000490853929
1.000003499136989
1.000002483580681
1.000001755112601
1.000001234928511
1.000000865146229
1.000000603460494
1.000000419102795
1.000000289804703
1.00000019952818
1.000000136778483
1.000000093356993
1.000000063444248
1.000000042929399
1.000000028922467
1.00000001940147
1.000000012958467
1.000000008617734
1.00000000570629
1.000000003762157
1.000000002469693
1.000000001614258
1.000000001050577
1.000000000680783
1.000000000439254
1.000000000282196
1.000000000180516
1.000000000114976
1.000000000072918
1.000000000046046
1.000000000028952
1.000000000018126
1.0000000000113
1.000000000007014
1.000000000004335
1.000000000002668
1.000000000001635
1.000000000000997
1.000000000000606
1.000000000000367
1.000000000000221
1.000000000000133
1.000000000000079
1.000000000000047
1.000000000000028
1.000000000000016
1.000000000000008
1.000000000000004
1.000000000000001
1
1
1
1
1
1
1
1
1
1
1
1
1
1
1
1.000000000000001
1.000000000000003
1.000000000000007
1.000000000000016
1.000000000000034
1.000000000000071
1.000000000000145
1.000000000000295
1.000000000000591
1.000000000001171
1.000000000002291
1.000000000004428
1.000000000008456
1.00000000001595
1.000000000029722
1.000000000054715
1.00000000009951
1.000000000178802
1.00000000031743
1.000000000556835
1.000000000965251
1.000000001653588
1.000000002799845
1.000000004686098
1.000000007753851
1.000000012685771
1.000000020524922
1.000000032846603
1.000000052003227
1.000000081469497
1.000000126324088
1.000000193915457
1.000000294774199
1.000000443853225
1.000000662201286
1.000000979206207
1.000001435583463
1.000002087335319
1.000003010968031
1.000004310332144
1.000006125546473
1.000008644582909
1.000012118229597
1.000016879317117
1.000023367288385
1.000032159420098
1.000044010262537
1.000059901155597
1.000081102000363
1.000109247814107
1.000146432966435
1.000195326376668
1.000259311334861
1.000342653974409
1.000403675743642
1.000528559382967
1.000688965422466
1.00089404065121
1.001155004505979
1.001485540074133
1.00190223845861
1.002425098733396
1.003078084420104
1.003889735708903
1.00489383449044
1.006130116631596
1.007645022804837
1.009492475577661
1.011734666420394
1.014442831863495
1.017697993330929
1.021591630334083
1.026226251911546
1.031715826664628
1.038186027725796
1.045774245799
1.054629321343699
1.064910946367908
1.076788687478054
1.090440585113547
1.106051289541286
1.123809702407647
1.143906103566511
1.166528756539069
1.191860002205362
1.220071868926872
1.251321247848194
1.285744704059574
1.323453016902769
1.364525565111193
1.40900469371532
1.456890218655866
1.50813424072938
1.562636451753105
1.620240121655436
1.680728954680705
1.74382499533758
1.80918774966155
1.876414664643984
1.945043078480121
2.014553717144992
2.08437576962724
2.153893526200204
2.222454512974706
2.289379003515518
2.353970736567473
2.415528620089785
2.473359158008353
2.526789299435786
2.575179382439379
2.617935827308535
2.654523228832416
2.684475504015959
2.707405771079502
2.723014667092472
2.73109685422351
2.731545516870949
2.724354711936521
2.70961949992214
2.687533852804601
2.658386403078375
2.622554164246914
2.580494413805254
2.532734983054995
2.479863241946744
2.422514100020038
2.361357365382404
2.29708481206025
2.230397302041931
2.161992292527728
2.092552032397097
2.022732716207674
1.95315482098369
1.884394802684831
1.816978277734328
1.751374762495744
1.687993992193404
1.627183792355764
1.569229432046727
1.51435435024108
1.462722115647701
1.414439456670088
1.369560182236831
1.328089805812804
1.28999068359013
1.255187482977564
1.223572808182728
1.195012824902382
1.169352744815961
1.146422051614326
1.126039372621725
1.108016922696063
1.092164469146562
1.078292787152888
1.06621659402322
1.055756967166049
1.046743264602272
1.039014578085241
1.032420757430556
1.026823050596797
1.022094407602511
1.018119497776845
1.014794489426882
1.012026639090815
1.009733734463136
1.007843431144787
1.006292518883044
1.005026148185881
1.003997043349142
1.003164723207197
1.002494746453254
1.001957994279721
1.001529999431812
1.001190327587238
1.000922014283075
1.000711058397907
1.000545971436775
1.000417380520126
1.000317682000097
1.000240741968497
1.000181639529999
1.000136448542281
1.000102053526039
1.00007599558033
1.000056344366012
1.00004159251084
1.000030569118253
1.000022369407258
1.000016297856886
1.000011822563616
1.000008538835389
1.000006140336046
1.000004396356055
1.00000313401816
1.000002224430351
1.000001571974503
1.000001106069212
1.000000774872016
1.000000540492002
1.000000375371204
1.000000259564798
1.000000178708237
1.000000122506203
1.000000083615561
1.000000056824088
1.00000003844988
1.000000025904515
1.000000017376998
1.000000011606296
1.000000007718503
1.000000005110858
1.000000003369588
1.000000002211988
1.000000001445816
1.000000000940952
1.000000000609745
1.00000000039342
1.00000000025275
1.000000000161679
1.000000000102979
1.000000000065309
1.000000000041241
1.000000000025931
1.000000000016235
1.00000000001012
1.000000000006282
1.000000000003883
1.00000000000239
1.000000000001465
1.000000000000894
1.000000000000543
1.000000000000328
1.000000000000198
1.000000000000119
1.000000000000071
1.000000000000042
1.000000000000024
1.000000000000014
1.000000000000007
1.000000000000003
1.000000000000001
1
1
1
1
1
1
1
1
1
1
1
1
1
1
1
1.000000000000001
1.000000000000003
1.000000000000007
1.000000000000014
1.00000000000003
1.000000000000063
1.00000000000013
1.000000000000264
1.000000000000529
1.000000000001048
1.000000000002052
1.000000000003966
1.000000000007573
1.000000000014286
1.00000000002662
1.000000000049005
1.000000000089125
1.000000000160142
1.000000000284304
1.000000000498726
1.00000000086452
1.000000001481027
1.000000002507669
1.000000004197087
1.000000006944715
1.000000011361985
1.000000018383117
1.000000029419034
1.000000046576678
1.000000072968177
1.000000113142259
1.000000173680596
1.000000264014948
1.000000397537943
1.000000593101971
1.000000877028349
1.000001285784049
1.000001869527721
1.000002696782506
1.000003860562575
1.000005486365935
1.000007742550419
1.000010853735527
1.000015118022443
1.000020929000197
1.0000288037093
1.000039417966206
1.000053650712594
1.000072639341396
1.000097848263674
1.000131153311714
1.00017494491616
1.000232253337447
1.000306899559172
1.000359961772789
1.000471321815844
1.000614357560986
1.000797225299025
1.001029929523492
1.001324671592236
1.001696245972626
1.002162486057399
1.002744760381014
1.00346851854385
1.004363884228552
1.005466290344236
1.006817148549331
1.008464542190838
1.010463928087869
1.012878828639652
1.015781491543053
1.019253490086925
1.023386232711109
1.028281346473649
1.034050895491596
1.040817392568885
1.048713560381497
1.057881798049298
1.06847330997833
1.080646856782331
1.094567093127955
1.110402464680162
1.128322646062624
1.148495513908405
1.171083663561353
1.196240494573878
1.224105908470303
1.254801681803564
1.288426597686275
1.32505143895909
1.364713965099231
1.407414011924862
1.45310886713485
1.501709084766143
1.553074906840201
1.607013460008419
1.663276888265567
1.721561569372193
1.781508542369017
1.842705246636573
1.90468863983218
1.966949723533161
2.028939462657092
2.09007603913235
2.149753333510874
2.207350482081507
2.26224231348453
2.31381042978114
2.361454664241407
2.404604623441167
2.442731005984364
2.47535638531591
2.502065150258375
2.522512314220315
2.536430932117569
2.543637902064221
2.544037975509942
2.537625853002119
2.52448630108422
2.504792286723339
2.478801186684419
2.44684918802364
2.40934405005588
2.366756445677864
2.319610139033598
2.268471285823675
2.213937161171444
2.156624627441412
2.097158650827407
2.036161161433968
1.974240527940191
1.911981886104916
1.849938521977844
1.788624467552197
1.728508420660497
1.670009054109769
1.613491733223443
1.559266617784477
1.507588085304566
1.458655378740597
1.412614354089641
1.369560182236831
1.329540845201526
1.292561259417284
1.258587857511494
1.227553464615729
1.199362314757572
1.173895066457152
1.151013693308851
1.130566144087308
1.112390686825156
1.096319871486834
1.08218406552854
1.069814535132921
1.059046061718899
1.049719098073513
1.041681480893596
1.034789726548955
1.02890994448864
1.023918408008185
1.019701825255962
1.016157354616047
1.013192408235449
1.010724285756937
1.008679677569584
1.00699407338184
1.00561110791981
1.004481871290984
1.003564207232092
1.002822018244056
1.002224592635937
1.001745964847561
1.001364317159331
1.001061428061754
1.000822170156985
1.000634058491322
1.000486848647666
1.000372182726411
1.000283280471295
1.000214672209072
1.000161969923405
1.000121672630145
1.000091002222264
1.000067766070879
1.000050242871467
1.000037088483732
1.000027258806437
1.000019947036514
1.000014532970354
1.000010542303809
1.000007614168586
1.000005475401424
1.000003920276142
1.000002794636232
1.000001983547306
1.000001401745662
1.000000986293107
1.000000690961168
1.000000481962117
1.000000334722226
1.000000231456486
1.000000159355882
1.000000109239968
1.000000074560799
1.00000005067058
1.00000003428612
1.000000023099298
1.000000015495229
1.00000001034944
1.000000006882658
1.000000004557398
1.000000003004691
1.000000001972449
1.000000001289246
1.000000000839055
1.000000000543715
1.000000000350816
1.000000000225379
1.000000000144171
1.000000000091827
1.000000000058237
1.000000000036775
1.000000000023123
1.000000000014476
1.000000000009025
1.000000000005602
1.000000000003462
1.000000000002131
1.000000000001306
1.000000000000797
1.000000000000484
1.000000000000293
1.000000000000177
1.000000000000106
1.000000000000063
1.000000000000037
1.000000000000021
1.000000000000012
1.000000000000006
1.000000000000002
1
1
1
1
1
1
1
1
1
1
1
1
1
1
1
1
1.000000000000001
1.000000000000003
1.000000000000006
1.000000000000013
1.000000000000027
1.000000000000056
1.000000000000116
1.000000000000235
1.000000000000472
1.000000000000935
1.00000000000183
1.000000000003537
1.000000000006753
1.000000000012738
1.000000000023737
1.000000000043697
1.000000000079472
1.000000000142798
1.000000000253513
1.000000000444712
1.000000000770892
1.000000001320631
1.00000000223609
1.000000003742549
1.000000006192619
1.000000010131518
1.000000016392297
1.000000026233087
1.000000041532663
1.000000065066137
1.000000100889648
1.00000015487213
1.000000235423968
1.00000035448749
1.000000528873546
1.000000782053103
1.000001146544106
1.000001667073505
1.000002404744049
1.000003442497387
1.000004892241332
1.000006904102239
1.000009678375571
1.000013480881169
1.000018662586376
1.000025684541517
1.000035149379092
1.000047840860517
1.000064773210938
1.00008725226106
1.000116950710311
1.000156000131014
1.000207102638635
1.000273665445058
1.000319568207972
1.00041843187137
1.000545416723132
1.000707763791133
1.000914354909123
1.001176022253176
1.001505900122118
1.001919820726034
1.002436754719564
1.00307929586507
1.003874187503495
1.004852886425667
1.006052157264448
1.007514687675584
1.009289711370368
1.011433622558485
1.014010561635047
1.017092948112618
1.020761932999738
1.025107739237061
1.030229855625497
1.036237047148993
1.043247142958038
1.051386562799932
1.060789543617933
1.071597030638085
1.08395520173326
1.09801360036311
1.113922861034225
1.131832022020662
1.151885432944667
1.174219279541606
1.198957764200382
1.22620899823449
1.256060679730546
1.288575648560793
1.323787426960642
1.361695869122749
1.402263055673765
1.445409577815641
1.491011360520244
1.538897173756304
1.588846974743248
1.640591212305184
1.693811206413658
1.748140692099936
1.803168587513106
1.858443011717772
1.913476539865111
1.967752642890308
2.020733217357613
2.071867070117664
2.120599183771826
2.166380554273076
2.208678362971242
2.246986223505873
2.280834230390262
2.309798531822967
2.333510154739367
2.351662825487294
2.364019554451809
2.37041778670363
2.370772962134233
2.365080376038665
2.353415282894176
2.335931240132505
2.312856742880196
2.284490252803108
2.25119377229359
2.213385157432172
2.171529397872484
2.126129117823402
2.077714568825392
2.026833391660717
1.974040421560793
1.919887798361558
1.864915622275537
1.809643367690858
1.754562233321603
1.700128568744683
1.64675847657887
1.594823648008712
1.544648448669698
1.496508233583013
1.450628835142783
1.407187138148294
1.366312631291093
1.328089805812804
1.292561259417284
1.259731356853599
1.22957029754785
1.20201844471483
1.176990778831887
1.154381350406842
1.134067621759792
1.11591460419228
1.099778714591618
1.085511293430859
1.072961743583825
1.061980265797364
1.052420181588157
1.0441398474232
1.037004175087889
1.030885782044666
1.025665802341176
1.021234393328817
1.017490976258251
1.014344249936326
1.011712016300837
1.009520855254439
1.007705683658375
1.006209230272995
1.004981454878976
1.00397893602904
1.003164248043379
1.002505344119289
1.001974958891271
1.001550040535395
1.001211219616553
1.000942319359479
1.00072990989351
1.000562907269156
1.000432216650802
1.000330418023998
1.000251491981758
1.000190582632517
1.000143794363057
1.00010801905368
1.000080790343862
1.000060161651559
1.00004460482923
1.000032926569921
1.00002419993673
1.000017708662406
1.000012902139811
1.000009359289102
1.000006759737025
1.000004860973498
1.000003480358033
1.000002481032895
1.000001760961138
1.000001244446987
1.000000875614907
1.00000061342399
1.000000427878028
1.000000297160854
1.000000205483221
1.00000014147349
1.00000009698141
1.00000006619382
1.000000044984481
1.000000030438633
1.00000002050716
1.000000013756396
1.000000009188053
1.000000006110304
1.000000004045977
1.000000002667512
1.000000001751105
1.000000001144569
1.000000000744898
1.0000000004827
1.000000000311448
1.000000000200087
1.000000000127992
1.000000000081523
1.000000000051701
1.000000000032648
1.000000000020528
1.000000000012852
1.000000000008012
1.000000000004973
1.000000000003074
1.000000000001892
1.000000000001159
1.000000000000707
1.00000000000043
1.00000000000026
1.000000000000157
1.000000000000094
1.000000000000056
1.000000000000033
1.000000000000019
1.000000000000011
1.000000000000005
1.000000000000002
1
1
1
1
1
1
1
1
1
1
1
1
1
1
1
1
1
1.000000000000002
1.000000000000005
1.000000000000012
1.000000000000024
1.00000000000005
1.000000000000103
1.000000000000209
1.000000000000419
1.00000000000083
1.000000000001624
1.00000000000314
1.000000000005995
1.000000000011309
1.000000000021073
1.000000000038793
1.000000000070553
1.000000000126771
1.000000000225061
1.000000000394802
1.000000000684376
1.000000001172421
1.000000001985142
1.00000000332254
1.000000005497655
1.000000008994522
1.000000014552706
1.000000023289151
1.000000036871801
1.000000057764347
1.000000089567757
1.000000137492366
1.000000209004765
1.000000314707147
1.000000469523892
1.000000694292125
1.000001017880723
1.00000147999752
1.00000213488851
1.000003056187905
1.000004343245607
1.000006129341315
1.000008592294052
1.000011968094328
1.000016568325241
1.000022802299799
1.00003120502542
1.000042472312898
1.000057504575093
1.000077461107687
1.000103826906664
1.000138494348188
1.000183862327721
1.000242955714357
1.000282458381729
1.000369841538632
1.000482080328023
1.000625574919357
1.00080817575103
1.00103945712225
1.001331028123377
1.00169688246394
1.002153787849522
1.002721714363977
1.003424299804468
1.004289348073866
1.005349354549786
1.006642049828245
1.008210950407343
1.010105901778579
1.012383596101573
1.01510804324986
1.018350970657337
1.022192124221458
1.026719439711482
1.032029051892271
1.038225107127677
1.045419344803246
1.053730413735304
1.063282892028728
1.074205982797199
1.086631863913075
1.10069367759566
1.116523155188856
1.134247883845513
1.153988234850194
1.175853987690284
1.199940699332887
1.226325883979001
1.255065084246092
1.28618792959221
1.319694291097431
1.355550652691502
1.393686826796843
1.433993146428067
1.476318265426938
1.520467693222163
1.566203179966484
1.6132430520073
1.661263576515468
1.709901408107039
1.758757140079541
1.807399949332553
1.855373288262281
1.902201540210984
1.947397518851533
1.990470657708008
2.030935705373545
2.068321716334997
2.102181107953188
2.132098542162353
2.157699386645401
2.178657515081925
2.194702219652386
2.205624031026692
2.211279270895694
2.211593198686458
2.206561656084478
2.196251158759371
2.180797432463767
2.160402438560501
2.135329980137684
2.105900022387686
2.072481898219777
2.035486600761536
1.995358387407218
1.952565934675572
1.907593289010832
1.860930855853157
1.813066658245285
1.764478077696598
1.715624265048806
1.666939378959812
1.618826775779449
1.571654238546693
1.525750296110398
1.481401647413891
1.438851672106586
1.398299977988136
1.359902909265199
1.323774917872937
1.28999068359013
1.258587857511494
1.22957029754785
1.202911663706955
1.178559244490061
1.15643789320929
1.136453963681128
1.118499147822064
1.102454132392172
1.088192007754311
1.075581377349209
1.064489132018251
1.054782867821391
1.046332939189679
1.039014150823346
1.032707101508669
1.027299200892444
1.022685386224393
1.018768570233718
1.015459853785915
1.012678537954032
1.010351969848628
1.0084152552115
1.006810868621036
1.005488189404948
1.004402988215625
1.003516885878731
1.002796802734538
1.002214413383444
1.001745618623269
1.001370043500002
1.001070567834679
1.000832893363729
1.000645149746644
1.000497540146359
1.000382025855853
1.000292048502374
1.000222287676521
1.00016845137228
1.000127096350645
1.000095475419253
1.000071408621286
1.000053175419658
1.000039425121506
1.000029102991526
1.000021389732509
1.000015652253089
1.0000114038849
1.000008272445631
1.000005974765106
1.000004296494528
1.000003076202396
1.000002192923477
1.000001556469793
1.00000109993569
1.000000773934145
1.000000542190099
1.000000378190639
1.00000026265299
1.000000181621424
1.000000125044829
1.0000000857194
1.000000058507026
1.000000039760629
1.000000026903924
1.000000018125748
1.000000012158922
1.00000000812108
1.000000005400737
1.000000003576133
1.000000002357743
1.000000001547755
1.000000001011655
1.000000000658396
1.000000000426646
1.00000000027528
1.000000000176852
1.000000000113129
1.000000000072055
1.000000000045697
1.000000000028857
1.000000000018144
1.00000000001136
1.000000000007081
1.000000000004396
1.000000000002717
1.000000000001672
1.000000000001025
1.000000000000625
1.00000000000038
1.00000000000023
1.000000000000138
1.000000000000083
1.00000000000005
1.000000000000029
1.000000000000016
1.000000000000009
1.000000000000004
1.000000000000001
1
1
1
1
1
1
1
1
1
1
1
1
1
1
1
1
1
1.000000000000002
1.000000000000005
1.00000000000001
1.000000000000021
1.000000000000044
1.000000000000091
1.000000000000185
1.000000000000371
1.000000000000734
1.000000000001436
1.000000000002775
1.000000000005299
1.000000000009995
1.000000000018625
1.000000000034287
1.000000000062359
1.000000000112048
1.000000000198922
1.00000000034895
1.000000000604894
1.00000000103626
1.000000001754596
1.000000002936678
1.000000004859193
1.000000007949964
1.000000012862672
1.000000020584554
1.000000032589858
1.000000051056176
1.000000079166305
1.000000121525523
1.000000184733352
1.000000278160795
1.000000414999124
1.000000613665734
1.000000899677088
1.000001308129923
1.000001886970895
1.000002701283416
1.000003838880357
1.000005417564293
1.000007594504997
1.000010578288586
1.000014644315599
1.000020154367642
1.000027581324523
1.000037540196229
1.000050826835513
1.000068465915362
1.000091769987344
1.000122411676496
1.000162511308006
1.000214742490035
1.000248558916027
1.000325454739199
1.000424223139907
1.000550496171112
1.000711182100931
1.000914706169471
1.001171284202962
1.001493230457289
1.001895300263938
1.002395067000077
1.003013331576558
1.003774561015931
1.004707350769471
1.00584490320362
1.007225512193512
1.008893041035319
1.010897377992352
1.013294850808349
1.01614857856636
1.01952873647899
1.023512706724952
1.028185086477647
1.033637522998643
1.039968345295511
1.047281962571559
1.055688001714743
1.065300159550344
1.076234750644811
1.088608938172736
1.102538643755911
1.118136142185656
1.135507358392039
1.154748896676272
1.175944845728119
1.199163416866297
1.224453486737681
1.251841128789465
1.281326229534581
1.312879295286789
1.346438561976397
1.38190752424086
1.419152999665691
1.45800383939647
1.49825038707032
1.539644774026786
1.581902120162577
1.624702686923885
1.667695002342898
1.710499948499953
1.752715770306924
1.793923932204161
1.833695717507373
1.871599435063511
1.907208070912249
1.940107200076635
1.969902956569267
1.996229849153608
2.018758207050015
2.037201044035404
2.051320141341494
2.060931169155538
2.065907692777834
2.06618394168206
2.061756256668384
2.052683170579118
2.039084120086382
2.021136828199622
1.999073437712088
1.973175513219177
1.943768062159469
1.911212752331864
1.875900523584673
1.838243804223978
1.798668547855232
1.757606303901501
1.715486525309592
1.672729300635456
1.629738675720888
1.586896703661722
1.544558331986424
1.503047204245836
1.462652420895064
1.423626272702791
1.386182930111882
1.350498044996883
1.316709197922081
1.28491710488343
1.255187482977564
1.227553464615729
1.20201844471483
1.178559244490061
1.15712947862596
1.137663019176183
1.120077458914345
1.104277488360317
1.090158113659505
1.077607656239689
1.066510489102423
1.056749478185511
1.048208110006614
1.040772298406849
1.034331873395929
1.028781763691085
1.024022891463613
1.019962803061688
1.016516063135271
1.013604441771151
1.011156925115677
1.009109579707629
1.007405299565159
1.005993463172481
1.004829525090126
1.003874564149027
1.003094807245443
1.002461144769606
1.001948650789961
1.001536118365883
1.001205617839837
1.000942083708036
1.000732933710393
1.000567722123123
1.000437827874761
1.000336177022237
1.000256998294724
1.000195609810819
1.000148234668877
1.000111842869659
1.000084016924666
1.000062838504284
1.000046793561456
1.000034693506563
1.000025610188251
1.000018822637196
1.000013773742451
1.000010035243133
1.000007279624385
1.000005257700702
1.000003780848367
1.000002707010091
1.000001929738296
1.000001369668928
1.000000967926026
1.000000681049762
1.000000477118641
1.000000332801702
1.000000231130401
1.000000159823912
1.000000110037413
1.000000075431668
1.000000051485219
1.000000034988695
1.000000023675004
1.000000015950354
1.000000010699646
1.000000007146413
1.000000004752556
1.000000003146935
1.000000002074773
1.000000001361997
1.000000000890238
1.000000000579376
1.000000000375441
1.000000000242241
1.000000000155626
1.000000000099551
1.000000000063408
1.000000000040213
1.000000000025393
1.000000000015967
1.000000000009996
1.000000000006231
1.000000000003868
1.000000000002391
1.000000000001471
1.000000000000902
1.00000000000055
1.000000000000334
1.000000000000202
1.000000000000122
1.000000000000073
1.000000000000044
1.000000000000026
1.000000000000015
1.000000000000008
1.000000000000003
1.000000000000001
1
1
1
1
1
1
1
1
1
1
1
1
1
1
1
1
1
1.000000000000001
1.000000000000004
1.000000000000009
1.000000000000019
1.000000000000039
1.00000000000008
1.000000000000163
1.000000000000326
1.000000000000645
1.000000000001263
1.000000000002442
1.000000000004663
1.000000000008795
1.00000000001639
1.000000000030172
1.000000000054873
1.000000000098598
1.000000000175045
1.000000000307065
1.000000000532289
1.000000000911879
1.000000001543997
1.000000002584201
1.000000004275968
1.000000006995777
1.000000011318853
1.000000018113946
1.000000028678367
1.000000044928356
1.000000069664721
1.000000106940022
1.000000162561729
1.00000024477616
1.000000365191414
1.00000054001449
1.00000079169945
1.000001151130847
1.000001660500952
1.00000237708211
1.000003378148229
1.000004767363682
1.000006683035361
1.000009308715734
1.000012886752927
1.000017735509065
1.000024271110985
1.000033034757902
1.000044726787908
1.000060248897424
1.000080756111661
1.000107720315053
1.000143007361429
1.000188969985337
1.00021776520184
1.00028513450189
1.000371666620313
1.000482295865251
1.000623074652289
1.000801384434444
1.001026175418849
1.00130823627223
1.001660494317199
1.002098345800353
1.002640014649712
1.003306936718267
1.004124164825576
1.00512078796555
1.006330355864745
1.007791297687155
1.009547321143654
1.011647775652069
1.014147960604935
1.017109357355325
1.020599761366426
1.024693289245288
1.02947023426598
1.035016743660289
1.041424291591925
1.048788923499783
1.057210250542248
1.066790177310207
1.077631351867847
1.089835334537054
1.103500490604292
1.118719622162471
1.135577365385473
1.15414739136534
1.174489460834292
1.196646395182122
1.220641037637632
1.246473288738691
1.27411730867524
1.303518985165121
1.334593768661816
1.367224976413998
1.401262662818663
1.436523145386024
1.472789263378851
1.509811429897225
1.547309518142351
1.584975599299772
1.622477523615009
1.659463308649481
1.695566270403322
1.730410805082329
1.763618702935215
1.794815851965187
1.823639169543412
1.849743585025441
1.872808887231545
1.892546247716923
1.908704234489435
1.921074141307313
1.929494474685001
1.933854463733521
1.934096486165383
1.930217336160989
1.922268295083158
1.910354002857821
1.894630164756897
1.875300163864258
1.852610682284404
1.826846462905579
1.798324367186356
1.767386902169341
1.734395401184934
1.699723047234692
1.663747925879298
1.626846285929691
1.589386171941904
1.551721573259776
1.514187211122368
1.477094059261217
1.440725665623866
1.40533531454446
1.371144040956966
1.338339482128487
1.307075528754169
1.277472716805025
1.249619284768493
1.223572808182728
1.199362314757572
1.176990778831887
1.15643789320929
1.137663019176182
1.120608221265002
1.105201301536624
1.091358758232872
1.078988604998531
1.067992998916174
1.058270637803479
1.049718899119886
1.042235704020507
1.035721100265765
1.030078566616477
1.02521604887044
1.021046743760723
1.01748965153964
1.014469921276477
1.011919014808933
1.009774716050018
1.007981012128628
1.006487871809565
1.005250944975612
1.004231204832526
1.003394552076569
1.002711397685632
1.002156238380542
1.001707236252778
1.00134581164642
1.001056256172636
1.000825370762136
1.000642131945316
1.000497388097757
1.000383586194916
1.000294528670088
1.000225159243423
1.000171376062283
1.000129870137711
1.000097986850955
1.000073608211306
1.000055053547174
1.000040996383785
1.000030395383548
1.000022437381966
1.000016490729211
1.000012067333748
1.000008791991125
1.00000637776169
1.000004606331075
1.000003312443816
1.000002371641848
1.000001690665203
1.000001199982101
1.000000848010631
1.000000596675132
1.000000418008812
1.000000291571151
1.00000020249581
1.00000014002342
1.000000096404931
1.000000066086467
1.00000004510673
1.000000030653952
1.000000020741909
1.000000013974264
1.000000009374065
1.000000006261042
1.00000000416376
1.00000000275706
1.000000001817728
1.000000001193259
1.000000000779946
1.000000000507597
1.000000000328927
1.00000000021223
1.000000000136346
1.000000000087218
1.000000000055552
1.000000000035231
1.000000000022248
1.000000000013988
1.000000000008758
1.00000000000546
1.000000000003389
1.000000000002095
1.000000000001289
1.00000000000079
1.000000000000482
1.000000000000293
1.000000000000177
1.000000000000107
1.000000000000064
1.000000000000038
1.000000000000022
1.000000000000013
1.000000000000006
1.000000000000003
1
1
1
1
1
1
1
1
1
1
1
1
1
1
1
1
1
1
1.000000000000001
1.000000000000004
1.000000000000008
1.000000000000017
1.000000000000034
1.00000000000007
1.000000000000143
1.000000000000286
1.000000000000566
1.000000000001107
1.000000000002139
1.000000000004085
1.000000000007706
1.000000000014359
1.000000000026433
1.000000000048074
1.000000000086381
1.000000000153356
1.000000000269019
1.000000000466336
1.000000000798896
1.000000001352695
1.000000002264019
1.000000003746182
1.000000006129016
1.000000009916484
1.000000015869701
1.000000025125253
1.000000039361975
1.000000061033679
1.00000009369085
1.000000142421467
1.000000214450209
1.000000319947047
1.000000473111093
1.000000693614579
1.000001008515779
1.000001454779781
1.00000208258349
1.000002959627394
1.000004176732964
1.000005855072363
1.000008155457911
1.000011290213464
1.00001553825961
1.000021264169716
1.000028942094498
1.000039185608085
1.000052784696977
1.000070751291995
1.000094374928039
1.00012529030125
1.000165558669728
1.000189946877881
1.000248710136418
1.000324188278705
1.000420685285992
1.00054348041601
1.000699012188061
1.0008950874775
1.001141116768139
1.00144837600049
1.001830294650312
1.002302768657209
1.002884495583637
1.00359732791514
1.004466638717156
1.0055216919588
1.006796007730904
1.00832771037185
1.010159845236312
1.012340647583783
1.014923744929649
1.017968272313411
1.021538878433746
1.025705599627429
1.030543578383765
1.036132603642599
1.042556451667428
1.049902008942505
1.058258162411796
1.067714447516545
1.078359450905112
1.090278972332441
1.103553959018377
1.118258235403176
1.134456061559382
1.152199564153926
1.17152609439848
1.192455577420512
1.214987926433246
1.239100602461843
1.264746405682478
1.29185158716925
1.320314369600267
1.350003961917111
1.380760145845984
1.412393501498922
1.444686325062892
1.477394274106893
1.510248755719451
1.542960050125976
1.57522113837408
1.606712177989062
1.637105546157618
1.666071347012955
1.69328325898995
1.718424580968857
1.741194322906341
1.76131317859291
1.778529215615728
1.792623120860836
1.803412849025487
1.810757536435962
1.814560562526553
1.814771665936222
1.811388050411699
1.804454446487407
1.794062127039051
1.780346907009591
1.763486188610629
1.743695141893598
1.721222135664376
1.696343554350161
1.66935815189655
1.640581103593771
1.610337920679324
1.578958390676306
1.546770698989392
1.514095874808961
1.481242687577328
1.448503100010866
1.416148360913176
1.384425796775599
1.35355633646284
1.323732779098042
1.295118792479902
1.267848608747888
1.242027366173756
1.217732031346002
1.195012824902382
1.173895066457151
1.154381350406842
1.136453963681128
1.120077458914345
1.105201301536624
1.091762516445656
1.079688268709878
1.068898322652595
1.059307334171936
1.050826941798626
1.043367632370935
1.036840366967611
1.031157961611007
1.026236225034131
1.02199486237033
1.018358158913754
1.015255462114439
1.01262148276664
1.010396438016706
1.00852605948125
1.006961489571409
1.005659088218419
1.004580170745058
1.003690695776739
1.002960919974196
1.002365034120411
1.001880792814067
1.001489147797146
1.001173892843614
1.000921326208823
1.00071993491844
1.000560103679142
1.000433849926789
1.000334585486426
1.000256904490062
1.000196396564631
1.000149483842449
1.000113280036367
1.000085469637928
1.000064205215997
1.000048020793894
1.000035759345432
1.000026512557183
1.000019571141193
1.000014384136851
1.000010525803204
1.000007668865783
1.000005563039661
1.000004017898757
1.000002889297955
1.000002068677936
1.000001474692113
1.000001046690967
1.000000739681859
1.000000520453064
1.00000036461038
1.00000025432444
1.000000176627996
1.000000122136124
1.000000084089671
1.000000057644236
1.000000039344555
1.000000026738049
1.000000018092222
1.000000012189112
1.000000008176567
1.000000005461219
1.000000003631856
1.000000002404856
1.000000001585519
1.000000001040824
1.00000000068031
1.000000000442753
1.000000000286908
1.000000000185118
1.000000000118928
1.000000000076076
1.000000000048455
1.00000000003073
1.000000000019405
1.000000000012202
1.000000000007639
1.000000000004762
1.000000000002956
1.000000000001827
1.000000000001124
1.000000000000689
1.00000000000042
1.000000000000255
1.000000000000154
1.000000000000093
1.000000000000056
1.000000000000033
1.000000000000019
1.000000000000011
1.000000000000005
1.000000000000002
1
1
1
1
1
1
1
1
1
1
1
1
1
1
1
1
1
1
1.000000000000001
1.000000000000003
1.000000000000007
1.000000000000014
1.00000000000003
1.000000000000061
1.000000000000124
1.000000000000249
1.000000000000494
1.000000000000966
1.000000000001866
1.000000000003563
1.000000000006721
1.000000000012524
1.000000000023056
1.000000000041932
1.000000000075345
1.000000000133763
1.000000000234649
1.000000000406758
1.00000000069683
1.000000001179879
1.000000001974778
1.00000000326759
1.000000005346012
1.000000008649626
1.000000013842316
1.000000021915473
1.000000034333465
1.000000053236636
1.000000081721911
1.000000124227296
1.00000018705455
1.000000279074469
1.000000412672292
1.000000605007214
1.000000879680937
1.000001268936438
1.000001816540768
1.000002581546018
1.000003643171678
1.000005107110803
1.000007113632792
1.000009847938279
1.00001355331728
1.000018547770953
1.000025244879947
1.000034179837824
1.000046041714912
1.000061713173829
1.000082319019082
1.000109285124224
1.000144409434167
1.000164953172762
1.000215984228223
1.000281530790079
1.000365330514402
1.000471968005429
1.000607034591661
1.000777309907433
1.000990966190508
1.001257795676006
1.001589460769221
1.001999765798687
1.002504948074544
1.0031239847011
1.003878910120043
1.004795137706551
1.005901776931466
1.007231935680257
1.008822995340884
1.010716844311563
1.012960053726143
1.015603977555069
1.018704757933051
1.022323215719829
1.026524606052656
1.031378219132272
1.036956807824568
1.043335825967795
1.050592464635102
1.058804478064876
1.068048796543947
1.078399930166613
1.089928174992771
1.102697641525233
1.116764134389155
1.132172921331823
1.148956438817835
1.167131990174
1.186699500006974
1.207639395024797
1.229910685995511
1.253449327954051
1.278166935556992
1.303949927395677
1.330659166924699
1.358130158379385
1.386173843715211
1.414578031424082
1.443109470438195
1.471516562738031
1.49953268738581
1.526880087267966
1.553274248689345
1.578428684001359
1.602060009552932
1.623893196272799
1.643666858885133
1.661138442761298
1.676089165187319
1.6883285706534
1.697698567706299
1.704076827779364
1.707379443835837
1.707562768024761
1.704624372066325
1.698603100814716
1.689578217345803
1.677667665881657
1.663025505788583
1.645838594714631
1.626322620711795
1.604717601108079
1.581282979328274
1.556292459391025
1.530028721238528
1.502778158415653
1.474825773156587
1.44645035310662
1.417920039320308
1.389488377582934
1.361390925338162
1.333842465455351
1.307034856621331
1.281135529140091
1.256286615139823
1.232604684282884
1.21018104058364
1.189082523250111
1.169352744815961
1.151013693308851
1.134067621759792
1.118499147822064
1.104277488360317
1.091358758232872
1.079688268709878
1.069202768603219
1.059832579780237
1.051503587856463
1.044139058108629
1.037661255661134
1.031992857476198
1.027058151381971
1.02278402413052
1.01910074617874
1.015942565478699
1.013248126051217
1.010960729543532
1.009028459420133
1.007404188012876
1.006045486487197
1.004914456999155
1.003977505058252
1.003205068503762
1.002571317668279
1.002053839348944
1.001633315226436
1.001293203439912
1.001019430201791
1.000800096662592
1.000625204741592
1.000486404339498
1.000376763249363
1.000290560177722
1.000223100568445
1.000170554371703
1.000129814500812
1.000098374450484
1.000074223390252
1.000055756976698
1.000041702128536
1.000031054062826
1.000023023983405
1.000016995931522
1.000012491442827
1.000009140796038
1.00000665977999
1.00000483104266
1.000003489214551
1.000002509117409
1.000001796476341
1.000001280648489
1.00000090896471
1.000000642352582
1.000000451970443
1.000000316633928
1.000000220859698
1.000000153386759
1.000000106065077
1.000000073024885
1.000000050059218
1.000000034167465
1.000000023219762
1.000000015711582
1.000000010585223
1.000000007100663
1.00000000474261
1.000000003153962
1.000000002088415
1.00000000137689
1.000000000903868
1.000000000590792
1.000000000384493
1.000000000249155
1.000000000160759
1.000000000103279
1.000000000066066
1.000000000042079
1.000000000026687
1.000000000016852
1.000000000010596
1.000000000006634
1.000000000004136
1.000000000002567
1.000000000001587
1.000000000000976
1.000000000000598
1.000000000000365
1.000000000000222
1.000000000000134
1.000000000000081
1.000000000000048
1.000000000000028
1.000000000000016
1.000000000000009
1.000000000000004
1.000000000000001
1
1
1
1
1
1
1
1
1
1
1
1
1
1
1
1
1
1
1.000000000000001
1.000000000000002
1.000000000000006
1.000000000000012
1.000000000000026
1.000000000000053
1.000000000000108
1.000000000000216
1.000000000000429
1.000000000000839
1.00000000000162
1.000000000003094
1.000000000005836
1.000000000010876
1.000000000020022
1.000000000036413
1.000000000065429
1.000000000116159
1.000000000203769
1.000000000353229
1.000000000605129
1.000000001024612
1.000000001714909
1.000000002837598
1.000000004642519
1.000000007511412
1.000000012020802
1.000000019031627
1.000000029815566
1.000000046231326
1.000000070968325
1.000000107880596
1.000000162440685
1.000000242352137
1.000000358370494
1.000000525397082
1.000000763928013
1.000001101963625
1.000001577511963
1.000002241854865
1.000003163787889
1.0000044350967
1.000006177593669
1.000008552110244
1.000011769923731
1.000016107191918
1.000021923075546
1.000029682346198
1.000039983404821
1.000053592771431
1.00007148724646
1.000094905084209
1.000125407652564
1.000142617995403
1.000186739303663
1.000243410682879
1.000315863702314
1.000408062200971
1.000524840429734
1.000672060046476
1.000856786751418
1.00108748689153
1.001374243759531
1.001728992551133
1.002165772013613
1.002700989715438
1.003353696593585
1.004145865004986
1.005102662944388
1.006252715428791
1.007628342337903
1.009265760304505
1.011205234646233
1.01349116591261
1.016172094491217
1.019300605986589
1.022933119871152
1.027129544325297
1.031952781342581
1.037468068171282
1.043742144068481
1.050842235201318
1.058834855348104
1.067784425791087
1.077751724363898
1.088792180876562
1.100954043890221
1.114276451798558
1.128787449089818
1.144501996167484
1.16142002782439
1.179524621005542
1.198780336473839
1.219131801048842
1.240502596905823
1.262794521751505
1.285887278372545
1.309638644026478
1.333885159475035
1.358443364336944
1.383111590182084
1.407672305847863
1.431894991392667
1.45553949856621
1.47835983739829
1.500108311249628
1.520539907197959
1.539416835680573
1.556513103538908
1.571618998559311
1.584545361681928
1.59512752549367
1.60322880448137
1.608743433652059
1.611598867189281
1.611757367285428
1.609216834487823
1.604010854008066
1.596207956565783
1.585910116516097
1.573250533289183
1.558390763637578
1.541517291017193
1.522837633921565
1.502576106603575
1.480969352992756
1.458261777580867
1.434700995630785
1.410533419479664
1.386000088343244
1.361332836416868
1.336750878856754
1.312457878137138
1.288639535079632
1.265461730306644
1.24306922371304
1.221584902444961
1.20110955239512
1.181722114830711
1.16348037879919
1.146422051614326
1.130566144087308
1.11591460419228
1.102454132392172
1.090158113659505
1.078988604998531
1.068898322652595
1.059832579780237
1.051731132815823
1.044529902618305
1.038162544505839
1.032561849065702
1.027660962958136
1.023394425593682
1.019699023406216
1.016514468373054
1.013783911405022
1.011454304244462
1.009476625607613
1.00780598855989
1.006401646611531
1.005226915874682
1.004249029946819
1.003438943096185
1.002771095935339
1.002223156183217
1.00177574542733
1.00141216108549
1.001118101096162
1.000881397289226
1.0006917619419
1.000540550732467
1.00042054418084
1.000325748713993
1.000251217712418
1.000192892271788
1.000147460938305
1.000112237330756
1.000085054329478
1.00006417337433
1.000048207353109
1.000036055562229
1.000026849268343
1.000019906479864
1.000014694640097
1.000010800069741
1.000007903108541
1.000005758028119
1.000004176906379
1.000003016765211
1.000002169375774
1.000001553228205
1.000001107244852
1.000000785888097
1.000000555376016
1.00000039077218
1.000000273760639
1.000000190954538
1.000000132617651
1.000000091703481
1.000000063137042
1.000000043281007
1.000000029541054
1.000000020075711
1.000000013584167
1.000000009151937
1.000000006139201
1.000000004100438
1.0000000027269
1.000000001805633
1.000000001190452
1.000000000781479
1.000000000510795
1.000000000332431
1.000000000215418
1.000000000138992
1.000000000089294
1.00000000005712
1.000000000036382
1.000000000023073
1.00000000001457
1.000000000009161
1.000000000005736
1.000000000003576
1.000000000002219
1.000000000001372
1.000000000000844
1.000000000000517
1.000000000000316
1.000000000000192
1.000000000000116
1.00000000000007
1.000000000000042
1.000000000000024
1.000000000000014
1.000000000000007
1.000000000000003
1.000000000000001
1
1
1
1
1
1
1
1
1
1
1
1
1
1
1
1
1
1
1
1.000000000000002
1.000000000000005
1.000000000000011
1.000000000000022
1.000000000000046
1.000000000000093
1.000000000000187
1.00000000000037
1.000000000000725
1.000000000001401
1.000000000002675
1.000000000005046
1.000000000009403
1.00000000001731
1.000000000031482
1.000000000056568
1.000000000100429
1.000000000176174
1.000000000305395
1.000000000523184
1.000000000885862
1.000000001482684
1.000000002453347
1.000000004013862
1.000000006494276
1.000000010393052
1.000000016454548
1.000000025778252
1.000000039971192
1.000000061358623
1.000000093272725
1.000000140445034
1.000000209536
1.000000309844818
1.000000454255115
1.000000660487745
1.000000952751695
1.000001363908578
1.000001938296488
1.000002735395825
1.000003834564165
1.000005341120089
1.000007394117962
1.000010176227494
1.000013926213895
1.000018954606512
1.000025663245566
1.000034569506903
1.000046336121722
1.000061807629195
1.000082054620928
1.000108427051835
1.000122764680226
1.000160744043209
1.000209526437735
1.000271893581691
1.000351257527106
1.000451779572257
1.000578505402309
1.0007375171362
1.000936102562786
1.001182941330002
1.001488307194953
1.00186428464183
1.002324997224749
1.0028868438968
1.003568738355413
1.004392345087787
1.005382304369368
1.006566436995761
1.007975918068957
1.009645407779437
1.01161312590537
1.013920855777495
1.016613862829604
1.019740712670143
1.023352973970041
1.027504792459467
1.032252324043682
1.037653017548769
1.043764740929328
1.050644748917585
1.0583484950336
1.06692829653268
1.076431867115422
1.086900738896279
1.098368601999895
1.110859596969275
1.124386601629384
1.138949559831511
1.15453390427295
1.171109129011556
1.188627569064522
1.207023444323231
1.226212222717021
1.246090352978942
1.26653541045756
1.287406690234335
1.308546270510065
1.329780556092225
1.350922297232349
1.371773063511402
1.392126136516313
1.411769769316878
1.430490745896876
1.448078160376258
1.464327324712297
1.479043705152861
1.492046782505809
1.503173729634021
1.512282801689303
1.51925634050362
1.52400330413748
1.526461245550566
1.526597680259509
1.524410801094619
1.519929518061871
1.513212822080239
1.504348492176897
1.493451185761285
1.480659970077961
1.466135369147209
1.4500560138391
1.432614992724601
1.414016007694735
1.394469440890635
1.374188438267082
1.353385110305324
1.332266942330429
1.311033496032709
1.289873470698261
1.268962177944552
1.248459468091059
1.228508130332063
1.209232773248578
1.190739177472364
1.173114098990162
1.156425490047527
1.140723095167989
1.126039372621724
1.112390686825156
1.099778714591618
1.088192007754311
1.077607656239689
1.067992998916174
1.059307334171936
1.051503587856463
1.044529902618305
1.0383311194611
1.032850129221391
1.028029078378698
1.023810419917331
1.020137805693064
1.016956821787133
1.014215572573033
1.011865122640207
1.009859808314162
1.008157432318805
1.00671935620467
1.005510505596128
1.004499303184702
1.003657543813533
1.00296022506047
1.002385345531101
1.001913681708084
1.001528552749452
1.001215581154694
1.000962455779596
1.000758702323141
1.000595465164117
1.000465303312869
1.000362002276419
1.000280402816573
1.000216246907599
1.000166040664644
1.00012693360461
1.000096613303824
1.000073214316408
1.000055240098423
1.000041496630589
1.000031036432756
1.000023111703614
1.00001713538824
1.000012649064522
1.000009296639422
1.000006802951026
1.000004956477611
1.00000359545681
1.00000259681381
1.000001867385795
1.000001337009506
1.000000953109629
1.000000676487625
1.0000004780642
1.000000336374211
1.000000235651394
1.000000164372416
1.000000114156391
1.000000078937736
1.000000054347932
1.000000037255988
1.000000025428729
1.000000017281026
1.00000001169315
1.000000007877919
1.000000005284577
1.000000003529625
1.000000002347294
1.000000001554274
1.000000001024731
1.00000000067269
1.000000000439689
1.000000000286154
1.00000000018543
1.000000000119643
1.000000000076864
1.000000000049168
1.000000000031317
1.000000000019861
1.000000000012542
1.000000000007886
1.000000000004937
1.000000000003078
1.00000000000191
1.000000000001181
1.000000000000727
1.000000000000445
1.000000000000272
1.000000000000165
1.0000000000001
1.00000000000006
1.000000000000036
1.000000000000021
1.000000000000012
1.000000000000006
1.000000000000003
1
1
1
1
1
1
1
1
1
1
1
1
1
1
1
1
1
1
1
1
1.000000000000002
1.000000000000004
1.000000000000009
1.000000000000019
1.00000000000004
1.000000000000081
1.000000000000161
1.000000000000319
1.000000000000624
1.000000000001206
1.000000000002303
1.000000000004344
1.000000000008094
1.0000000000149
1.000000000027099
1.000000000048693
1.000000000086446
1.000000000151646
1.000000000262877
1.000000000450346
1.000000000762532
1.000000001276266
1.000000002111797
1.000000003455066
1.000000005590172
1.000000008946187
1.000000014163849
1.000000022189585
1.000000034406711
1.000000052816788
1.000000080288128
1.0000001208936
1.00000018036647
1.000000266711413
1.000000391018563
1.000000568541904
1.000000820120363
1.000001174040991
1.000001668469722
1.000002354606893
1.000003300762992
1.00000459759558
1.000006364801788
1.000008759622577
1.000011987585596
1.000016315992658
1.000022090745468
1.000029757198167
1.000039885825998
1.000053203603537
1.000070632090104
1.000093333319501
1.000105210315729
1.000137758949117
1.000179565875147
1.000233015051287
1.000301030637263
1.000387178903864
1.000495784049783
1.000632058507249
1.000802247979047
1.001013791004417
1.001275492289345
1.001597708350205
1.001992543205786
1.002474050913557
1.003058440690966
1.003764279208638
1.004612683416229
1.005627495999623
1.006835434317377
1.008266202482195
1.009952555207402
1.011930301204805
1.014238233381592
1.01691797292583
1.020013714678368
1.023571862043833
1.027640541165344
1.032268986230581
1.037506790623287
1.043403022188553
1.050005205114112
1.057358175777464
1.065502825264361
1.074474746980864
1.084302813671701
1.095007713997994
1.106600484363351
1.11908107663227
1.132437006472077
1.14664212998491
1.161655597812921
1.177421035764942
1.193865999042545
1.21090174321855
1.228423349199891
1.246310231535577
1.26442704974961
1.282625031124819
1.300743700866031
1.318613002243519
1.33605577564422
1.352890551974149
1.368934603124171
1.384007180798585
1.397932865451178
1.410544939861925
1.421688697423222
1.431224593786637
1.439031152324077
1.44500753891811
1.449075729807502
1.451182207325385
1.451299131993766
1.449424955075832
1.445584452737305
1.439828180762813
1.432231366609712
1.422892272754924
1.411930081126993
1.399482362306796
1.38570220461011
1.370755086733456
1.354815583084474
1.338063993104988
1.320682984849177
1.302854338959786
1.284755872277371
1.266558611014087
1.248424272201477
1.230503099515837
1.212932086158938
1.195833603791472
1.179314443121513
1.163465259131588
1.148360402508513
1.134058108959894
1.120601010007869
1.108016922696063
1.096319871486834
1.085511293430859
1.075581377349209
1.066510489102423
1.058270637803479
1.050826941798626
1.044139058108629
1.038162544505839
1.032850129221391
1.028152869174198
1.024021183361385
1.020405753456656
1.017258288576884
1.014532155487407
1.012182879152792
1.010168521469656
1.008449948242411
1.006990996010806
1.005758551261881
1.00472255492697
1.003855944956442
1.003134549265987
1.002536940544821
1.002044263390978
1.001640043069144
1.001309983940649
1.001041764352075
1.000824833536779
1.000650214920032
1.000510319150944
1.000398769231214
1.000310239281768
1.000240307786844
1.000185325578276
1.000142298363851
1.00010878325274
1.000082798476124
1.000062745329378
1.000047341260319
1.000035562983254
1.000026598498847
1.000019806934408
1.000014685178408
1.000010840358849
1.000007967300709
1.00000583018769
1.000004247743736
1.000003081337017
1.000002225491302
1.000001600365211
1.0000011458282
1.000000816822752
1.000000579755371
1.000000409704846
1.000000288275359
1.000000201955084
1.000000140868426
1.000000097832894
1.00000006765023
1.000000046576577
1.000000031928651
1.000000021792601
1.00000001480996
1.00000001002111
1.000000006751429
1.000000004528917
1.000000003024911
1.000000002011645
1.000000001332022
1.000000000878201
1.0000000005765
1.000000000376815
1.000000000245235
1.000000000158914
1.000000000102535
1.000000000065873
1.000000000042138
1.000000000026839
1.000000000017021
1.000000000010749
1.000000000006758
1.000000000004231
1.000000000002638
1.000000000001638
1.000000000001012
1.000000000000623
1.000000000000382
1.000000000000233
1.000000000000141
1.000000000000085
1.000000000000051
1.000000000000031
1.000000000000018
1.00000000000001
1.000000000000005
1.000000000000002
1
1
1
1
1
1
1
1
1
1
1
1
1
1
1
1
1
1
1
1
1.000000000000001
1.000000000000004
1.000000000000008
1.000000000000017
1.000000000000034
1.000000000000069
1.000000000000138
1.000000000000273
1.000000000000535
1.000000000001034
1.000000000001974
1.000000000003722
1.000000000006936
1.000000000012769
1.000000000023223
1.000000000041729
1.000000000074083
1.000000000129959
1.000000000225283
1.000000000385942
1.000000000653485
1.000000001093753
1.000000001809802
1.000000002960982
1.000000004790768
1.000000007666876
1.000000012138421
1.000000019016496
1.000000029486611
1.000000045264113
1.000000068807164
1.000000103606239
1.000000154574782
1.000000228572856
1.000000335104781
1.00000048724333
1.000000702847615
1.000001006159847
1.000001429888518
1.00000201791271
1.000002828775041
1.000003940169759
1.00000545467826
1.000007507057326
1.000010273445843
1.000013982923687
1.000018931931533
1.000025502141669
1.000034182456282
1.000045595898893
1.000060532253908
1.000079987394551
1.000089769606509
1.000117541402222
1.000153212746885
1.000198817730017
1.000256851363846
1.000330356536107
1.000423022829742
1.000539297705052
1.000684510251269
1.000865007334779
1.001088301491687
1.001363229326645
1.001700118485377
1.002110960466998
1.002609585641973
1.00321183585703
1.003935728962139
1.004801608517826
1.005832270873871
1.00705306080182
1.00849192597139
1.010179419849603
1.012148642141827
1.014435105759008
1.017076519558368
1.020112476834294
1.023584040792054
1.027533220065466
1.032002329768358
1.037033236602342
1.042666490155877
1.048940346665831
1.055889696082422
1.063544908156149
1.071930618291326
1.081064478894101
1.090955906666253
1.101604860523879
1.113000688307496
1.125121082954559
1.137931190099521
1.15138290895139
1.165414426617586
1.179950022694044
1.194900175889336
1.21016199773456
1.225620010170645
1.241147274202403
1.256606866145275
1.271853686619125
1.286736575776758
1.3011006967496
1.314790138430227
1.327650678973594
1.3395326432463
1.350293781300101
1.359802091136775
1.367938507821621
1.374599382541241
1.379698679519326
1.383169825710444
1.384967157672477
1.385066921644873
1.383467796202626
1.380190921403508
1.375279433529224
1.368797519739973
1.360829021614702
1.351475630061808
1.340854725937598
1.329096930462157
1.316343436833024
1.302743199078549
1.288450056058788
1.273619867629469
1.258407736469705
1.242965383179959
1.227438734318652
1.211965773470737
1.196674694685649
1.181682386166653
1.167093260420921
1.152998435650433
1.139475262397018
1.126587179711336
1.114383876685339
1.102901728282232
1.092164469146561
1.08218406552854
1.072961743583825
1.064489132018251
1.05674947818551
1.049718899119886
1.043367632370935
1.037661255661134
1.032561849065702
1.028029078378698
1.024021183361385
1.020495859473264
1.017411026299509
1.014725480081184
1.012399431432285
1.010394932430233
1.008676199766317
1.007209842540429
1.005965004605251
1.004913432153224
1.004029477553663
1.003290050355238
1.002674525943431
1.002164621656995
1.001744249292747
1.001399351929946
1.001117731942527
1.000888875989665
1.00070378172385
1.000554789962756
1.000435425160428
1.000340246199945
1.000264708822506
1.000205040409257
1.00015812734005
1.000121414761821
1.000092818299829
1.000070647027585
1.000053536864707
1.000040393485075
1.000030343779383
1.000022694916525
1.000016900077676
1.000012529987486
1.000009249431498
1.000006798021908
1.000004974550622
1.000003624345511
1.000002629120247
1.000001898878213
1.000001365495497
1.000000977666276
1.000000696945647
1.00000049467028
1.000000349576387
1.000000245967915
1.000000172316028
1.000000120194471
1.000000083474855
1.000000057721816
1.000000039740947
1.000000027242763
1.000000018594289
1.000000012636428
1.000000008550395
1.000000005760577
1.000000003864244
1.000000002580969
1.000000001716412
1.000000001136532
1.000000000749314
1.000000000491891
1.000000000321513
1.000000000209244
1.000000000135592
1.000000000087486
1.000000000056205
1.000000000035953
1.0000000000229
1.000000000014523
1.000000000009171
1.000000000005766
1.00000000000361
1.000000000002251
1.000000000001397
1.000000000000864
1.000000000000531
1.000000000000326
1.000000000000199
1.00000000000012
1.000000000000073
1.000000000000044
1.000000000000026
1.000000000000015
1.000000000000008
1.000000000000004
1.000000000000001
1
1
1
1
1
1
1
1
1
1
1
1
1
1
1
1
1
1
1
1
1.000000000000001
1.000000000000003
1.000000000000007
1.000000000000014
1.000000000000029
1.000000000000059
1.000000000000118
1.000000000000233
1.000000000000456
1.000000000000882
1.000000000001684
1.000000000003176
1.000000000005918
1.000000000010895
1.000000000019814
1.000000000035604
1.000000000063209
1.000000000110884
1.000000000192216
1.000000000329295
1.00000000055757
1.000000000933219
1.000000001544172
1.000000002526394
1.000000004087624
1.000000006541612
1.000000010356882
1.000000016225488
1.00000002515895
1.000000038620867
1.000000058708634
1.000000088400456
1.000000131888671
1.000000195026547
1.000000285923534
1.000000415733829
1.000000599695517
1.000000858492996
1.000001220034431
1.000001721759173
1.000002413618088
1.000003361902971
1.000004654140331
1.000006405310002
1.000008765700691
1.00001193077249
1.00001615346044
1.000021759422644
1.000029165810095
1.000038904211556
1.000051648502954
1.00006824840359
1.000076258238999
1.00009985006892
1.000130152480387
1.000168893411195
1.000218192348313
1.000280634193418
1.000359353209267
1.000458127467845
1.000581483976104
1.000734814332561
1.000924500360574
1.001158048666614
1.001444232481788
1.001793238464222
1.002216815375106
1.002728420704884
1.003343360437305
1.004078916224314
1.004954453338148
1.005991501910196
1.007213803208135
1.008647312098674
1.010320146452748
1.012262474135421
1.014506328446168
1.017085343494862
1.020034402065684
1.02338919007445
1.027185653788037
1.031459358550796
1.036244750831614
1.041574328918963
1.047477731473162
1.05398075728867
1.061104333888768
1.068863456808204
1.077266125431891
1.086312304849222
1.095992946146081
1.106289099684157
1.117171157016526
1.128598256990585
1.140517890161342
1.152865732793215
1.165565737436714
1.17853050136121
1.191661927108079
1.20485218127149
1.217984948555599
1.230936968496941
1.243579832330009
1.255782007700485
1.267411049702779
1.27833594844633
1.288429556429673
1.297571033774255
1.305648246134181
1.312560049070382
1.318218393984473
1.32255019437579
1.325498897136817
1.327025711655955
1.327110459373182
1.325752017768693
1.32296834512263
1.318796085281978
1.313289764598862
1.306520605651966
1.298574993841399
1.289552643016036
1.279564514576809
1.268730550709861
1.257177286346344
1.245035406030764
1.232437311121778
1.219514759763487
1.206396637058246
1.193206906128659
1.180062782622524
1.167073166077419
1.154337351830445
1.141944037242756
1.129970626299533
1.118482827499765
1.107534531673219
1.097167949200515
1.087413980246099
1.078292787152888
1.069814535132921
1.061980265797364
1.054782867821391
1.048208110006614
1.042235704020507
1.036840366967611
1.031992857476198
1.027660962958136
1.023810419917331
1.020405753456656
1.017411026299508
1.014790491561144
1.012509147066521
1.010533192135528
1.008830390392095
1.007370344277301
1.006124688558766
1.005067211250673
1.004173911028293
1.003423000487638
1.002794864522631
1.002271982730594
1.001838824174474
1.001481722087195
1.001188735255648
1.000949501918838
1.000755091099156
1.000597855392637
1.000471288400675
1.000369889211894
1.000289035652026
1.000224867418796
1.000174179710345
1.000134327537621
1.000103140578623
1.000078848177977
1.000060013910659
1.000045479004147
1.000034313839456
1.000025776719069
1.000019279089988
1.00001435643518
1.000010644089614
1.000007857292033
1.000005774845668
1.000004225826313
1.000003078841592
1.000002233408497
1.000001613075838
1.000001159973064
1.000000830516419
1.000000592047363
1.000000420216703
1.000000296961078
1.000000208946859
1.000000146380426
1.000000102103767
1.000000070910881
1.000000049033979
1.000000033759445
1.000000023142387
1.000000015795614
1.000000010734484
1.00000000726345
1.000000004893535
1.000000003282624
1.000000002192499
1.000000001458068
1.000000000965468
1.000000000636531
1.000000000417854
1.000000000273121
1.00000000017775
1.000000000115183
1.000000000074318
1.000000000047745
1.000000000030542
1.000000000019453
1.000000000012337
1.000000000007791
1.000000000004899
1.000000000003067
1.000000000001912
1.000000000001187
1.000000000000733
1.000000000000451
1.000000000000277
1.000000000000169
1.000000000000102
1.000000000000062
1.000000000000037
1.000000000000022
1.000000000000012
1.000000000000006
1.000000000000003
1.000000000000001
1
1
1
1
1
1
1
1
1
1
1
1
1
1
1
1
1
1
1
1
1.000000000000001
1.000000000000002
1.000000000000006
1.000000000000012
1.000000000000025
1.00000000000005
1.0000000000001
1.000000000000198
1.000000000000387
1.000000000000749
1.00000000000143
1.000000000002698
1.000000000005027
1.000000000009255
1.000000000016832
1.000000000030244
1.000000000053694
1.000000000094192
1.000000000163282
1.000000000279726
1.00000000047364
1.000000000792745
1.000000001311736
1.000000002146113
1.000000003472347
1.000000005556962
1.000000008797963
1.00000001378324
1.000000021372064
1.000000032807741
1.000000049871981
1.000000075094727
1.000000112037315
1.000000165672021
1.000000242887718
1.000000353159756
1.000000509432697
1.000000729277686
1.000001036402367
1.00000146261102
1.000002050336312
1.000002855892346
1.000003953631873
1.00000544122894
1.000007446352091
1.000010135042471
1.000013722165572
1.000018484364347
1.000024776003988
1.000033048663358
1.000043874792782
1.000057976219697
1.000064495739576
1.000084448643468
1.000110077056759
1.000142842392505
1.000184537218788
1.000237347730961
1.000303924749808
1.000387463601663
1.000491793029163
1.000621473008545
1.000781901004788
1.000979425775116
1.001221467332375
1.001516641104074
1.001874883676092
1.002307576802709
1.002827665612932
1.003449766169458
1.004190256769828
1.005067346654693
1.006101115146965
1.007313513734671
1.008728323280039
1.010371058440445
1.012268811575818
1.014450028941165
1.016944212865187
1.019781544929724
1.022992426909615
1.026606938411508
1.030654212745518
1.035161735535382
1.040154573855871
1.045654547190701
1.051679355115164
1.058241680187988
1.065348287930504
1.072999148808749
1.081186609639673
1.08989464364199
1.099098209281996
1.108762747981894
1.11884384955036
1.129287111789006
1.140028217098633
1.150993244083945
1.162099226220824
1.173254962751384
1.184362079310785
1.195316327619748
1.206009105194645
1.216329167761014
1.226164499251841
1.235404297275747
1.243941026082956
1.251672484636119
1.258503834656431
1.264349532646249
1.269135110994683
1.272798756375036
1.275292638676676
1.276583950525419
1.276655625799717
1.27550671513616
1.273152406869721
1.269623692762619
1.264966688809849
1.259241631936843
1.25252158311291
1.244890875919698
1.236443356620585
1.227280467029375
1.217509224811416
1.207240157190833
1.196585243396541
1.185655918654337
1.174561188297698
1.163405894866667
1.15228917418488
1.141303128677126
1.130531737959573
1.120050018348412
1.10992343472123
1.100207560429929
1.090947973963654
1.082180375003402
1.073930897548621
1.06621659402322
1.059046061718899
1.052420181588157
1.046332939189678
1.040772298406849
1.035721100265765
1.031157961611007
1.027058151381971
1.023394425593682
1.020137805693064
1.017258288576884
1.014725480081184
1.012509147066521
1.010579686235623
1.008908510462251
1.007468355639225
1.006233512849577
1.005179992028336
1.004285624231427
1.003530110194405
1.002895023089384
1.002363773322332
1.001921542907097
1.001555196459964
1.001253175230147
1.00100537986449
1.000803046840971
1.000638622731245
1.000505639697135
1.000398594912645
1.000312835948701
1.000244453573464
1.00019018291296
1.000147313486667
1.000113608279152
1.000087231727515
1.000066686289338
1.000050757099547
1.000038464119354
1.000029021117962
1.00002180080029
1.000016305394159
1.000012142031552
1.000009002294879
1.000006645345648
1.00000488410541
1.000003574014032
1.000002603945661
1.000001888916222
1.000001364266692
1.000000981052729
1.000000702413131
1.00000050072676
1.000000355400153
1.000000251156126
1.000000176717694
1.000000123801851
1.000000086354671
1.000000059973154
1.000000041470672
1.000000028552173
1.000000019572755
1.000000013359194
1.000000009078724
1.000000006143085
1.000000004138721
1.000000002776288
1.000000001854311
1.000000001233165
1.000000000816547
1.000000000538348
1.000000000353401
1.000000000230992
1.000000000150332
1.000000000097416
1.000000000062855
1.000000000040381
1.000000000025831
1.000000000016453
1.000000000010435
1.000000000006589
1.000000000004143
1.000000000002593
1.000000000001617
1.000000000001004
1.00000000000062
1.000000000000381
1.000000000000234
1.000000000000143
1.000000000000086
1.000000000000052
1.000000000000031
1.000000000000018
1.00000000000001
1.000000000000005
1.000000000000002
1
1
1
1
1
1
1
1
1
1
1
1
1
1
1
1
1
1
1
1
1
1
1.000000000000002
1.000000000000005
1.00000000000001
1.000000000000021
1.000000000000042
1.000000000000085
1.000000000000168
1.000000000000328
1.000000000000634
1.00000000000121
1.000000000002282
1.000000000004252
1.000000000007827
1.000000000014235
1.000000000025578
1.000000000045411
1.000000000079662
1.000000000138093
1.000000000236575
1.000000000400575
1.000000000670456
1.000000001109389
1.000000001815058
1.000000002936714
1.00000000469977
1.000000007440838
1.000000011657126
1.000000018075365
1.000000027747082
1.000000042179161
1.00000006351131
1.000000094755537
1.000000140117159
1.000000205422461
1.000000298685253
1.000000430853443
1.00000061678789
1.000000876539427
1.000001237006647
1.000001734077154
1.000002415378837
1.000003343795861
1.000004601936487
1.000006297776977
1.000008571747412
1.000011605571321
1.000015633220845
1.00002095440213
1.000027951040318
1.000037107288259
1.000049033635334
1.000054307829776
1.000071108931816
1.000092689030482
1.000120278692189
1.000155387328829
1.000199855801867
1.000255916205586
1.000326259129302
1.000414108523731
1.000523304067014
1.000658390635752
1.000824714132056
1.001028522497447
1.001277070259692
1.001578724413971
1.001943068844233
1.002381003857592
1.002904836753225
1.003528358701551
1.004266902599291
1.005137376026169
1.006158262998733
1.007349587938688
1.008732835191529
1.010330817590363
1.012167488001136
1.014267688545224
1.016656833301596
1.019360521760023
1.022404082131506
1.025812045807571
1.02960755676234
1.033811722455846
1.03844291574795
1.043516040372805
1.049041775538553
1.055025818074481
1.061468143105555
1.068362306344049
1.075694812603119
1.083444575920052
1.091582496607262
1.100071179532028
1.108864815900001
1.117909247761067
1.127142230393138
1.136493902722304
1.145887470128645
1.155240097535924
1.164464003803925
1.173467741384138
1.18215763823919
1.190439372454731
1.198219644081416
1.205407903812541
1.211918094380479
1.217670358250646
1.222592664459837
1.226622308376464
1.229707240772526
1.231807186835795
1.232894521486188
1.232954874394043
1.231987446170027
1.230005025997248
1.227033710161568
1.223112330143039
1.218291607795912
1.212633063319338
1.206207708891319
1.199094566738363
1.191379054836072
1.183151286243877
1.174504329205937
1.165532474610472
1.156329555273301
1.146987357945643
1.137594164143855
1.128233450106127
1.118982769674168
1.10991283696771
1.101086818658011
1.09255983873218
1.084378692126554
1.076581757712806
1.069199096020389
1.06225271290128
1.055756967166049
1.049719098073513
1.0441398474232
1.039014150823346
1.034331873395929
1.030078566616477
1.026236225034131
1.02278402413052
1.019699023406215
1.016956821787133
1.014532155487408
1.012399431432285
1.010533192135528
1.008908510462251
1.007501314932999
1.006288648101833
1.005248862053596
1.004361756213589
1.003608663462048
1.002972491022545
1.002437722783487
1.001990389656094
1.001618014314796
1.001309536251198
1.001055222543625
1.000846569140428
1.000676196812159
1.000537745275726
1.000425768357556
1.00033563246221
1.000263420061839
1.000205839429845
1.000160141414256
1.000124043684155
1.000095662584819
1.000073452500328
1.00005615244127
1.000042739443662
1.000032388276466
1.000024436902578
1.000018357115003
1.000013729770107
1.000010224057671
1.000007580278048
1.000005595635833
1.000004112603683
1.000003009456339
1.000002192621513
1.000001590539314
1.000001148764335
1.000000826083545
1.000000591458386
1.000000421630794
1.000000299260279
1.000000211482866
1.000000148802897
1.000000104245766
1.000000072713836
1.000000050499612
1.000000034919833
1.000000024041977
1.000000016480975
1.000000011248927
1.000000007644614
1.000000005172699
1.000000003484952
1.000000002337734
1.000000001561396
1.000000001038369
1.000000000687561
1.000000000453308
1.000000000297576
1.000000000194503
1.000000000126585
1.000000000082028
1.000000000052926
1.000000000034002
1.00000000002175
1.000000000013853
1.000000000008786
1.000000000005548
1.000000000003489
1.000000000002184
1.000000000001362
1.000000000000845
1.000000000000522
1.000000000000321
1.000000000000197
1.00000000000012
1.000000000000073
1.000000000000044
1.000000000000026
1.000000000000015
1.000000000000008
1.000000000000004
1.000000000000001
1
1
1
1
1
1
1
1
1
1
1
1
1
1
1
1
1
1
1
1
1
1
1.000000000000001
1.000000000000004
1.000000000000008
1.000000000000018
1.000000000000036
1.000000000000071
1.000000000000141
1.000000000000276
1.000000000000533
1.000000000001019
1.000000000001921
1.00000000000358
1.000000000006591
1.000000000011986
1.000000000021537
1.000000000038237
1.000000000067076
1.000000000116277
1.0000000001992
1.000000000337293
1.000000000564539
1.000000000934132
1.000000001528324
1.00000000247279
1.000000003957335
1.000000006265396
1.000000009815641
1.000000015220001
1.000000023363899
1.000000035516184
1.000000053478565
1.000000079787262
1.000000117983301
1.000000172972627
1.000000251503157
1.000000362793432
1.00000051935684
1.00000073807692
1.000001041603288
1.000001460154636
1.000002033835427
1.000002815596482
1.000003874997064
1.000005302957254
1.000007217724496
1.000009772316896
1.000013163747902
1.000017644381526
1.00002353581335
1.000031245718641
1.00004128815293
1.000045528296949
1.000059613300993
1.00007770472212
1.000100834192087
1.00013026710978
1.000167546741306
1.000214544338669
1.00027351552835
1.000347163074763
1.000438705930965
1.000551954245787
1.000691389699463
1.000862250187614
1.001070617467009
1.001323505919979
1.001628950094992
1.001996088150301
1.002435237781462
1.002957960672201
1.003577110996612
1.004306863048062
1.005162712709477
1.006161447246543
1.007321077836952
1.008660729382203
1.010200482518439
1.011961163379751
1.013964077594747
1.016230686228991
1.01878222292397
1.021639253315423
1.024821179911648
1.02834569792999
1.032228210063606
1.036481210699626
1.041113652637195
1.046130311749504
1.05153116717809
1.057310816416441
1.063457945910125
1.069954878456971
1.076777218632451
1.083893616612726
1.091265669069395
1.098847973247625
1.106588346933176
1.114428222824514
1.122303220956177
1.130143897411402
1.137876661794639
1.145424850017587
1.152709933117258
1.159652837315285
1.166175345588961
1.172201546889783
1.177659296024561
1.182481645282361
1.186608208276913
1.189986417254384
1.19257263730641
1.194333104481712
1.195244659597894
1.195295255451724
1.19448422189322
1.192822280607037
1.190331309145073
1.187043861472794
1.183002459723228
1.17825867870573
1.17287205072788
1.166908823234982
1.160440605479419
1.153542942786159
1.146293857927038
1.138772398663906
1.131057228738086
1.123225296594213
1.11535061210056
1.107503156671745
1.099747946744621
1.092144264748317
1.084745065789333
1.077596562476018
1.070737984846157
1.064201507419768
1.058012331123612
1.052188904331644
1.046743264602272
1.041681480893596
1.037004175087889
1.032707101508669
1.028781763691085
1.02521604887044
1.02199486237033
1.01910074617874
1.016514468373054
1.014215572573033
1.012182879152792
1.010394932430233
1.008830390392095
1.007468355639225
1.006288648101833
1.00527202164807
1.004400327977121
1.003656632150551
1.003025284785492
1.002491956333055
1.002043639024569
1.001668622021537
1.001356445089368
1.001097835767182
1.000884634562418
1.000709712192757
1.000566882358735
1.000450812983852
1.00035693832572
1.000281373858302
1.000220835363312
1.000172563256381
1.000134252814886
1.000103990670747
1.000080197681887
1.000061578097514
1.000047074780487
1.000035830139781
1.000027152351708
1.0000204864045
1.000015389481447
1.000011510197961
1.000008571222839
1.00000635483967
1.000004691037112
1.000003447753822
1.00000252294275
1.000001838158588
1.000001333409886
1.000000963052936
1.000000692537251
1.000000495841999
1.000000353469043
1.000000250881179
1.000000177294039
1.000000124747047
1.000000087393121
1.000000060958716
1.000000042335698
1.000000029274586
1.000000020155274
1.000000013816605
1.000000009430386
1.000000006408758
1.000000004336461
1.000000002921561
1.000000001959806
1.000000001308974
1.000000000870501
1.000000000576407
1.000000000380024
1.000000000249468
1.000000000163059
1.00000000010612
1.000000000068767
1.00000000004437
1.000000000028505
1.000000000018234
1.000000000011614
1.000000000007365
1.000000000004651
1.000000000002925
1.000000000001831
1.000000000001142
1.000000000000708
1.000000000000437
1.000000000000269
1.000000000000165
1.0000000000001
1.000000000000061
1.000000000000036
1.000000000000022
1.000000000000012
1.000000000000007
1.000000000000003
1
1
1
1
1
1
1
1
1
1
1
1
1
1
1
1
1
1
1
1
1
1
1
1.000000000000001
1.000000000000003
1.000000000000007
1.000000000000015
1.00000000000003
1.00000000000006
1.000000000000118
1.000000000000231
1.000000000000447
1.000000000000854
1.000000000001611
1.000000000003002
1.000000000005525
1.000000000010048
1.000000000018055
1.000000000032054
1.000000000056231
1.000000000097477
1.000000000166994
1.000000000282759
1.000000000473265
1.000000000783104
1.000000001281231
1.000000002073004
1.000000003317541
1.000000005252458
1.000000008228737
1.000000012759382
1.000000019586675
1.000000029774334
1.000000044832798
1.000000066888268
1.000000098909317
1.000000145008775
1.000000210843667
1.000000304142233
1.000000435394908
1.000000618755788
1.000000873212886
1.000001224099662
1.000001705037187
1.000002360416127
1.000003248550635
1.000004445662462
1.000006050882929
1.000008192492948
1.000011035656425
1.000014791939784
1.000019730948967
1.00002619445386
1.000034613407075
1.000038000409669
1.000049756532377
1.000064856634024
1.000084161772395
1.000108728120534
1.000139843775195
1.000179070588735
1.00022829123424
1.000289761591479
1.000366168380566
1.000460691767189
1.000577072415313
1.000719682169261
1.000893597207877
1.001104672132372
1.001359613032682
1.001666047134313
1.002032586171772
1.002468880182943
1.002985657991792
1.003594750269018
1.004309090759238
1.005142691068653
1.006110584350101
1.007228733333684
1.008513898459985
1.009983462404512
1.011655208056054
1.013547048039749
1.015676705159431
1.018061344663056
1.02071716098593
1.023658923560866
1.026899488349226
1.030449283874383
1.034315782648634
1.038502970884054
1.043010831167526
1.047834854256386
1.052965597211358
1.058388305631209
1.064082617704835
1.070022367084796
1.076175500168686
1.082504121236075
1.088964676045735
1.095508281001238
1.102081200928233
1.108625473992687
1.115079677475685
1.121379823181635
1.12746036638647
1.133255307634037
1.138699362566718
1.143729171525302
1.148284518048369
1.152309523789076
1.155753786855079
1.158573431228564
1.160732036751267
1.162201422125256
1.1629622573935
1.163004487285984
1.162327552465266
1.160940401863598
1.158861295730957
1.156117405455685
1.152744222422156
1.148784793889883
1.144288808895856
1.139311561310168
1.133912820269721
1.128155640179616
1.122105143261697
1.115827307252004
1.109387789360974
1.102850815115164
1.096278157338949
1.089728226481372
1.083255288940226
1.076908825186207
1.070733034548761
1.064766488687124
1.059041931212291
1.053586216801126
1.048420379575144
1.043559817593313
1.039014578085241
1.034789726548954
1.030885782044666
1.027299200892444
1.024022891463612
1.021046743760723
1.018358158913754
1.015942565478699
1.013783911405022
1.011865122640207
1.010168521469657
1.008676199766317
1.007370344277301
1.006233512849577
1.005248862053596
1.004400327977121
1.003672763019724
1.003052032321824
1.002525074021254
1.002079927863998
1.001705736828663
1.001392726385255
1.00113216582867
1.000916315837072
1.000738366035092
1.000592365919254
1.000473152053063
1.00037627398297
1.000297920881364
1.000234850502455
1.00018432165137
1.000144031022481
1.00011205496359
1.00008679646921
1.00006693749785
1.000051396542464
1.000039291256501
1.000029905845918
1.000022662875497
1.000017099101005
1.000012844922569
1.000009607054744
1.000007154021237
1.000005304103636
1.000003915400882
1.000002877687129
1.00000210578816
1.000001534229105
1.000001112937725
1.000000803817217
1.000000578029804
1.000000413857042
1.000000295024693
1.000000209399194
1.000000147979309
1.000000104120698
1.00000007294306
1.000000050879457
1.000000035335669
1.000000024434152
1.000000016822678
1.000000011532081
1.000000007871106
1.000000005349092
1.000000003619441
1.000000002438489
1.000000001635758
1.000000001092539
1.000000000726566
1.000000000481099
1.000000000317188
1.000000000208219
1.000000000136098
1.000000000088574
1.000000000057396
1.000000000037033
1.000000000023792
1.000000000015219
1.000000000009694
1.000000000006148
1.000000000003882
1.000000000002441
1.000000000001528
1.000000000000953
1.000000000000591
1.000000000000365
1.000000000000225
1.000000000000137
1.000000000000084
1.00000000000005
1.00000000000003
1.000000000000018
1.00000000000001
1.000000000000005
1.000000000000002
1
1
1
1
1
1
1
1
1
1
1
1
1
1
1
1
1
1
1
1
1
1
1
1.000000000000001
1.000000000000003
1.000000000000006
1.000000000000012
1.000000000000025
1.00000000000005
1.000000000000099
1.000000000000193
1.000000000000373
1.000000000000713
1.000000000001345
1.000000000002505
1.000000000004612
1.000000000008387
1.00000000001507
1.000000000026754
1.000000000046933
1.000000000081358
1.000000000139379
1.000000000236001
1.000000000395005
1.00000000065361
1.000000001069369
1.000000001730218
1.000000002768965
1.000000004383937
1.000000006868082
1.000000010649577
1.000000016347971
1.000000024851099
1.00000003741965
1.000000055828268
1.000000082554677
1.000000121031666
1.000000175980892
1.000000253852759
1.00000036340315
1.000000516445838
1.000000728829251
1.000001021698073
1.000001423114286
1.000001970128768
1.000002711413713
1.000003710587986
1.000005050392055
1.000006837896258
1.000009210955539
1.000012346154981
1.000016468522693
1.000021863318865
1.000028890240596
1.000031577915454
1.000041347128096
1.000053895153195
1.000069937521389
1.000090351902274
1.000116208691899
1.000148805774699
1.000189707634191
1.000240788885244
1.000304282167145
1.000382830167992
1.000479541344907
1.000598048660222
1.00074257037196
1.000917971600183
1.001129825044505
1.001384468860011
1.001689059320033
1.002051615518808
1.002481053012252
1.002987202981161
1.003580813250991
1.004273527340626
1.005077837665145
1.006007009110071
1.007074969451228
1.008296163536081
1.009685368785695
1.011257470430779
1.013027195962085
1.015008809546229
1.017215768612965
1.019660346427467
1.022353226176977
1.025303073869228
1.028516099092951
1.031995614352406
1.035741605175031
1.039750324418111
1.044013925081328
1.04852014638731
1.053252067851735
1.058187945473207
1.063301142995016
1.068560169413737
1.073928831547068
1.079366507567673
1.084828544031951
1.090266775181601
1.095630159295659
1.100865522766694
1.105918398527641
1.110733941634586
1.115257901385328
1.119437626485761
1.123223077611609
1.126567820373202
1.129429971265337
1.131773069725489
1.133566850942598
1.134787896523276
1.135420143457285
1.135455235914013
1.134892709095271
1.133739999487104
1.132012281194346
1.129732133395109
1.126929049106839
1.123638800208835
1.119902677835491
1.115766630685089
1.11128032636068
1.106496162492284
1.101468255046061
1.096251430912187
1.090900250626755
1.085468085009615
1.0800062667077
1.07456333426513
1.069184382557822
1.063910529400644
1.058778504029062
1.053820359136791
1.049063304363496
1.04452965569915
1.040236892306134
1.036197809831001
1.032420757430556
1.02890994448864
1.025665802341175
1.022685386224393
1.019962803061688
1.01748965153964
1.015255462114439
1.013248126051217
1.011454304244462
1.009859808314162
1.008449948242411
1.007209842540429
1.006124688558766
1.005179992028336
1.004361756213589
1.003656632150551
1.003052032321824
1.002536210788268
1.002098313261684
1.0017284008801
1.001417451557719
1.001157342749172
1.000940819318025
1.000761449958283
1.000613575309992
1.000492250558905
1.000393184936279
1.000312680155716
1.000247569454159
1.000195158554884
1.000153169549934
1.000119688413339
1.000093116607687
1.000072127036016
1.000055624417915
1.000042710030946
1.000032650653232
1.000024851466517
1.000018832627464
1.000014209184405
1.000010674003277
1.000007983366606
1.000005944919759
1.000004407656441
1.00000325365821
1.000002391328432
1.000001749888144
1.000001274928355
1.000000924839517
1.000000667963554
1.000000480336557
1.000000343910711
1.000000245162286
1.00000017400841
1.000000122969148
1.00000008652312
1.000000060614846
1.000000042280238
1.000000029363525
1.000000020304489
1.000000013979442
1.000000009583019
1.000000006540791
1.000000004445028
1.000000003007709
1.000000002026353
1.000000001359293
1.000000000907885
1.000000000603767
1.000000000399787
1.000000000263579
1.000000000173028
1.000000000113095
1.000000000073604
1.000000000047696
1.000000000030774
1.000000000019771
1.000000000012647
1.000000000008056
1.000000000005109
1.000000000003226
1.000000000002028
1.00000000000127
1.000000000000792
1.000000000000491
1.000000000000304
1.000000000000187
1.000000000000114
1.000000000000069
1.000000000000042
1.000000000000025
1.000000000000015
1.000000000000008
1.000000000000004
1.000000000000001
1
1
1
1
1
1
1
1
1
1
1
1
1
1
1
1
1
1
1
1
1
1
1
1
1.000000000000002
1.000000000000005
1.00000000000001
1.000000000000021
1.000000000000042
1.000000000000082
1.000000000000161
1.00000000000031
1.000000000000592
1.000000000001118
1.000000000002082
1.000000000003832
1.000000000006969
1.000000000012522
1.000000000022232
1.000000000038999
1.000000000067606
1.00000000011582
1.00000000019611
1.000000000328238
1.000000000543133
1.000000000888619
1.000000001437769
1.000000002300947
1.000000003642958
1.000000005707236
1.000000008849592
1.00000001358486
1.00000002065082
1.000000031095089
1.000000046392368
1.000000068601619
1.000000100575443
1.000000146237479
1.000000210947934
1.000000301982841
1.000000429159307
1.000000605647188
1.000000849017474
1.000001182589353
1.00000163715169
1.000002253150539
1.000003083452482
1.000004196813957
1.000005682209273
1.000007654194439
1.000010259509819
1.000013685151456
1.000018168167661
1.000024007463096
1.000026125664236
1.000034208127361
1.000044589615358
1.000057862116238
1.000074751762327
1.000096144136591
1.000123113032645
1.000156952812684
1.000199214423562
1.000251745020752
1.000316731010327
1.000396744148645
1.000494790137284
1.000614358917583
1.000759475607083
1.00093475073371
1.001145428118967
1.001397428448084
1.001697386254427
1.002052677751935
1.002471436689652
1.002962555195438
1.003535666442128
1.004201105930204
1.004969848257541
1.005853416459114
1.006863761365058
1.008013108957639
1.009313774414535
1.010777942408435
1.012417414284344
1.014243323939753
1.016265825562768
1.018493757802902
1.020934290411951
1.023592560842699
1.026471309667857
1.029570524912093
1.032887106404931
1.036414561991236
1.040142747812548
1.044057664839083
1.048141323342863
1.052371686027844
1.056722699062521
1.061164418305868
1.065663235613538
1.070182207316587
1.074681483861585
1.079118836291485
1.083450271851156
1.08763072765313
1.09161482817766
1.095357689547148
1.098815751142368
1.101947613337152
1.104714859019622
1.10708283621599
1.10902137958067
1.110505449773159
1.111515671781227
1.112038756009161
1.112067789333519
1.111602387212043
1.110648702165255
1.10921928836903
1.107332826525666
1.105013717445407
1.102291556702958
1.099200506183013
1.095778581167097
1.092066873741645
1.088108734658108
1.083948936318889
1.079632839303261
1.075205583824412
1.07071132579342
1.066192534855644
1.061689368978399
1.057239137038405
1.052875857523627
1.048629918066969
1.04452783720299
1.040592126605311
1.036841249226704
1.033289666310359
1.029947964231075
1.026823050596797
1.023918408008185
1.021234393328817
1.018768570233718
1.016516063135271
1.014469921276477
1.01262148276664
1.010960729543532
1.009476625607613
1.008157432318805
1.006990996010806
1.005965004605251
1.005067211250673
1.004285624231427
1.003608663462048
1.003025284785492
1.002525074021254
1.002098313261684
1.00173602229924
1.0014299782968
1.001172716904548
1.00095751800014
1.000778379104984
1.000629979329937
1.000507636449179
1.00040725941052
1.000325298281041
1.000258693313329
1.000204824511528
1.000161462787552
1.000126723532667
1.000099023192978
1.000077039231511
1.000059673685367
1.000046020383206
1.000035335774342
1.000027013233646
1.000020560643106
1.00001558100828
1.000011755842578
1.000008831041175
1.000006604966445
1.000004918475386
1.000003646634206
1.000002691884076
1.000001978443297
1.000001447753497
1.000001054799865
1.0000007651571
1.000000552633169
1.000000397401741
1.000000284531116
1.000000202832557
1.00000014396409
1.000000101737259
1.000000071584001
1.000000050149052
1.000000034980102
1.000000024293593
1.000000016798696
1.000000011565735
1.000000007928401
1.000000005411448
1.000000003677542
1.000000002488392
1.000000001676479
1.000000001124595
1.000000000751128
1.000000000499519
1.000000000330759
1.000000000218068
1.000000000143152
1.000000000093568
1.000000000060895
1.00000000003946
1.000000000025461
1.000000000016357
1.000000000010463
1.000000000006665
1.000000000004227
1.000000000002669
1.000000000001678
1.00000000000105
1.000000000000655
1.000000000000406
1.000000000000251
1.000000000000154
1.000000000000095
1.000000000000057
1.000000000000034
1.00000000000002
1.000000000000012
1.000000000000006
1.000000000000003
1
1
1
1
1
1
1
1
1
1
1
1
1
1
1
1
1
1
1
1
1
1
1
1
1
1.000000000000002
1.000000000000004
1.000000000000008
1.000000000000017
1.000000000000034
1.000000000000068
1.000000000000133
1.000000000000257
1.00000000000049
1.000000000000924
1.000000000001722
1.00000000000317
1.000000000005766
1.00000000001036
1.000000000018393
1.000000000032265
1.000000000055931
1.00000000009582
1.000000000162246
1.000000000271559
1.000000000449347
1.000000000735177
1.000000001189505
1.000000001903638
1.000000003013925
1.000000004721769
1.000000007321544
1.00000001123919
1.000000017085102
1.00000002572601
1.000000038381993
1.000000056756505
1.000000083209614
1.000000120987496
1.000000174524858
1.000000249841445
1.000000355059332
1.000000501074458
1.000000702423995
1.00000097840083
1.000001354477812
1.000001864117575
1.000002551058758
1.000003472186321
1.000004701112298
1.000006332613501
1.000008488094185
1.000011322263779
1.000015031242017
1.000019862324943
1.000021519904365
1.000028177494061
1.000036728810187
1.00004766147861
1.000061573621144
1.000079194700619
1.00010140921078
1.000129283329847
1.000164094587316
1.000207364502615
1.000260894039223
1.00032680157744
1.000407562942542
1.000506052832897
1.000625586776838
1.000769962511075
1.000943499422569
1.001151074437718
1.001398152486795
1.001690809429815
1.002035745116081
1.002440284079165
1.002912361258848
1.003460490109276
1.004093710515551
1.004821514115941
1.005653744927892
1.00660047361442
1.007671844309689
1.008877893649572
1.010228342519059
1.0117323620199
1.013398316257373
1.015233485714416
1.017243776186199
1.019433419442877
1.021804672920571
1.024357526754162
1.027089427301511
1.029995026909078
1.033065969979184
1.036290725371495
1.039654474768316
1.043139065830438
1.046723037759123
1.05038172526979
1.054087445002784
1.057809766094648
1.061515864077021
1.065170954544178
1.068738800233423
1.072182282404403
1.075464024799337
1.078547056131715
1.081395495096671
1.083975240421147
1.086254647558846
1.088205173344971
1.089801970294509
1.09102441326304
1.091856542868621
1.092287412346098
1.092311327292398
1.091927970959969
1.091142411243011
1.089964989140952
1.088411092131991
1.086500819402189
1.084258549114911
1.08171242074678
1.078893747854214
1.075836378387178
1.072576020779482
1.069149554492272
1.065594343473425
1.061947570152989
1.058245606181755
1.054523434217125
1.05081413276499
1.04714843350787
1.043554357803391
1.040056936238923
1.036678012388287
1.033436129335376
1.030346495193726
1.027421021830121
1.024668429344872
1.022094407602511
1.019701825255962
1.017490976258252
1.015459853785915
1.01360444177115
1.011919014808933
1.010396438016706
1.009028459420133
1.007805988559891
1.006719356204671
1.00575855126188
1.004913432153224
1.004173911028293
1.003530110194405
1.002972491022545
1.002491956333055
1.002079927863998
1.0017284008801
1.0014299782968
1.001177886882894
1.00096597818054
1.00078871675931
1.000641158318926
1.000518919990994
1.000418144980338
1.000335463447284
1.0002679512774
1.000213088126852
1.000168715879477
1.000132998413671
1.000104383358851
1.000081566326257
1.000063457929322
1.000049153765347
1.000037907412215
1.000029106400034
1.000022251045831
1.000016935987262
1.000012834216193
1.000009683392173
1.000007274206633
1.000005440568745
1.000004051390912
1.000003003763994
1.000002217327868
1.000001629660441
1.000001192526641
1.000000868847352
1.000000630266139
1.000000455208386
1.000000327342966
1.000000234370503
1.000000167074737
1.00000011858431
1.000000083801736
1.000000058964264
1.000000041308133
1.000000028813355
1.000000020010799
1.000000013837198
1.000000009526771
1.000000006530674
1.000000004457443
1.000000003029213
1.000000002049703
1.000000001380925
1.000000000926335
1.000000000618708
1.000000000411456
1.000000000272447
1.000000000179624
1.000000000117915
1.000000000077072
1.000000000050159
1.000000000032504
1.000000000020972
1.000000000013473
1.000000000008619
1.000000000005489
1.000000000003481
1.000000000002199
1.000000000001382
1.000000000000865
1.00000000000054
1.000000000000335
1.000000000000207
1.000000000000127
1.000000000000078
1.000000000000047
1.000000000000029
1.000000000000016
1.000000000000009
1.000000000000004
1.000000000000002
1
1
1
1
1
1
1
1
1
1
1
1
1
1
1
1
1
1
1
1
1
1
1
1
1
1.000000000000001
1.000000000000003
1.000000000000007
1.000000000000014
1.000000000000028
1.000000000000056
1.000000000000109
1.000000000000212
1.000000000000404
1.000000000000761
1.000000000001418
1.000000000002611
1.000000000004749
1.000000000008534
1.00000000001515
1.000000000026576
1.00000000004607
1.000000000078926
1.00000000013364
1.00000000022368
1.000000000370123
1.00000000060556
1.000000000979788
1.000000001568018
1.00000000248256
1.00000000388931
1.000000006030745
1.000000009257716
1.000000014073004
1.000000021190542
1.000000031615314
1.000000046750465
1.000000068539996
1.000000099657803
1.000000143756783
1.000000205795437
1.000000292463975
1.000000412737456
1.000000578590251
1.000000805914052
1.000001115691034
1.000001535484623
1.000002101322672
1.000002860061775
1.000003872336751
1.000005216216037
1.000006991701323
1.000009326228068
1.000012381341771
1.000016360742319
1.000017648299402
1.000023108138749
1.000030121009962
1.000039086811868
1.000050496060362
1.000064946983325
1.000083164948591
1.000106024322378
1.000134572798878
1.000170058167041
1.000213957386312
1.000268007727901
1.000334239601662
1.000415010531076
1.00051303956187
1.000631441196235
1.000773757738911
1.000943988729725
1.001146615927322
1.00138662211056
1.001669501788581
1.002001261770769
1.002388409457398
1.002837926685298
1.003357227014544
1.003954094485588
1.004636602123191
1.005413008822954
1.006291633733794
1.00728070784588
1.00838820320379
1.009621640977834
1.01098788052488
1.012492892528967
1.014141520300146
1.01593723428964
1.017881885808077
1.019975466764722
1.022215882931239
1.024598748725909
1.027117211768623
1.02976181543435
1.032520407302205
1.035378100738916
1.03831729586216
1.041317764808912
1.04435680460997
1.047409459084047
1.05044880906836
1.053446328067035
1.05637229810494
1.059196278312704
1.061887616632999
1.064415993123794
1.066751981731461
1.068867616196968
1.070736945009514
1.072336560084128
1.073646084142218
1.074648602622992
1.075331027331093
1.075684380889722
1.075703993354256
1.075389604964567
1.074745371874283
1.073779774680229
1.072505432567293
1.070938828764659
1.069099955665928
1.067011890295779
1.064700312723178
1.062192981458379
1.059519180783479
1.056709155333131
1.053793547066603
1.050802849081303
1.047766889559164
1.044714357576605
1.041672380626362
1.038666161584876
1.035718680606812
1.032850465133444
1.030079428954665
1.027420779147656
1.024886987799672
1.02248782376502
1.020230438348716
1.018119497776845
1.016157354616047
1.014344249936326
1.012678537954032
1.011156925115677
1.009774716050018
1.00852605948125
1.007404188012876
1.006401646611531
1.005510505596128
1.004722554926971
1.004029477553663
1.003423000487638
1.002895023089384
1.002437722783487
1.002043639024568
1.001705736828663
1.001417451557719
1.001172716904548
1.00096597818054
1.000792193070164
1.000646821998186
1.000525810171869
1.000425563225586
1.000342918223393
1.000275111578806
1.000219745242108
1.000174752293579
1.000138362874378
1.000109071191591
1.000085604154928
1.000066892042591
1.000052041454879
1.000040310696315
1.000031087630409
1.000023869974136
1.00001824794038
1.000013889093839
1.000010525257058
1.000007941286172
1.000005965528461
1.000004461773827
1.000003322518115
1.000002463366161
1.000001818415119
1.000001336473012
1.000000977982557
1.000000712535403
1.000000516876616
1.000000373312993
1.00000026845148
1.000000192205441
1.000000137016681
1.000000097250047
1.000000068725124
1.000000048356106
1.000000033876452
1.000000023629585
1.000000016410681
1.000000011347763
1.000000007812818
1.000000005355745
1.000000003655507
1.000000002484228
1.000000001680941
1.000000001132483
1.000000000759678
1.000000000507396
1.000000000337431
1.000000000223431
1.000000000147307
1.000000000096701
1.000000000063206
1.000000000041135
1.000000000026656
1.000000000017199
1.000000000011049
1.000000000007068
1.000000000004502
1.000000000002855
1.000000000001803
1.000000000001134
1.00000000000071
1.000000000000442
1.000000000000275
1.00000000000017
1.000000000000104
1.000000000000064
1.000000000000039
1.000000000000023
1.000000000000014
1.000000000000007
1.000000000000003
1.000000000000001
1
1
1
1
1
1
1
1
1
1
1
1
1
1
1
1
1
1
1
1
1
1
1
1
1
1.000000000000001
1.000000000000003
1.000000000000006
1.000000000000012
1.000000000000023
1.000000000000046
1.00000000000009
1.000000000000174
1.000000000000331
1.000000000000624
1.000000000001164
1.000000000002141
1.000000000003895
1.000000000006998
1.000000000012424
1.000000000021794
1.00000000003778
1.000000000064725
1.000000000109594
1.000000000183434
1.000000000303529
1.000000000496605
1.000000000803503
1.000000001285899
1.000000002035899
1.000000003189552
1.00000000494571
1.000000007592102
1.000000011541053
1.000000017378052
1.000000025927275
1.000000038339429
1.000000056208769
1.000000081728132
1.000000117893224
1.000000168770469
1.000000239846447
1.000000338481527
1.000000474495789
1.000000660921878
1.000000914967105
1.000001259236016
1.000001723274774
1.000002345510111
1.000003175668189
1.000004277772359
1.000005733833284
1.00000764835988
1.000010153834484
1.000013417309979
1.000014409713488
1.000018867637612
1.000024593603263
1.000031914125732
1.000041229708714
1.000053028802233
1.0000679036655
1.000086568214227
1.000109877885639
1.000138851493443
1.000174694968051
1.000218826783302
1.000272904759481
1.000338853803758
1.000418894004693
1.000515568339396
1.000631769083982
1.000770761845129
1.0009362059592
1.001132169843522
1.001363139741119
1.001634020186092
1.00195012444299
1.002317153151908
1.002741159453246
1.003228498983163
1.00378576333237
1.004419695854408
1.005137089099446
1.005944663636444
1.006848928606391
1.007856025013334
1.00897155349341
1.0102003890851
1.011546486330731
1.013012678839134
1.014600478197629
1.01630987780014
1.018139167718035
1.020084767142349
1.022141081133722
1.024300388397943
1.026552766535068
1.028886060672556
1.031285900581811
1.033735770299502
1.036217132949033
1.038709611916184
1.041191227821201
1.043638688904238
1.046027730568254
1.048333497976673
1.050530963859354
1.052595372117323
1.054502696508038
1.056230102705279
1.057756401416301
1.059062480044698
1.0601317006344
1.060950252523339
1.061507449260056
1.061795960858304
1.061811974331107
1.061555277587478
1.061029264110252
1.060240858270709
1.059200363578624
1.057921238518465
1.056419806791521
1.054714910686315
1.052827517865143
1.05078029302808
1.048597146660877
1.046302773372679
1.043922192186263
1.041480300579275
1.039001453128803
1.03650907433737
1.034025313681442
1.031570749196947
1.029164144077512
1.026822258887346
1.024559720156102
1.022388944394707
1.020320115007132
1.01836120821981
1.016518063041933
1.014794489426882
1.013192408235449
1.011712016300837
1.010351969848628
1.009109579707629
1.007981012128628
1.006961489571408
1.006045486487197
1.005226915874682
1.004499303184702
1.003855944956442
1.003290050355238
1.002794864522631
1.002363773322332
1.001990389656094
1.001668622021537
1.001392726385255
1.001157342749172
1.00095751800014
1.00078871675931
1.000646821998186
1.000528127173515
1.000429321564817
1.000347470388334
1.000279991120753
1.000224627305857
1.000179420946599
1.000142684412135
1.000112972620531
1.000089056098538
1.000069895373577
1.000054617022563
1.000042491588628
1.000032913480742
1.000025382892219
1.000019489711241
1.000014899348497
1.000011340372085
1.00000859381635
1.000006484017326
1.000004870821374
1.00000364301359
1.000002712817347
1.000002011324399
1.000001484725392
1.000001091222331
1.000000798516891
1.000000581780807
1.000000422026545
1.000000304807695
1.000000219188901
1.000000156934478
1.000000111873201
1.000000079403997
1.000000056113583
1.000000039482415
1.000000027659876
1.00000001929338
1.000000013399196
1.000000009265359
1.000000006379104
1.000000004372922
1.00000000298469
1.000000002028351
1.000000001372474
1.000000000924662
1.00000000062027
1.000000000414284
1.000000000275509
1.000000000182429
1.000000000120275
1.000000000078955
1.000000000051607
1.000000000033586
1.000000000021764
1.000000000014043
1.000000000009022
1.000000000005771
1.000000000003676
1.000000000002331
1.000000000001472
1.000000000000925
1.000000000000579
1.000000000000361
1.000000000000224
1.000000000000139
1.000000000000085
1.000000000000052
1.000000000000032
1.000000000000018
1.000000000000011
1.000000000000005
1.000000000000002
1
1
1
1
1
1
1
1
1
1
1
1
1
1
1
1
1
1
1
1
1
1
1
1
1
1
1
1.000000000000002
1.000000000000005
1.00000000000001
1.000000000000019
1.000000000000038
1.000000000000073
1.000000000000142
1.00000000000027
1.00000000000051
1.00000000000095
1.000000000001748
1.00000000000318
1.000000000005714
1.000000000010143
1.000000000017794
1.000000000030846
1.000000000052846
1.000000000089481
1.000000000149769
1.000000000247824
1.000000000405467
1.000000000656043
1.000000001049911
1.000000001662274
1.000000002604214
1.000000004038091
1.000000006198834
1.000000009423101
1.000000014188939
1.00000002116928
1.000000031303665
1.000000045893791
1.000000066730089
1.000000096258529
1.000000137799315
1.000000195832195
1.000000276366856
1.000000387421321
1.000000539636651
1.000000747062495
1.00000102815531
1.000001407039342
1.000001915089766
1.00000259290768
1.000003492767751
1.000004681631189
1.000006244828905
1.000008290531957
1.000010955138075
1.000011713811245
1.000015337708595
1.000019992412111
1.000025943350169
1.000033516097285
1.000043107720704
1.00005519967553
1.000070372313055
1.000089321029296
1.000112874031208
1.000142011635431
1.000177886938036
1.000221847603064
1.000275458413122
1.000340524107802
1.000419111907214
1.000513572981428
1.00062656198606
1.000761053645018
1.000920355229771
1.00110811366808
1.00132831592232
1.001585281217516
1.001883643681665
1.002228323995172
1.002624488741471
1.003077496314764
1.00359282847941
1.004176006992449
1.004832495096462
1.005567584161387
1.006386266293632
1.007293094327153
1.008292031247654
1.009386291756919
1.010578179334559
1.011868922770816
1.013258516695769
1.014745571085326
1.016327175051242
1.017998780391226
1.019754110360184
1.021585098904257
1.023481865162315
1.025432727380288
1.027424259507335
1.029441392664973
1.031467562427268
1.033484901458716
1.035474475572545
1.037416559749777
1.039290949158068
1.041077298791849
1.042755484084607
1.044305973780326
1.04571020554818
1.046950954327542
1.048012683232502
1.048881867045835
1.049547278895862
1.050000231623873
1.050234766586955
1.050247784158204
1.050039111927432
1.049611508503773
1.048970602802883
1.048124770687318
1.047084952740738
1.045864418719817
1.044478485774395
1.04294419879897
1.041279982232643
1.039505273230242
1.03764014637089
1.035704939953803
1.033719893472463
1.031704805089176
1.029678716896159
1.027659634499874
1.025664286061743
1.023707924433608
1.021804174503075
1.019964926372516
1.018200273590516
1.016518494383135
1.014926072732259
1.013427755247253
1.012026639090815
1.010724285756937
1.009520855254439
1.0084152552115
1.007405299565159
1.006487871809564
1.005659088218419
1.004914456999155
1.004249029946819
1.003657543813533
1.003134549265987
1.002674525943431
1.002271982730594
1.001921542907097
1.001618014314796
1.001356445089368
1.00113216582867
1.000940819318025
1.000778379104984
1.000641158318926
1.000525810171869
1.000429321564817
1.000349001168447
1.000282463257474
1.000227608463886
1.000182602484017
1.000145853635699
1.000115990021102
1.000091836913685
1.000072394858122
1.000056818853197
1.000044398881574
1.000034541957996
1.000026755789418
1.000020634076313
1.00001584343332
1.00001211186834
1.000009218730781
1.000006986020564
1.000005270938134
1.000003959550754
1.000002961450372
1.000002205282219
1.000001635029887
1.000001206951056
1.000000887067596
1.000000649123783
1.000000472936405
1.000000343070253
1.000000247781659
1.000000178181136
1.000000127573791
1.000000090942959
1.000000064548374
1.000000045615334
1.000000032095673
1.000000022485001
1.000000015683786
1.000000010892342
1.000000007531902
1.000000005185635
1.00000000355479
1.000000002426283
1.000000001648865
1.000000001115696
1.000000000751666
1.000000000504223
1.000000000336775
1.000000000223964
1.000000000148298
1.000000000097773
1.000000000064183
1.000000000041952
1.000000000027303
1.000000000017693
1.000000000011416
1.000000000007334
1.000000000004691
1.000000000002988
1.000000000001895
1.000000000001197
1.000000000000752
1.000000000000471
1.000000000000294
1.000000000000182
1.000000000000113
1.000000000000069
1.000000000000042
1.000000000000025
1.000000000000015
1.000000000000008
1.000000000000004
1.000000000000001
1
1
1
1
1
1
1
1
1
1
1
1
1
1
1
1
1
1
1
1
1
1
1
1
1
1
1
1.000000000000001
1.000000000000004
1.000000000000008
1.000000000000015
1.00000000000003
1.00000000000006
1.000000000000115
1.00000000000022
1.000000000000415
1.000000000000772
1.000000000001421
1.000000000002585
1.000000000004645
1.000000000008245
1.000000000014465
1.000000000025075
1.000000000042957
1.000000000072738
1.000000000121746
1.000000000201454
1.000000000329602
1.000000000533295
1.00000000085347
1.00000000135126
1.000000002116965
1.000000003282568
1.000000005039045
1.000000007660066
1.000000011534241
1.000000017208601
1.000000025446908
1.000000037307322
1.000000054245302
1.0000000782492
1.000000112018041
1.000000159193458
1.000000224660787
1.000000314937961
1.000000438675211
1.000000607293647
1.000000835796724
1.00000114379531
1.000001556794639
1.000002107799803
1.000002839305486
1.000003805745238
1.000005076485568
1.000006739460025
1.000008905547974
1.000009480515136
1.000012413500904
1.000016180765851
1.000020997133612
1.000027126106945
1.00003488905107
1.000044675630323
1.000056955550434
1.00007229162833
1.000091354171175
1.000114936595785
1.000143972157652
1.000179551585459
1.000222941332377
1.000275602060296
1.000339206869222
1.000415658673534
1.00050710601309
1.00061595647445
1.00074488679096
1.000896848596204
1.001075068730202
1.001283042949204
1.001524521875664
1.001803488052773
1.002124123044963
1.002490763658434
1.002907846548872
1.003379840740041
1.003911167897205
1.004506110580884
1.005168709143272
1.005902648412271
1.006711135823236
1.007596773189367
1.008561424827933
1.00960608525841
1.010730750135096
1.011934294445089
1.01321436226701
1.014567272522526
1.015987945140558
1.017469851876502
1.019004995675092
1.020583921931981
1.02219576429978
1.023828326811933
1.025468203083697
1.027100932223256
1.028711189885076
1.030283011665398
1.03180004482473
1.033245823174916
1.034604058939948
1.035858944538699
1.036995456587875
1.037999654021266
1.038858962093545
1.0395624341994
1.040100983894793
1.040467580247131
1.040657400642377
1.040667936405068
1.040499047996358
1.040152968091601
1.039634252442533
1.03894968003639
1.038108105611823
1.037120269018534
1.035998567159354
1.034756795283409
1.033409865171153
1.031973508242229
1.030463971814167
1.028897716645716
1.027291123527372
1.02566021605917
1.02402040591745
1.022386265901053
1.020771334911468
1.019187957811598
1.01764716187505
1.016158570330797
1.014730352370921
1.013369207960174
1.012080384895685
1.010867724835893
1.009733734463136
1.008679677569583
1.007705683658374
1.006810868621036
1.005993463172481
1.005250944975612
1.004580170745057
1.003977505058252
1.003438943096185
1.00296022506047
1.002536940544821
1.002164621656995
1.001838824174474
1.001555196459964
1.001309536251198
1.001097835767182
1.000916315837072
1.000761449958283
1.000629979329937
1.000518919990994
1.000425563225586
1.000347470388334
1.000282463257474
1.000228610951242
1.000184214350544
1.000147788865567
1.000118046271713
1.000093876226383
1.00007432796716
1.000058592587019
1.000045986186058
1.000035934113291
1.000027956437406
1.000021654722122
1.00001670012983
1.000012822835848
1.000009802703996
1.000007461151235
1.000005654113623
1.000004266016686
1.000003204649244
1.000002396839764
1.000001784837451
1.000001323305567
1.000000976841383
1.000000717944793
1.0000005253658
1.000000382769179
1.00000027766249
1.00000020054103
1.000000144210119
1.00000010325127
1.000000073604259
1.000000052241915
1.000000036918544
1.000000025976468
1.000000018198116
1.000000012693586
1.000000008815655
1.000000006095901
1.000000004196963
1.000000002877047
1.000000001963696
1.000000001334498
1.000000000902981
1.000000000608355
1.000000000408089
1.000000000272566
1.000000000181263
1.000000000120024
1.000000000079131
1.000000000051946
1.000000000033953
1.000000000022097
1.000000000014319
1.000000000009239
1.000000000005936
1.000000000003797
1.000000000002419
1.000000000001534
1.000000000000968
1.000000000000609
1.000000000000381
1.000000000000237
1.000000000000147
1.000000000000091
1.000000000000056
1.000000000000034
1.00000000000002
1.000000000000012
1.000000000000006
1.000000000000003
1
1
1
1
1
1
1
1
1
1
1
1
1
1
1
1
1
1
1
1
1
1
1
1
1
1
1
1
1.000000000000001
1.000000000000003
1.000000000000006
1.000000000000013
1.000000000000025
1.000000000000048
1.000000000000093
1.000000000000178
1.000000000000336
1.000000000000625
1.00000000000115
1.000000000002092
1.000000000003759
1.000000000006673
1.000000000011706
1.000000000020294
1.000000000034766
1.000000000058869
1.000000000098532
1.000000000163042
1.000000000266756
1.000000000431612
1.00000000069074
1.000000001093619
1.000000001713331
1.000000002656698
1.00000000407828
1.000000006199574
1.000000009335096
1.000000013927583
1.000000020595179
1.000000030194299
1.00000004390291
1.000000063330271
1.000000090660822
1.000000128841898
1.000000181827418
1.000000254892636
1.000000355038572
1.000000491508844
1.000000676446427
1.000000925723286
1.000001259981967
1.000001705935002
1.000002297975287
1.0000030801584
1.000004108625858
1.000005454546355
1.00000720765971
1.000007639359423
1.000010002749088
1.000013038398527
1.000016919412142
1.000021858119883
1.000028113477189
1.000035999474816
1.000045894600761
1.000058252371899
1.000073612920596
1.000092615580826
1.000116012368401
1.000144682190858
1.000179645554336
1.000222079458165
1.000273332084101
1.000334936798108
1.000408624890943
1.000496336392974
1.00060022821283
1.000722678773536
1.000866288259258
1.001033873546669
1.001228456883458
1.001453247398903
1.00171161459349
1.002007053061456
1.002343137855739
1.002723470111525
1.003151612802639
1.003631016812504
1.004164937853365
1.004756345156385
1.005407823270313
1.006121468734185
1.006898783813555
1.007740569891783
1.008646823467662
1.009616638007471
1.010648115112673
1.011738288574599
1.012883064877655
1.014077183569523
1.015314200631802
1.016586497554602
1.017885318247034
1.019200835212574
1.020522245601111
1.021837896841991
1.023135440594622
1.024402012760349
1.025624436320173
1.026789442838456
1.027883907644045
1.028895093006448
1.029810893101064
1.030620074233309
1.031312503688532
1.03187936070553
1.032313323438977
1.032608726372324
1.032761683449543
1.032770173183579
1.032634083134824
1.032355212390992
1.031937231971897
1.031385604377759
1.030707464746687
1.029911467236895
1.029007601257892
1.028006983004832
1.026921628372362
1.025764213719308
1.024547831114315
1.023285744616657
1.021991153847254
1.020676970603377
1.019355613594936
1.018038825565398
1.016737516145037
1.015461632809335
1.014220061321976
1.013020556069235
1.011869699776287
1.010772891266751
1.009734359209383
1.008757199208117
1.007843431144787
1.006994073381839
1.006209230272995
1.005488189404948
1.004829525090126
1.004231204832526
1.003690695776739
1.003205068503762
1.002771095935339
1.002385345531101
1.002044263390977
1.001744249292747
1.001481722087195
1.001253175230147
1.001055222543625
1.000884634562418
1.000738366035092
1.000613575309992
1.000507636449179
1.000418144980338
1.000342918223393
1.000279991120753
1.000227608463886
1.000184214350544
1.000148439632577
1.000119088029291
1.000095121490854
1.000075645304551
1.000059893347196
1.000047213802514
1.000037055584828
1.000028955641109
1.000022527243334
1.000017449332076
1.000013456930435
1.000010332614056
1.000007898997519
1.000006012178871
1.000004556071602
1.000003437545979
1.000002582298377
1.000001931367299
1.000001438217246
1.000001066315958
1.000000787135978
1.000000578517773
1.000000423338135
1.000000308434174
1.000000223739507
1.000000161595266
1.000000116203994
1.000000083199486
1.000000059310025
1.000000042096324
1.000000029748807
1.000000020931724
1.000000014663959
1.000000010228432
1.000000007103611
1.000000004912046
1.00000000338189
1.000000002318309
1.000000001582335
1.000000001075331
1.000000000727617
1.000000000490209
1.000000000328835
1.000000000219632
1.00000000014606
1.000000000096715
1.000000000063764
1.000000000041858
1.000000000027359
1.000000000017806
1.000000000011539
1.000000000007445
1.000000000004783
1.00000000000306
1.000000000001949
1.000000000001236
1.00000000000078
1.00000000000049
1.000000000000307
1.000000000000191
1.000000000000119
1.000000000000073
1.000000000000045
1.000000000000028
1.000000000000016
1.000000000000009
1.000000000000004
1.000000000000001
1
1
1
1
1
1
1
1
1
1
1
1
1
1
1
1
1
1
1
1
1
1
1
1
1
1
1
1
1
1.000000000000002
1.000000000000005
1.00000000000001
1.00000000000002
1.000000000000039
1.000000000000075
1.000000000000144
1.000000000000271
1.000000000000504
1.000000000000927
1.000000000001686
1.000000000003029
1.000000000005377
1.000000000009433
1.000000000016352
1.000000000028014
1.000000000047435
1.000000000079395
1.000000000131376
1.000000000214947
1.000000000347784
1.000000000556586
1.00000000088122
1.000000001380575
1.000000002140728
1.000000003286223
1.000000004995539
1.000000007522111
1.000000011222694
1.000000016595384
1.000000024330275
1.000000035376566
1.000000051030989
1.000000073053755
1.00000010381981
1.000000146515204
1.000000205390712
1.000000286087725
1.000000396054711
1.000000545076432
1.000000745942452
1.000001015286464
1.00000137463333
1.000001851696731
1.000002481976512
1.000003310711339
1.000004395248739
1.000005807900813
1.000006128775434
1.000008024837201
1.000010460229037
1.000013573826544
1.000017535974636
1.000022554424252
1.000028881079286
1.000036819587569
1.00004673379004
1.000059057016307
1.000074302182062
1.000093072603823
1.000116073399048
1.000144123284981
1.000178166528079
1.000219284728703
1.000268708054284
1.000327825460677
1.000398193368534
1.000481542192678
1.000579780061533
1.000694993015082
1.000829440938483
1.000985548479231
1.001165890213706
1.0013731693788
1.001610189569997
1.001879818932174
1.002184946535198
1.002528430833433
1.002913040354956
1.003341387048629
1.003815853029227
1.004338511793812
1.004911045325691
1.005534658842577
1.006209995267988
1.006937051793644
1.007715101138669
1.008542620282425
1.009417229536146
1.010335644810678
1.01129364582283
1.012286062754219
1.013306783531531
1.014348783438576
1.015404178206584
1.016464301073537
1.017519803575353
1.018560779055278
1.019576907081357
1.02055761617631
1.021492261522481
1.02237031363972
1.023181553477414
1.023916268941814
1.024565447619715
1.025120960376998
1.025575730615527
1.025923884266763
1.026160876078772
1.026283588400644
1.026290399462085
1.026181219056967
1.025957490532823
1.025622159024912
1.025179606912536
1.024635558475687
1.023996956652696
1.02327181560873
1.022469053490859
1.021598310244528
1.020669755683175
1.019693893130102
1.018681363890837
1.017642757574182
1.016588432877763
1.015528352911925
1.01447193848204
1.013427942015008
1.012404344033553
1.011408273285011
1.010445950850976
1.009522657829048
1.008642725512734
1.007809546419939
1.00702560404905
1.006292518883044
1.00561110791981
1.004981454878976
1.004402988215625
1.003874564149027
1.003394552076568
1.002960919974196
1.002571317668279
1.002223156183217
1.001913681708084
1.001640043069144
1.001399351929946
1.001188735255648
1.00100537986449
1.000846569140427
1.000709712192757
1.000592365919254
1.000492250558905
1.00040725941052
1.000335463447284
1.000275111578806
1.000224627305857
1.000182602484017
1.000147788865567
1.000119088029291
1.000095540239691
1.000076312704546
1.00006068762616
1.000048050369872
1.000037878005592
1.000029728415981
1.00002323010932
1.000018072826856
1.00001399899353
1.000010796027394
1.000008289496298
1.000006337089967
1.000004823360779
1.000003655176495
1.000002757822319
1.000002071687
1.000001549467752
1.000001153830747
1.000000855467409
1.000000631491145
1.000000464124128
1.000000339629002
1.000000247445637
1.000000179498125
1.000000129642023
1.000000093226235
1.000000066747907
1.000000047582257
1.000000033772329
1.000000023866366
1.000000016792744
1.000000011764347
1.000000008205887
1.00000000569896
1.000000003940748
1.000000002713162
1.00000000185989
1.000000001269447
1.000000000862696
1.000000000583738
1.000000000393275
1.000000000263812
1.000000000176202
1.000000000117178
1.00000000007759
1.000000000051155
1.000000000033581
1.00000000002195
1.000000000014285
1.000000000009257
1.000000000005973
1.000000000003837
1.000000000002454
1.000000000001564
1.000000000000991
1.000000000000626
1.000000000000393
1.000000000000246
1.000000000000154
1.000000000000095
1.000000000000059
1.000000000000036
1.000000000000021
1.000000000000013
1.000000000000006
1.000000000000003
1.000000000000001
1
1
1
1
1
1
1
1
1
1
1
1
1
1
1
1
1
1
1
1
1
1
1
1
1
1
1
1
1
1.000000000000001
1.000000000000004
1.000000000000008
1.000000000000016
1.000000000000031
1.000000000000061
1.000000000000115
1.000000000000217
1.000000000000404
1.000000000000744
1.000000000001353
1.00000000000243
1.000000000004314
1.000000000007568
1.000000000013118
1.000000000022474
1.000000000038054
1.000000000063694
1.000000000105395
1.00000000017244
1.000000000279009
1.00000000044652
1.000000000706958
1.000000001107568
1.000000001717404
1.000000002636383
1.000000004007693
1.000000006034653
1.000000009003473
1.000000013313758
1.000000019519142
1.000000028381131
1.000000040940043
1.000000058608028
1.000000083290416
1.000000117543254
1.00000016477678
1.000000229516872
1.00000031773916
1.000000437293597
1.000000598440783
1.000000814525322
1.000001102815831
1.000001485545995
1.000001991196064
1.000002656059399
1.000003526143878
1.000004659462932
1.000004895338238
1.000006409812428
1.000008355075419
1.000010842053907
1.000014006810678
1.000018015286556
1.000023068689514
1.00002940955797
1.000037328509564
1.000047171665989
1.000059348718304
1.000074341565212
1.000092713418908
1.00011511822941
1.000142310229174
1.00017515334612
1.000214630176135
1.000261850147386
1.000318056450583
1.000384631254328
1.000463098676015
1.000555124939963
1.000662515129397
1.000787205931531
1.000931253789368
1.001096817913574
1.001286137676328
1.001501504008724
1.001745224555765
1.002019582508399
1.002326789229008
1.002668931012381
1.003047910573368
1.003465384118437
1.003922695132461
1.004420806283782
1.004960231108236
1.005540967363355
1.006162434134144
1.006823414908425
1.007522008910308
1.00825559297404
1.009020796148842
1.009813489042664
1.010628789637305
1.011461086941061
1.012304083394606
1.013150856422157
1.013993938938438
1.01482541800183
1.015637050167831
1.016420391469549
1.017166939359535
1.017868283416236
1.018516261173746
1.019103115097995
1.019621646524763
1.020065362308999
1.020428610018735
1.02070669774245
1.020895994960801
1.020994011450634
1.020999451823285
1.020912244026795
1.020733540934993
1.020465694974449
1.020112206570196
1.019677647990232
1.019167564905698
1.018588358629981
1.017947152531844
1.017251646516361
1.016509963720559
1.015730493672393
1.014921736113081
1.014092149491079
1.013250007814575
1.012403269116474
1.011559458263682
1.010725566255912
1.009907967534555
1.009112356185554
1.008343701296998
1.007606221144919
1.006903375349486
1.006237873684004
1.005611699842578
1.005026148185881
1.004481871290984
1.00397893602904
1.003516885878732
1.003094807245443
1.002711397685632
1.002365034120411
1.002053839348944
1.00177574542733
1.001528552749452
1.001309983940649
1.001117731942526
1.000949501918838
1.000803046840971
1.000676196812159
1.000566882358735
1.000473152053063
1.000393184936279
1.000325298281041
1.0002679512774
1.000219745242108
1.000179420946599
1.000145853635699
1.000118046271713
1.000095121490854
1.000076312704545
1.000060954720143
1.000048474196873
1.000038380195422
1.000030255025498
1.000023745545985
1.000018555027972
1.000014435652372
1.000011181681191
1.000008623314673
1.000006621225206
1.000005061742522
1.000003852652884
1.000002919566967
1.000002202806368
1.000001654756638
1.000001237634709
1.000000921620212
1.000000683302947
1.000000504402267
1.000000370718148
1.000000271277892
1.000000197646608
1.000000143373672
1.000000103551219
1.000000074464192
1.000000053314692
1.000000038006178
1.000000026975536
1.000000019063177
1.000000013413143
1.000000009396727
1.000000006554419
1.000000004552019
1.000000003147655
1.000000002167125
1.000000001485578
1.000000001013964
1.000000000689074
1.000000000466258
1.000000000314126
1.000000000210718
1.000000000140741
1.000000000093596
1.000000000061975
1.00000000004086
1.000000000026823
1.000000000017532
1.00000000001141
1.000000000007394
1.000000000004771
1.000000000003065
1.000000000001961
1.000000000001249
1.000000000000792
1.0000000000005
1.000000000000314
1.000000000000197
1.000000000000123
1.000000000000076
1.000000000000047
1.000000000000029
1.000000000000017
1.00000000000001
1.000000000000005
1.000000000000002
1
1
1
1
1
1
1
1
1
1
1
1
1
1
1
1
1
1
1
1
1
1
1
1
1
1
1
1
1
1
1.000000000000001
1.000000000000003
1.000000000000007
1.000000000000013
1.000000000000025
1.000000000000048
1.000000000000092
1.000000000000174
1.000000000000323
1.000000000000594
1.00000000000108
1.000000000001941
1.000000000003446
1.000000000006044
1.000000000010478
1.00000000001795
1.000000000030395
1.000000000050874
1.000000000084182
1.000000000137733
1.000000000222853
1.00000000035665
1.000000000564671
1.000000000884653
1.000000001371752
1.000000002105776
1.000000003201095
1.00000000482011
1.000000007191428
1.000000010634231
1.000000015590733
1.000000022669182
1.000000032700526
1.000000046812714
1.00000006652762
1.000000093886876
1.000000131614396
1.000000183325208
1.000000253792326
1.000000349285873
1.000000478001474
1.000000650598091
1.000000880868986
1.000001186573256
1.000001590459436
1.000002121516768
1.000002816493949
1.000003721729099
1.000003893000086
1.000005097381379
1.00000664434655
1.000008622109892
1.000011138875155
1.000014326606579
1.000018345314582
1.000023387877598
1.000029685409042
1.00003751316191
1.000047196942719
1.000059119981103
1.000073730171242
1.000091547566563
1.000113171970108
1.000139290420242
1.000170684326048
1.000208235960002
1.000252933969277
1.000305877523254
1.00036827867614
1.000441462492732
1.000526864465435
1.0006260247448
1.000740578717241
1.000872243495235
1.001022799939784
1.001194069914192
1.001387888573576
1.001606071626033
1.001850377658055
1.00212246579618
1.002423849175039
1.002755844893499
1.003119521358588
1.003515644132989
1.003944621606743
1.004406451997166
1.004900673332209
1.005426318181118
1.005981874952369
1.006565257573842
1.007173785297323
1.007804174224123
1.008452541929567
1.009114426272758
1.009784819119876
1.010458215292748
1.011128676592028
1.011789910251118
1.012435360671025
1.01305831278735
1.013652004949541
1.014209748770197
1.014725053048678
1.015191748606407
1.015604110706077
1.015956975674495
1.016245848415536
1.016466997686929
1.016617536318474
1.016695483960448
1.016699810455167
1.016630458503351
1.016488344927837
1.016275340495651
1.01599422891946
1.015648646294916
1.015243002816391
1.014782389127634
1.014272470086824
1.013719369042555
1.013129545918558
1.012509672485908
1.011866508162752
1.01120677952917
1.010537066489142
1.009863697667349
1.009192657213274
1.008529504718594
1.007879309457066
1.007246599649886
1.006635326963801
1.00604884598238
1.005489907968217
1.00496066786829
1.00446270321518
1.003997043349141
1.003564207232092
1.003164248043379
1.002796802734538
1.002461144769606
1.002156238380542
1.001880792814067
1.001633315226435
1.00141216108549
1.001215581154694
1.001041764352074
1.000888875989666
1.000755091099156
1.000638622731245
1.000537745275726
1.000450812983852
1.00037627398297
1.000312680155716
1.000258693313329
1.000213088126852
1.000174752293579
1.000142684412135
1.000115990021102
1.000093876226383
1.000075645304551
1.00006068762616
1.000048474196873
1.000038549067545
1.000030521818791
1.000024060282502
1.000018883623293
1.00001475586758
1.000011479937313
1.00000889221942
1.00000685768071
1.000005265520957
1.000004025343931
1.000003063816704
1.000002321781207
1.000001751778225
1.000001315942399
1.00000098422677
1.000000732916713
1.000000543395287
1.000000401124824
1.000000294812769
1.000000215733096
1.000000157177966
1.000000114017531
1.000000082348816
1.000000059217428
1.000000042398343
1.000000030224289
1.000000021452202
1.000000015159922
1.00000001066675
1.000000007472709
1.000000005212374
1.000000003619974
1.000000002503158
1.000000001723396
1.000000001181398
1.00000000080635
1.000000000547982
1.000000000370789
1.000000000249807
1.000000000167572
1.000000000111923
1.000000000074432
1.000000000049285
1.000000000032494
1.000000000021331
1.000000000013942
1.000000000009074
1.00000000000588
1.000000000003794
1.000000000002437
1.000000000001559
1.000000000000993
1.00000000000063
1.000000000000398
1.00000000000025
1.000000000000156
1.000000000000098
1.000000000000061
1.000000000000037
1.000000000000022
1.000000000000013
1.000000000000007
1.000000000000003
1.000000000000001
1
1
1
1
1
1
1
1
1
1
1
1
1
1
1
1
1
1
1
1
1
1
1
1
1
1
1
1
1
1
1
1.000000000000002
1.000000000000005
1.00000000000001
1.00000000000002
1.000000000000039
1.000000000000073
1.000000000000138
1.000000000000257
1.000000000000473
1.000000000000859
1.000000000001544
1.00000000000274
1.000000000004807
1.000000000008332
1.000000000014275
1.000000000024171
1.000000000040456
1.000000000066944
1.000000000109529
1.000000000177219
1.000000000283619
1.000000000449045
1.000000000703506
1.000000001090865
1.000000001674589
1.00000000254563
1.000000003833135
1.000000005718903
1.000000008456763
1.000000012398381
1.000000018027462
1.000000026004817
1.000000037227439
1.000000052905593
1.000000074662876
1.00000010466547
1.000000145788213
1.000000201826827
1.000000277767606
1.000000380128092
1.000000517384794
1.000000700506764
1.000000943616879
1.00000126480585
1.000001687127309
1.000002239805576
1.000002959690949
1.000003082331378
1.00000403591624
1.000005260746684
1.000006826667676
1.00000881935114
1.000011343281737
1.000014525150128
1.000018517670738
1.000023503831148
1.000029701567149
1.000037368841092
1.000046809081002
1.000058376914098
1.000072484100856
1.000089605544801
1.000110285219453
1.000135141817893
1.000164873893452
1.000200264223382
1.000242183092725
1.000291590164958
1.000349534581582
1.000417152917002
1.000495664610476
1.000586364505869
1.000690612155056
1.000809817583912
1.000945423282619
1.001098882265443
1.001271632149216
1.001465065323869
1.001680495430352
1.001919120518185
1.00218198342242
1.00246993007232
1.002783566615218
1.003123216401201
1.003488878019411
1.003880185696555
1.004296373454155
1.004736244465552
1.005198147049693
1.005679958681004
1.00617907927967
1.006692434873146
1.007216492489106
1.007747286856409
1.008280459160943
1.008811307737021
1.009334850184558
1.009845896001646
1.010339128427051
1.010809193814205
1.01125079652384
1.011658797042523
1.012028310823035
1.012354805211759
1.01263419178671
1.012862911482648
1.013038010028016
1.013157201459006
1.013218917801612
1.01322234341176
1.013167432921761
1.013054912240867
1.012886262579063
1.012663687985793
1.012390067398499
1.01206889265978
1.01170419436901
1.011300457769103
1.010862531120151
1.01039552917104
1.009904734404205
1.009395498698062
1.008873147930957
1.008342891848068
1.007809741240142
1.00727843415413
1.006753372486499
1.006238569916599
1.005737611736687
1.005253626742742
1.004789270980504
1.004346722806599
1.003927688435138
1.003533416903065
1.003164723207197
1.002822018244056
1.002505344119289
1.002214413383444
1.001948650789961
1.001707236252779
1.001489147797146
1.001293203439912
1.001118101096162
1.000962455779595
1.000824833536779
1.00070378172385
1.000597855392637
1.000505639697135
1.000425768357556
1.00035693832572
1.000297920881364
1.000247569454159
1.000204824511528
1.000168715879477
1.000138362874377
1.000112972620531
1.000091836913685
1.000074327967159
1.000059893347195
1.000048050369872
1.000038380195422
1.000030521818791
1.000024166119174
1.000019050097153
1.000014951396826
1.000011683182344
1.000009089414022
1.000007040548614
1.000005429671449
1.000004169054699
1.000003187125724
1.000002425822025
1.000001838304273
1.000001386995897
1.000001041916408
1.000000779275662
1.000000580297239
1.00000043024089
1.000000317596193
1.000000233422099
1.000000170809642
1.000000124447792
1.000000090274914
1.00000006520077
1.000000046886177
1.000000033569438
1.000000023930467
1.000000016985052
1.000000012003057
1.00000000844553
1.000000005916608
1.000000004126959
1.000000002866156
1.000000001981904
1.000000001364518
1.000000000935386
1.000000000638436
1.000000000433871
1.000000000293576
1.000000000197787
1.000000000132677
1.000000000088616
1.000000000058932
1.000000000039022
1.000000000025727
1.000000000016888
1.000000000011039
1.000000000007184
1.000000000004655
1.000000000003004
1.00000000000193
1.000000000001235
1.000000000000786
1.000000000000498
1.000000000000315
1.000000000000198
1.000000000000124
1.000000000000077
1.000000000000048
1.000000000000029
1.000000000000017
1.00000000000001
1.000000000000005
1.000000000000002
1
1
1
1
1
1
1
1
1
1
1
1
1
1
1
1
1
1
1
1
1
1
1
1
1
1
1
1
1
1
1
1
1.000000000000002
1.000000000000004
1.000000000000008
1.000000000000016
1.000000000000031
1.000000000000058
1.00000000000011
1.000000000000204
1.000000000000374
1.00000000000068
1.000000000001222
1.00000000000217
1.000000000003806
1.000000000006597
1.000000000011302
1.000000000019137
1.000000000032031
1.000000000053002
1.000000000086719
1.000000000140312
1.000000000224554
1.00000000035553
1.000000000557
1.000000000863693
1.000000001325859
1.00000000201551
1.000000003034899
1.000000004527969
1.000000006695689
1.000000009816496
1.000000014273368
1.000000020589508
1.000000029475123
1.000000041888451
1.000000059114997
1.00000008286986
1.000000115429228
1.000000159798411
1.00000021992537
1.000000300970454
1.000000409645049
1.000000554634047
1.000000747119425
1.000001001424754
1.00000133580306
1.000001773393112
1.000002343371651
1.000002429785565
1.000003181492259
1.000004147020846
1.000005381429904
1.00000695225437
1.00000894185922
1.000011450114376
1.000014597404243
1.000018527977499
1.000023413632437
1.000029457720221
1.000036899432535
1.000046018321314
1.000057138976558
1.000070635763849
1.000086937496561
1.000106531889406
1.000129969610846
1.000157867722966
1.000190912270159
1.000229859753754
1.000275537210529
1.000328840600553
1.000390731206204
1.000462229751268
1.000544407968832
1.000638377380631
1.000745275100039
1.000866246536608
1.001002424962176
1.001154907996328
1.001324731180979
1.001512838937511
1.00172005333198
1.001947041209883
1.002194280396953
1.00246202579022
1.002750276278082
1.003058743522482
1.003386823704113
1.003733573366575
1.004097690492302
1.004477501897562
1.004870957943194
1.00527563542097
1.005688749293686
1.006107173743511
1.006527472723165
1.006945939915888
1.007358647702338
1.007761504416759
1.008150318863322
1.008520870769526
1.008868985589948
1.009190611852952
1.009481899076433
1.009739274175548
1.00995951425266
1.010139813701349
1.010277843673245
1.010371802146077
1.010420453087961
1.010423153527672
1.010379867701808
1.010291167843516
1.010158221588461
1.009982766385658
1.009767071697383
1.009513890138192
1.009226399023847
1.008908134064975
1.008562917138136
1.008194780192623
1.007807887401855
1.007406457644004
1.00699468930143
1.006576689208882
1.006156407365617
1.005737578767352
1.005323673422858
1.004917855309909
1.004522950709346
1.004141426046643
1.003775375078936
1.003426515001705
1.003096190821158
1.002785387151386
1.002494746453254
1.002224592635937
1.001974958891271
1.001745618623269
1.001536118365883
1.00134581164642
1.001173892843613
1.001019430201791
1.000881397289226
1.000758702323141
1.000650214920032
1.000554789962756
1.000471288400675
1.000398594912645
1.00033563246221
1.000281373858302
1.000234850502455
1.000195158554884
1.000161462787552
1.000132998413671
1.000109071191591
1.000089056098538
1.000072394858121
1.000058592587019
1.000047213802514
1.000037878005592
1.000030255025497
1.000024060282501
1.000019050097153
1.000015017147428
1.000011786150528
1.000009209824061
1.000007165162205
1.000005550046241
1.000004280195523
1.00000328645436
1.000002512402173
1.000001912268406
1.000001449129707
1.000001093364538
1.000000821339345
1.000000614300406
1.000000457446312
1.000000339157357
1.000000250359905
1.000000184005746
1.000000134648563
1.000000098101683
1.00000007116333
1.000000051397479
1.000000036960158
1.000000026462628
1.000000018864269
1.00000001338923
1.000000009461946
1.000000006657565
1.000000004664028
1.000000003253257
1.000000002259374
1.000000001562322
1.000000001075641
1.000000000737358
1.000000000503275
1.000000000342017
1.000000000231424
1.000000000155914
1.000000000104588
1.000000000069855
1.000000000046456
1.000000000030761
1.000000000020281
1.000000000013313
1.000000000008702
1.000000000005663
1.00000000000367
1.000000000002368
1.000000000001521
1.000000000000973
1.00000000000062
1.000000000000393
1.000000000000248
1.000000000000156
1.000000000000098
1.000000000000061
1.000000000000038
1.000000000000023
1.000000000000014
1.000000000000008
1.000000000000003
1.000000000000001
1
1
1
1
1
1
1
1
1
1
1
1
1
1
1
1
1
1
1
1
1
1
1
1
1
1
1
1
1
1
1
1
1.000000000000001
1.000000000000003
1.000000000000006
1.000000000000013
1.000000000000024
1.000000000000046
1.000000000000086
1.000000000000161
1.000000000000295
1.000000000000536
1.000000000000963
1.00000000000171
1.000000000003
1.0000000000052
1.000000000008909
1.000000000015085
1.000000000025249
1.00000000004178
1.000000000068358
1.000000000110605
1.000000000177012
1.000000000280258
1.000000000439073
1.000000000680835
1.000000001045153
1.000000001588796
1.000000002392368
1.000000003569338
1.000000005278129
1.000000007738229
1.000000011251538
1.000000016230494
1.000000023234947
1.000000033020272
1.000000046599822
1.000000065325602
1.000000090991917
1.000000125967837
1.00000017336552
1.000000237252845
1.000000322920363
1.000000437214339
1.000000588949476
1.000000789416987
1.000001053005661
1.000001397955704
1.000001847267038
1.0000019070004
1.000002496972837
1.000003254762258
1.000004223581141
1.000005456433988
1.000007017964599
1.000008986555471
1.000011456689825
1.000014541580675
1.000018376063262
1.000023119737
1.000028960330626
1.000036117249501
1.000044845246982
1.000055438142651
1.000068232489295
1.000083611068259
1.000102006069974
1.000123901793744
1.000149836679466
1.000180404465002
1.000216254247794
1.000258089219586
1.000306663840195
1.000362779221913
1.000427276511593
1.000501028084155
1.000584926400101
1.00067987043122
1.000786749623104
1.000906425439823
1.001039710624003
1.001187346402614
1.001349977972414
1.001528128705761
1.001722173623385
1.001932312781044
1.002158545306824
1.002400644899907
1.002658137654864
1.002930283102998
1.003216059359837
1.003514153232127
1.003822956066561
1.004140566015137
1.004464797249333
1.004793196479848
1.005123066934609
1.005451499721253
1.005775412258662
1.006091593214313
1.006396753139758
1.006687579765785
1.006960796711937
1.007213224191869
1.007441840165306
1.007643840306437
1.007816695132908
1.007958202672214
1.008066535134075
1.008140278206204
1.00817846179229
1.008180581258017
1.008146608534429
1.008076992736947
1.00797265028099
1.007834944798373
1.007665657470017
1.007466948677546
1.007241312128126
1.006991522814115
1.006720580324393
1.006431649122836
1.006127997449046
1.005812936477506
1.005489761296618
1.005161695143912
1.004831838165034
1.004503121760718
1.004178269357457
1.00385976419419
1.003549824469387
1.003250385950065
1.002963091915555
1.002689290101852
1.00243003613326
1.002186102781353
1.001957994279721
1.001745964847561
1.001550040535395
1.001370043500002
1.001205617839837
1.001056256172636
1.000921326208823
1.000800096662592
1.0006917619419
1.000595465164117
1.000510319150944
1.000435425160428
1.000369889211894
1.000312835948701
1.000263420061838
1.000220835363312
1.000184321651369
1.000153169549933
1.000126723532667
1.000104383358851
1.000085604154928
1.000069895373577
1.000056818853197
1.000045986186058
1.000037055584827
1.000029728415981
1.000023745545985
1.000018883623292
1.000014951396825
1.000011786150528
1.000009250314237
1.000007228293827
1.000005623548568
1.000004355930909
1.000003359293461
1.000002579359607
1.000001971847842
1.000001500835303
1.000001137342823
1.000000858122043
1.000000644624253
1.000000482130662
1.000000359024441
1.000000266185906
1.00000019649365
1.000000144415914
1.000000105678176
1.000000076994546
1.000000055852122
1.000000040339002
1.000000029007952
1.000000020769026
1.000000014805499
1.000000010508447
1.000000007426143
1.000000005225143
1.000000003660528
1.000000002553294
1.000000001773252
1.000000001226176
1.000000000844208
1.000000000578709
1.000000000394991
1.000000000268429
1.000000000181631
1.000000000122368
1.000000000082085
1.000000000054825
1.00000000003646
1.000000000024142
1.000000000015917
1.000000000010449
1.00000000000683
1.000000000004445
1.00000000000288
1.000000000001858
1.000000000001194
1.000000000000763
1.000000000000486
1.000000000000308
1.000000000000195
1.000000000000122
1.000000000000077
1.000000000000048
1.000000000000029
1.000000000000017
1.00000000000001
1.000000000000005
1.000000000000002
1
1
1
1
1
1
1
1
1
1
1
1
1
1
1
1
1
1
1
1
1
1
1
1
1
1
1
1
1
1
1
1
1
1
1.000000000000002
1.000000000000005
1.00000000000001
1.000000000000019
1.000000000000036
1.000000000000068
1.000000000000126
1.000000000000232
1.000000000000421
1.000000000000756
1.000000000001342
1.000000000002355
1.000000000004081
1.000000000006992
1.000000000011839
1.000000000019816
1.00000000003279
1.000000000053649
1.000000000086806
1.000000000138923
1.000000000219954
1.000000000344598
1.00000000053434
1.00000000082027
1.00000000124694
1.000000001877612
1.000000002801341
1.000000004142464
1.000000006073244
1.000000008830625
1.000000012738304
1.000000018235677
1.000000025915591
1.000000036573371
1.000000051270126
1.000000071414105
1.000000098864655
1.000000136064332
1.000000186205785
1.000000253441271
1.000000343144036
1.000000462232251
1.00000061956776
1.000000826443524
1.000001097175273
1.000001449814377
1.000001490144404
1.000001951153803
1.000002543296937
1.000003300340467
1.000004263702648
1.000005483896809
1.000007022171849
1.000008952357951
1.000011362920968
1.000014359222608
1.000018065975586
1.000022629873194
1.000028222361208
1.000035042506739
1.000043319903713
1.00005331753828
1.000065334520146
1.000079708567869
1.00009681811851
1.000117083915251
1.00014096991178
1.000168983320447
1.000201673623562
1.000239630364952
1.000283479543284
1.000333878440748
1.000391508741564
1.000457067825112
1.000531258158815
1.000614774766265
1.000708290806002
1.000812441365098
1.000927805647479
1.001054887817957
1.001194096846338
1.001345725778727
1.001509930941535
1.001686711653906
1.001875891082161
1.00207709891143
1.002289756531121
1.002513065428992
1.002745999460631
1.002987301605601
1.003235485737613
1.003488843824595
1.003745458837404
1.004003223486537
1.004259864729142
1.004512973799878
1.0047600413255
1.004998496892023
1.005225752253023
1.005439247205955
1.005636497028039
1.005815140261128
1.005972985571727
1.006108056392262
1.006218632075225
1.006303284363523
1.006360908096653
1.006390745229724
1.006392401435353
1.006365854779953
1.006311456207453
1.006229921815513
1.006122317161965
1.005990034082446
1.005834760724494
1.005658445700158
1.00546325742106
1.005251539801193
1.005025765589819
1.004788488627784
1.004542296305757
1.004289763444563
1.004033408719915
1.003775654622082
1.003518791782081
1.003264948317414
1.003016064660205
1.002773874136839
1.002539889378443
1.002315394462826
1.002101442526756
1.001898858447486
1.001708246077818
1.001529999431811
1.001364317159331
1.001211219616553
1.001070567834679
1.000942083708037
1.000825370762136
1.000719934918441
1.000625204741592
1.000540550732467
1.000465303312869
1.000398769231214
1.000340246199945
1.000289035652026
1.000244453573464
1.000205839429845
1.00017256325638
1.00014403102248
1.000119688413339
1.000099023192977
1.000081566326257
1.000066892042591
1.000054617022563
1.000044398881574
1.00003593411329
1.000028955641109
1.00002323010932
1.000018555027972
1.00001475586758
1.000011683182344
1.000009209824061
1.000007228293827
1.000005648265069
1.000004394299759
1.00000340376969
1.000002624986542
1.000002015537957
1.00000154082187
1.000001172767754
1.000000888730968
1.000000670544987
1.000000503715644
1.000000376741519
1.000000280545093
1.000000208000149
1.000000153541944
1.000000112847901
1.000000082577868
1.000000060164211
1.000000043643328
1.000000031521236
1.000000022667052
1.000000016229084
1.000000011569133
1.000000008211381
1.000000005802844
1.000000004082964
1.000000002860362
1.000000001995162
1.00000000138563
1.000000000958142
1.000000000659669
1.000000000452207
1.000000000308648
1.000000000209752
1.000000000141927
1.000000000095619
1.000000000064142
1.000000000042841
1.00000000002849
1.000000000018865
1.000000000012438
1.000000000008165
1.000000000005337
1.000000000003473
1.00000000000225
1.000000000001452
1.000000000000933
1.000000000000597
1.00000000000038
1.000000000000241
1.000000000000152
1.000000000000096
1.00000000000006
1.000000000000037
1.000000000000022
1.000000000000014
1.000000000000008
1.000000000000003
1.000000000000001
1
1
1
1
1
1
1
1
1
1
1
1
1
1
1
1
1
1
1
1
1
1
1
1
1
1
1
1
1
1
1
1
1
1
1.000000000000001
1.000000000000004
1.000000000000008
1.000000000000015
1.000000000000028
1.000000000000053
1.000000000000099
1.000000000000181
1.000000000000329
1.000000000000591
1.000000000001049
1.00000000000184
1.000000000003189
1.000000000005464
1.000000000009251
1.000000000015484
1.000000000025622
1.000000000041921
1.000000000067829
1.000000000108553
1.000000000171871
1.000000000269266
1.00000000041753
1.000000000640956
1.000000000974355
1.000000001467163
1.000000002188965
1.000000003236921
1.000000004745637
1.000000006900262
1.000000009953737
1.000000014249405
1.000000020250523
1.000000028578563
1.000000040062682
1.000000055803296
1.000000077253314
1.000000106321367
1.000000145502215
1.000000198040468
1.000000268134823
1.0000003611912
1.000000484134319
1.000000645788605
1.000000857340498
1.000001132895508
1.0000011593143
1.000001517974445
1.000001978655279
1.000002567626942
1.000003317112448
1.0000042664107
1.000005463172785
1.000006964837922
1.000008840231764
1.000011171324798
1.000014055142443
1.000017605810833
1.000021956713336
1.000027262722513
1.000033702460548
1.000041480528528
1.000050829631393
1.000062012511488
1.000075323589856
1.000091090201395
1.000109673298472
1.000131467488389
1.000156900264184
1.000186430286485
1.000220544577543
1.000259754497996
1.000304590393112
1.000355594818918
1.000413314289946
1.000478289529521
1.000551044250167
1.000632072545127
1.000721825031015
1.00082069394461
1.00092899746172
1.001046963570402
1.001174713891837
1.001312247896741
1.001459428010258
1.001615966130616
1.001781412103525
1.001955144692846
1.002136365566304
1.002324096771782
1.002517182114504
1.002714292758631
1.002913937270141
1.003114476193847
1.003314141119668
1.003511058046417
1.003703274700681
1.003888791319783
1.004065594267514
1.004231691725568
1.004385150598307
1.00452413368903
1.004646936156714
1.004752020246591
1.004838047307762
1.004903906166853
1.004948737017188
1.00497195010541
1.004973238647629
1.004952585579507
1.004910263932587
1.004846830825254
1.004763115253257
1.004660200054004
1.004539398593319
1.004402226876443
1.00425037191102
1.004085657244211
1.003910006656042
1.003725407015184
1.003533871291818
1.003337402676892
1.003137960680887
1.002937429982751
1.00273759267594
1.002540104419635
1.002346474855232
1.00215805249744
1.001976014161738
1.001801358850871
1.001634905897208
1.001477297048961
1.001329002098996
1.001190327587238
1.001061428061754
1.000942319359479
1.000832893363729
1.000732933710393
1.000642131945316
1.000560103679143
1.000486404339498
1.00042054418084
1.000362002276419
1.000310239281768
1.000264708822506
1.000224867418796
1.00019018291296
1.000160141414256
1.000134252814886
1.000112054963589
1.000093116607687
1.00007703923151
1.000063457929322
1.000052041454879
1.000042491588628
1.000034541957996
1.000027956437406
1.000022527243334
1.000018072826856
1.000014435652372
1.000011479937313
1.000009089414022
1.000007165162205
1.000005623548568
1.000004394299759
1.000003418725597
1.000002648101845
1.000002042215409
1.000001568069821
1.000001198744961
1.000000912402191
1.000000691424169
1.000000521677492
1.000000391885823
1.000000293101154
1.000000218261255
1.000000161821992
1.000000119454042
1.000000087794482
1.000000064244701
1.000000046807106
1.000000033954029
1.000000024523169
1.000000017634709
1.00000001262604
1.00000000900065
1.000000006388357
1.000000004514542
1.000000003176496
1.000000002225326
1.00000000155221
1.000000001078002
1.000000000745422
1.000000000513213
1.000000000351811
1.000000000240124
1.000000000163184
1.000000000110417
1.00000000007439
1.000000000049901
1.00000000003333
1.000000000022165
1.000000000014676
1.000000000009676
1.000000000006352
1.000000000004152
1.000000000002702
1.000000000001751
1.00000000000113
1.000000000000726
1.000000000000464
1.000000000000296
1.000000000000187
1.000000000000118
1.000000000000074
1.000000000000046
1.000000000000029
1.000000000000017
1.00000000000001
1.000000000000005
1.000000000000002
1
1
1
1
1
1
1
1
1
1
1
1
1
1
1
1
1
1
1
1
1
1
1
1
1
1
1
1
1
1
1
1
1
1
1
1.000000000000001
1.000000000000003
1.000000000000006
1.000000000000012
1.000000000000022
1.000000000000042
1.000000000000077
1.000000000000141
1.000000000000256
1.00000000000046
1.000000000000816
1.000000000001431
1.000000000002481
1.00000000000425
1.000000000007197
1.000000000012046
1.000000000019933
1.000000000032613
1.000000000052769
1.000000000084452
1.00000000013371
1.000000000209482
1.000000000324828
1.000000000498648
1.000000000758026
1.000000001141421
1.00000000170297
1.00000000251826
1.000000003692015
1.000000005368277
1.00000000774383
1.000000011085792
1.00000001575457
1.00000002223366
1.000000031168137
1.000000043414111
1.000000060101926
1.000000082716476
1.000000113198654
1.000000154072729
1.000000208605243
1.000000281001939
1.000000376650176
1.000000502415263
1.000000667000134
1.000000881378732
1.000000897986548
1.000001175799368
1.000001532635987
1.000001988844912
1.000002569385672
1.000003304698695
1.000004231693907
1.000005394863009
1.000006847517496
1.000008653150703
1.000010886917337
1.000013637218125
1.000017007370234
1.000021117336112
1.000026105474404
1.000032130266726
1.000039371963633
1.000048034082325
1.000058344677982
1.000070557300507
1.000084951539534
1.000101833053464
1.000121532973643
1.00014440657352
1.000170831095171
1.000201202632949
1.000235931986529
1.000275439413941
1.000320148239463
1.000370477301606
1.000426832262536
1.000489595841688
1.000559117082004
1.000635699806081
1.000719590469721
1.000810965670311
1.000909919614633
1.001016451893075
1.00113045594203
1.001251708601393
1.001379861186952
1.00151443249636
1.001654804150526
1.001800218638785
1.001949780385635
1.002102460089674
1.002257102502704
1.002412437720927
1.002567095953467
1.002719625619704
1.002868514510183
1.003012213630755
1.00314916324096
1.00327782050022
1.003396688053867
1.003504342829475
1.003599464275853
1.00368086126497
1.003747496892446
1.003798510455481
1.003833235957142
1.003851216580816
1.003852214694915
1.003836217081425
1.003803435227401
1.003754300670431
1.003689455541311
1.003609738593793
1.003516167146394
1.003409915479892
1.003292290331643
1.003164704201011
1.003028647226637
1.002885658414931
1.002737296990257
1.002585114602094
1.002430629065526
1.00227530023196
1.002120508491224
1.001967536298561
1.001817553005457
1.00167160315645
1.001530598299762
1.001395312251837
1.00126637965844
1.001144297610611
1.001029430004685
1.000922014283075
1.000822170156985
1.00072990989351
1.000645149746644
1.000567722123123
1.000497388097757
1.000433849926789
1.000376763249363
1.000325748713993
1.000280402816573
1.000240307786844
1.000205040409256
1.000174179710344
1.000147313486667
1.000124043684155
1.000103990670746
1.00008679646921
1.000072127036016
1.000059673685367
1.000049153765347
1.000040310696315
1.000032913480742
1.000026755789418
1.000021654722122
1.000017449332076
1.00001399899353
1.00001118168119
1.00000889221942
1.000007040548613
1.00000555004624
1.000004355930909
1.000003403769689
1.000002648101845
1.000002051186145
1.000001581873997
1.000001214606722
1.000000928532311
1.000000706734813
1.000000535568047
1.000000404084448
1.000000303549498
1.000000227032182
1.000000169062181
1.000000125345077
1.000000092527432
1.000000068004366
1.000000049763027
1.000000036256107
1.000000026300294
1.000000018995284
1.000000013659582
1.000000009779939
1.000000006971764
1.000000004948321
1.000000003496893
1.000000002460463
1.000000001723702
1.000000001202317
1.000000000835003
1.000000000577391
1.000000000397526
1.000000000272506
1.000000000185996
1.0000000001264
1.000000000085527
1.000000000057621
1.000000000038653
1.000000000025816
1.000000000017169
1.000000000011368
1.000000000007495
1.00000000000492
1.000000000003216
1.000000000002093
1.000000000001356
1.000000000000875
1.000000000000562
1.000000000000359
1.000000000000229
1.000000000000145
1.000000000000092
1.000000000000058
1.000000000000036
1.000000000000022
1.000000000000013
1.000000000000007
1.000000000000003
1.000000000000001
1
1
1
1
1
1
1
1
1
1
1
1
1
1
1
1
1
1
1
1
1
1
1
1
1
1
1
1
1
1
1
1
1
1
1
1
1.000000000000002
1.000000000000004
1.000000000000009
1.000000000000017
1.000000000000032
1.00000000000006
1.000000000000109
1.000000000000198
1.000000000000356
1.000000000000632
1.000000000001109
1.000000000001922
1.000000000003292
1.000000000005574
1.000000000009331
1.000000000015439
1.000000000025261
1.000000000040873
1.000000000065413
1.000000000103568
1.000000000162258
1.000000000251603
1.000000000386239
1.000000000587147
1.000000000884115
1.000000001319078
1.000000001950584
1.00000000285975
1.000000004158148
1.000000005998204
1.000000008586822
1.000000012203167
1.000000017221749
1.000000024142231
1.000000033627742
1.000000046553829
1.000000064070667
1.000000087681643
1.000000119342017
1.000000161582004
1.000000217659311
1.000000291746908
1.000000389162566
1.000000516647457
1.000000682701845
1.000000692523983
1.000000906772494
1.000001181964022
1.00000153379132
1.000001981503156
1.000002548575176
1.000003263472299
1.000004160506515
1.000005280791643
1.000006673293745
1.000008395972142
1.000010517001501
1.000013116060056
1.000016285662908
1.000020132512325
1.000024778829437
1.000030363623612
1.00003704384749
1.000044995377442
1.000054413751412
1.000065514589237
1.000078533615032
1.000093726197706
1.00011136632461
1.000131744925356
1.000155167468484
1.000181950763326
1.000212418913542
1.000246898387516
1.000285712194237
1.000329173181108
1.00037757650209
1.000431191339821
1.000490252002965
1.000554948558859
1.000625417199946
1.000701730578936
1.000783888380247
1.000871808422192
1.000965318603698
1.001064150019318
1.001167931565418
1.001276186347451
1.001388330172381
1.001503672371352
1.00162141914588
1.001740679567103
1.001860474283568
1.001979746910735
1.002097377987671
1.002212201296367
1.002323022250377
1.002428637975661
1.002527858631365
1.00261952945541
1.002702552972269
1.002775910770917
1.002838684251636
1.002890073752194
1.002929415497251
1.002956195868899
1.002970062569378
1.002970832336724
1.002958494977027
1.002933213589239
1.00289532097559
1.002845312348087
1.002783834554631
1.002711672152524
1.002629730748583
1.002539018100324
1.002440623529078
1.002335696231694
1.002225423091922
1.002111006585629
1.001993643346929
1.001874503916808
1.001754714134594
1.001635338558741
1.001517366220423
1.001401698925046
1.001289142226736
1.00118039911268
1.001076066351137
1.00097663338175
1.000882483561774
1.000793897528531
1.000711058397907
1.000634058491322
1.000562907269157
1.000497540146359
1.000437827874761
1.000383586194916
1.000334585486426
1.000290560177722
1.000251217712418
1.000216246907598
1.000185325578276
1.000158127340049
1.000134327537621
1.000113608279151
1.000095662584819
1.000080197681886
1.00006693749785
1.000055624417915
1.000046020383206
1.000037907412215
1.000031087630409
1.000025382892219
1.000020634076313
1.00001670012983
1.000013456930435
1.000010796027394
1.000008623314673
1.00000685768071
1.000005429671449
1.000004280195522
1.000003359293461
1.000002624986542
1.000002042215409
1.000001581873997
1.000001219940488
1.000000936704012
1.00000071608349
1.000000545033331
1.000000413029593
1.000000311629511
1.000000234097022
1.000000175086926
1.000000130380512
1.000000096665926
1.000000071356996
1.000000052444838
1.000000038377145
1.000000027960629
1.000000020282724
1.000000014649114
1.000000010534231
1.00000000754226
1.000000005376603
1.000000003816128
1.000000002696791
1.000000001897499
1.000000001329312
1.000000000927221
1.00000000064395
1.000000000445281
1.000000000306571
1.000000000210156
1.000000000143439
1.000000000097478
1.000000000065958
1.000000000044437
1.000000000029809
1.000000000019909
1.00000000001324
1.000000000008767
1.00000000000578
1.000000000003795
1.00000000000248
1.000000000001614
1.000000000001046
1.000000000000675
1.000000000000433
1.000000000000277
1.000000000000176
1.000000000000112
1.000000000000071
1.000000000000044
1.000000000000027
1.000000000000016
1.00000000000001
1.000000000000005
1.000000000000002
1
1
1
1
1
1
1
1
1
1
1
1
1
1
1
1
1
1
1
1
1
1
1
1
1
1
1
1
1
1
1
1
1
1
1
1
1
1.000000000000001
1.000000000000004
1.000000000000007
1.000000000000014
1.000000000000025
1.000000000000046
1.000000000000084
1.000000000000153
1.000000000000274
1.000000000000488
1.000000000000855
1.000000000001482
1.000000000002539
1.000000000004299
1.000000000007196
1.000000000011906
1.000000000019481
1.00000000003152
1.000000000050445
1.000000000079869
1.000000000125131
1.000000000194031
1.000000000297862
1.000000000452799
1.000000000681818
1.000000001017256
1.000000001504268
1.000000002205407
1.000000003206721
1.000000004625757
1.00000000662208
1.00000000941098
1.000000013281277
1.000000018618309
1.000000025933479
1.000000035902006
1.0000000494109
1.000000067619569
1.000000092035904
1.000000124611199
1.000000167857791
1.000000224993866
1.000000300120476
1.000000398436402
1.000000526497035
1.00000053173679
1.000000696242231
1.000000907541325
1.000001177683393
1.000001521448169
1.000001956860898
1.000002505777737
1.000003194544386
1.000004054729189
1.000005123929664
1.000006446648617
1.000008075232493
1.000010070860513
1.000012504568418
1.000015458285276
1.000019025855993
1.000023314015984
1.000028443278041
1.00003454868516
1.000041780377085
1.000050303913037
1.000060300288913
1.000071965584478
1.000085510175302
1.000101157445747
1.000119141943616
1.00013970692453
1.000163101244938
1.000189575577021
1.000219377936756
1.000252748537783
1.000289914008221
1.000331081034659
1.000376429526438
1.000426105423121
1.000480213297543
1.000538808934868
1.000601892093047
1.000669399670821
1.000741199524159
1.000817085179758
1.000896771693513
1.000979892891908
1.001066000214453
1.001154563345348
1.001244972782783
1.001336544445346
1.001428526358112
1.001520107397842
1.001610428009346
1.001698592735937
1.001783684338779
1.001864779215548
1.001940963771164
1.002011351345049
1.002075099262916
1.002131425558529
1.002179624903717
1.002219083294019
1.002249291062947
1.00226985383933
1.002280501118376
1.00228109218598
1.002271619214814
1.00225220743694
1.00222311238762
1.002184714305157
1.002137509858384
1.002082101453492
1.002019184442078
1.001949532610076
1.001873982370533
1.001793416110703
1.001708745154958
1.001620892799766
1.001530777856131
1.001439299099987
1.001347320984017
1.00125566090764
1.001165078278201
1.001076265528525
1.000989841186856
1.000906345027517
1.000826235266793
1.00074988771089
1.00067759671282
1.000609577754192
1.000545971436775
1.000486848647666
1.000432216650802
1.000382025855854
1.000336177022237
1.000294528670088
1.000256904490062
1.000223100568445
1.000192892271788
1.000166040664643
1.000142298363851
1.000121414761821
1.000103140578623
1.000087231727515
1.000073452500328
1.000061578097514
1.000051396542464
1.000042710030946
1.000035335774342
1.000029106400034
1.000023869974136
1.000019489711241
1.00001584343332
1.000012822835848
1.000010332614056
1.000008289496298
1.000006621225206
1.000005265520957
1.000004169054699
1.00000328645436
1.000002579359607
1.000002015537957
1.000001568069822
1.000001214606722
1.000000936704012
1.000000719227121
1.000000549828532
1.000000418491468
1.000000317135344
1.000000239277566
1.000000179745993
1.000000134436429
1.000000100109629
1.000000074222657
1.000000054789779
1.000000040268518
1.000000029466969
1.000000021468893
1.000000015573595
1.000000011247962
1.000000008088449
1.000000005791136
1.000000004128289
1.000000002930117
1.000000002070662
1.000000001456946
1.000000001020677
1.000000000711943
1.00000000049444
1.000000000341897
1.000000000235392
1.000000000161362
1.000000000110136
1.000000000074846
1.000000000050644
1.00000000003412
1.000000000022888
1.000000000015287
1.000000000010166
1.000000000006732
1.000000000004438
1.000000000002913
1.000000000001904
1.00000000000124
1.000000000000803
1.000000000000518
1.000000000000333
1.000000000000213
1.000000000000136
1.000000000000086
1.000000000000054
1.000000000000034
1.000000000000021
1.000000000000012
1.000000000000007
1.000000000000003
1.000000000000001
1
1
1
1
1
1
1
1
1
1
1
1
1
1
1
1
1
1
1
1
1
1
1
1
1
1
1
1
1
1
1
1
1
1
1
1
1
1
1.000000000000002
1.000000000000006
1.00000000000001
1.000000000000019
1.000000000000036
1.000000000000065
1.000000000000118
1.000000000000211
1.000000000000374
1.000000000000657
1.000000000001138
1.00000000000195
1.000000000003301
1.000000000005525
1.000000000009142
1.000000000014957
1.000000000024202
1.000000000038732
1.000000000061325
1.000000000096077
1.000000000148979
1.000000000228701
1.000000000347665
1.000000000523509
1.000000000781065
1.000000001155
1.000000001693349
1.000000002462176
1.00000000355174
1.000000005084557
1.000000007225933
1.000000010197629
1.000000014295518
1.000000019912267
1.000000027566325
1.000000037938761
1.000000051919797
1.000000070667229
1.00000009567931
1.000000128885078
1.000000172755537
1.000000230439585
1.000000305928979
1.000000404257124
1.000000406495807
1.000000532255137
1.000000693786814
1.000000900302197
1.000001163099967
1.000001495959908
1.000001915590431
1.000002442132078
1.000003099717958
1.000003917090323
1.000004928270328
1.000006173275377
1.000007698875295
1.000009559374953
1.000011817406879
1.000014544712946
1.000017822889475
1.000021744065234
1.000026411476949
1.000031939902416
1.000038455907223
1.000046097857895
1.000055015652189
1.00006537011664
1.000077332022677
1.000091080675903
1.000106802038837
1.000124686355702
1.000144925258823
1.000167708349951
1.000193219266178
1.000221631258845
1.000253102334543
1.000287770029384
1.000325745910497
1.000367109921259
1.000411904708169
1.000460130086415
1.000511737816981
1.000566626879477
1.000624639430748
1.000685557638774
1.000749101573787
1.000814928323339
1.000882632475193
1.000951748081478
1.001021752180165
1.001092069906405
1.001162081178002
1.00123112888779
1.00129852848283
1.001363578758283
1.001425573644568
1.001483814722358
1.00153762416302
1.001586357764261
1.001629417733477
1.001666264865824
1.00169642977101
1.00171952282236
1.001735242533416
1.001743382110289
1.001743833980637
1.001736592160546
1.001721752386493
1.001699510008307
1.001670155707997
1.001634069175644
1.001591710934742
1.001543612563103
1.001490365599515
1.001432609459548
1.001371018704841
1.001306290018701
1.001239129236793
1.001170238765765
1.001100305695992
1.001029990878634
1.000959919193879
1.000890671188514
1.000822776209077
1.000756707104016
1.000692876516485
1.000631634740686
1.000573269070492
1.000518004530966
1.000466005852074
1.000417380520127
1.000372182726411
1.000330418023998
1.000292048502374
1.000256998294724
1.000225159243423
1.000196396564631
1.000170554371703
1.000147460938305
1.00012693360461
1.00010878325274
1.000092818299829
1.000078848177976
1.000066686289337
1.00005615244127
1.000047074780487
1.000039291256501
1.000032650653232
1.000027013233646
1.000022251045831
1.00001824794038
1.000014899348497
1.00001211186834
1.000009802703996
1.000007898997519
1.000006337089967
1.000005061742522
1.000004025343931
1.000003187125723
1.000002512402173
1.000001971847842
1.00000154082187
1.000001198744961
1.000000928532311
1.00000071608349
1.000000549828532
1.000000420328099
1.00000031992464
1.00000024244077
1.000000182920726
1.000000137410549
1.000000102772694
1.000000076530851
1.000000056741015
1.000000041885148
1.000000030784072
1.000000022526607
1.000000016412315
1.000000011905536
1.00000000859872
1.000000006183368
1.000000004427142
1.000000003155947
1.000000002239982
1.000000001582955
1.000000001113788
1.000000000780275
1.000000000544257
1.000000000377983
1.000000000261369
1.000000000179949
1.000000000123356
1.000000000084195
1.000000000057217
1.000000000038716
1.000000000026084
1.000000000017497
1.000000000011686
1.000000000007772
1.000000000005146
1.000000000003393
1.000000000002227
1.000000000001456
1.000000000000947
1.000000000000614
1.000000000000396
1.000000000000254
1.000000000000163
1.000000000000103
1.000000000000066
1.000000000000041
1.000000000000026
1.000000000000015
1.000000000000009
1.000000000000004
1.000000000000002
1
1
1
1
1
1
1
1
1
1
1
1
1
1
1
1
1
1
1
1
1
1
1
1
1
1
1
1
1
1
1
1
1
1
1
1
1
1
1
1.000000000000002
1.000000000000004
1.000000000000008
1.000000000000015
1.000000000000027
1.00000000000005
1.00000000000009
1.000000000000161
1.000000000000286
1.000000000000502
1.00000000000087
1.00000000000149
1.000000000002524
1.000000000004224
1.000000000006989
1.000000000011434
1.000000000018501
1.000000000029609
1.000000000046879
1.000000000073446
1.000000000113888
1.000000000174832
1.000000000265775
1.0000000004002
1.000000000597091
1.000000000882951
1.000000001294498
1.000000001882238
1.00000000271517
1.000000003886953
1.000000005523958
1.000000007795715
1.000000010928409
1.000000015222221
1.000000021073489
1.000000029002867
1.000000039690904
1.000000054022697
1.000000073143617
1.000000098528351
1.000000132065909
1.000000176163526
1.000000233872784
1.000000309041569
1.000000309395131
1.000000405114146
1.000000528060553
1.000000685245397
1.000000885268452
1.000001138617937
1.000001458011143
1.000001858777665
1.000002359285971
1.000002981412695
1.000003751052414
1.00000469866365
1.000005859844408
1.000007275927868
1.000008994585663
1.000011070422847
1.000013565545025
1.000016550074397
1.000020102587801
1.000024310446371
1.000029269983326
1.000035086513977
1.00004187413045
1.000049755243137
1.000058859831831
1.000069324371985
1.000081290405864
1.000094902734701
1.000110307216277
1.000127648162853
1.000147065346809
1.000168690635604
1.000192644293431
1.000219031003734
1.00024793568412
1.000279419182319
1.00031351395818
1.000350219871224
1.000389500205328
1.000431278070712
1.0004754333279
1.000521800177893
1.000570165557023
1.000620268463404
1.000671800324467
1.000724406491945
1.000777688922183
1.000831210066546
1.000884497959953
1.000937052456364
1.000988352519833
1.001037864440074
1.001085050804067
1.001129380021634
1.001170336174843
1.001207428939869
1.00124020331683
1.001268248898922
1.001291208417511
1.001308785314688
1.00132075011899
1.001326945432608
1.001327289378549
1.001321777402145
1.0013104823715
1.001293552973747
1.001271210456518
1.00124374381444
1.001211503567149
1.00117489431608
1.001134366300969
1.001090406202163
1.001043527450855
1.00099426031578
1.000943142031841
1.000890707224008
1.000837478859529
1.000783959934119
1.000730626064797
1.000677919124959
1.000626242017795
1.000575954643925
1.000527371079725
1.000480757945712
1.000436333910765
1.000394270248906
1.000354692341558
1.000317682000098
1.000283280471295
1.000251491981758
1.000222287676521
1.000195609810819
1.000171376062283
1.000149483842449
1.000129814500812
1.000112237330756
1.000096613303824
1.000082798476124
1.000070647027584
1.000060013910659
1.000050757099547
1.000042739443662
1.000035830139781
1.000029905845918
1.000024851466517
1.000020560643106
1.000016935987261
1.00001388909384
1.000011340372085
1.000009218730782
1.000007461151235
1.000006012178871
1.000004823360779
1.000003852652884
1.000003063816704
1.000002425822025
1.000001912268406
1.000001500835302
1.000001172767754
1.000000912402191
1.000000706734814
1.000000545033331
1.000000418491468
1.00000031992464
1.00000024350444
1.000000184529062
1.000000139226516
1.000000104587319
1.000000078223386
1.000000058249918
1.000000043187274
1.000000031880025
1.000000023430662
1.000000017145658
1.00000001249189
1.000000009061647
1.000000006544732
1.000000004706337
1.000000003369623
1.00000000240208
1.000000001704913
1.000000001204831
1.000000000847735
1.000000000593888
1.000000000414248
1.000000000287693
1.000000000198935
1.000000000136964
1.00000000009389
1.000000000064083
1.00000000004355
1.000000000029468
1.000000000019853
1.000000000013317
1.000000000008895
1.000000000005915
1.000000000003917
1.000000000002582
1.000000000001695
1.000000000001108
1.000000000000721
1.000000000000467
1.000000000000301
1.000000000000194
1.000000000000124
1.000000000000079
1.00000000000005
1.000000000000031
1.000000000000019
1.000000000000011
1.000000000000006
1.000000000000003
1.000000000000001
1
1
1
1
1
1
1
1
1
1
1
1
1
1
1
1
1
1
1
1
1
1
1
1
1
1
1
1
1
1
1
1
1
1
1
1
1
1
1
1.000000000000001
1.000000000000003
1.000000000000006
1.000000000000011
1.000000000000021
1.000000000000038
1.000000000000069
1.000000000000123
1.000000000000218
1.000000000000382
1.000000000000662
1.000000000001134
1.000000000001921
1.000000000003215
1.000000000005319
1.000000000008703
1.000000000014081
1.000000000022536
1.000000000035681
1.000000000055901
1.000000000086682
1.000000000133067
1.000000000202285
1.000000000304599
1.000000000454457
1.00000000067203
1.000000000985267
1.000000001432609
1.000000002066572
1.000000002958444
1.000000004204407
1.000000005933497
1.000000008317867
1.000000011585994
1.000000016039543
1.000000022074797
1.00000003020974
1.000000041118047
1.000000055671489
1.000000074992496
1.000000100518846
1.000000134082758
1.000000178006879
1.000000235219951
1.000000234460402
1.000000306996615
1.000000400165872
1.000000519281183
1.000000670859506
1.000000862848877
1.000001104886539
1.000001408589356
1.000001787877073
1.000002259327949
1.000002842565074
1.000003560670125
1.000004440619526
1.000005513735859
1.000006816145038
1.000008389227182
1.000010280046392
1.000012541741809
1.000015233859576
1.000018422602652
1.00002218097312
1.000026588779779
1.000031732482576
1.000037704845121
1.000044604367193
1.000052534471043
1.000061602418614
1.000071917941534
1.000083591572106
1.000096732671443
1.000111447160311
1.000127834969077
1.000145987235066
1.0001659832884
1.00018788748049
1.000211745922402
1.000237583212634
1.000265399244888
1.000295166195534
1.000326825797008
1.000360287006757
1.000395424181051
1.000432075858587
1.000470044250061
1.000509095516693
1.000548960903134
1.000589338768627
1.000629897535187
1.000670279543736
1.000710105779411
1.00074898139678
1.000786501945671
1.00082226016993
1.000855853225988
1.00088689014682
1.00091499936082
1.000939836065153
1.000961089249987
1.000978488174037
1.000991808103119
1.001000875141715
1.001005570012338
1.00100583066781
1.00100165365647
1.00099309419829
1.00098026496955
1.000963333633493
1.000942519192615
1.00091808727359
1.000890344486742
1.000859632027493
1.000826318706272
1.000790793605532
1.000753458567363
1.00071472071288
1.000674985185372
1.000634648293811
1.000594091212578
1.000553674368244
1.000513732616183
1.000474571279816
1.000436463094856
1.000399646071016
1.000364322255558
1.000330657357588
1.00029878116999
1.000268788707847
1.000240741968497
1.000214672209072
1.000190582632517
1.00016845137228
1.000148234668877
1.000129870137711
1.000113280036367
1.000098374450484
1.000085054329478
1.000073214316408
1.000062745329378
1.000053536864707
1.000045479004147
1.000038464119354
1.000032388276466
1.000027152351709
1.000022662875497
1.000018832627465
1.00001558100828
1.000012834216193
1.000010525257058
1.00000859381635
1.000006986020564
1.000005654113623
1.000004556071602
1.000003655176495
1.000002919566967
1.000002321781207
1.000001838304273
1.000001449129706
1.000001137342823
1.000000888730968
1.000000691424168
1.000000535568047
1.000000413029593
1.000000317135345
1.000000242440771
1.000000184529062
1.000000139837157
1.000000105506614
1.000000079256826
1.000000059278085
1.000000044142079
1.000000032727524
1.000000024158831
1.00000001775586
1.000000012993053
1.000000009466405
1.000000006866951
1.000000004959622
1.000000003566479
1.000000002553511
1.000000001820303
1.000000001291987
1.000000000913024
1.000000000642415
1.00000000045005
1.000000000313918
1.000000000218014
1.000000000150753
1.000000000103792
1.00000000007115
1.000000000048562
1.000000000033002
1.00000000002233
1.000000000015044
1.000000000010092
1.00000000000674
1.000000000004483
1.000000000002968
1.000000000001957
1.000000000001285
1.000000000000839
1.000000000000546
1.000000000000354
1.000000000000228
1.000000000000147
1.000000000000094
1.00000000000006
1.000000000000037
1.000000000000023
1.000000000000014
1.000000000000008
1.000000000000004
1.000000000000001
1
1
1
1
1
1
1
1
1
1
1
1
1
1
1
1
1
1
1
1
1
1
1
1
1
1
1
1
1
1
1
1
1
1
1
1
1
1
1
1
1
1.000000000000002
1.000000000000005
1.000000000000009
1.000000000000016
1.000000000000029
1.000000000000052
1.000000000000093
1.000000000000165
1.00000000000029
1.000000000000502
1.00000000000086
1.000000000001456
1.000000000002436
1.000000000004031
1.000000000006595
1.00000000001067
1.000000000017077
1.000000000027038
1.000000000042361
1.000000000065686
1.000000000100837
1.00000000015329
1.000000000230823
1.000000000344384
1.00000000050926
1.00000000074663
1.000000001085624
1.00000000156604
1.000000002241898
1.000000003186087
1.00000000449639
1.000000006303265
1.000000008779851
1.000000012154751
1.000000016728271
1.00000002289294
1.00000003115927
1.000000042187893
1.00000005682939
1.000000076173317
1.000000101608135
1.000000134893959
1.000000178250202
1.000000176898746
1.000000231626897
1.000000301922583
1.000000391794448
1.000000506159517
1.000000651014556
1.000000833630834
1.000001062773243
1.00000134894419
1.00000170465193
1.000002144702035
1.000002686509578
1.000003350428213
1.000004160090764
1.000005142754165
1.000006329639644
1.000007756256985
1.00000946269959
1.000011493894939
1.000013899793078
1.00001673547399
1.000020061153325
1.000023942065025
1.000028448199152
1.000033653873705
1.000039637120701
1.000046478869208
1.000054261911683
1.000063069644704
1.000072984581198
1.000084086638368
1.000096451213675
1.000110147070252
1.000125234062713
1.000141760744259
1.000159761905773
1.000179256106927
1.000200243267648
1.00022270239516
1.000246589526759
1.000271835971037
1.000298346930018
1.000326000581387
1.000354647693369
1.000384111834875
1.000414190230278
1.00044465529192
1.000475256844511
1.000505725034581
1.000535773895716
1.000565105517335
1.000593414742072
1.000620394295434
1.000645740232206
1.000669157568004
1.000690365952263
1.000709105231427
1.00072514074873
1.000738268229988
1.000748318113337
1.000755159194652
1.000758701479068
1.000758898151951
1.000755746608943
1.000749288513394
1.000739608879405
1.000726834208702
1.000711129738447
1.000692695883717
1.00067176398173
1.000648591464137
1.000623456598104
1.000596652946023
1.000568483697432
1.000539256024888
1.00050927560869
1.000478841463649
1.00044824118554
1.000417746715935
1.000387610702955
1.000358063512887
1.000329310924611
1.000301532516271
1.000274880732366
1.000249480600281
1.000225430048638
1.000202800766233
1.000181639529999
1.000161969923405
1.000143794363057
1.000127096350645
1.00011184286966
1.000097986850955
1.000085469637929
1.000074223390253
1.00006417337433
1.000055240098423
1.000047341260319
1.000040393485075
1.000034313839456
1.000029021117962
1.000024436902579
1.0000204864045
1.000017099101006
1.000014209184405
1.000011755842578
1.000009683392173
1.000007941286172
1.000006484017326
1.000005270938134
1.000004266016687
1.000003437545979
1.000002757822319
1.000002202806368
1.000001751778225
1.000001386995897
1.000001093364538
1.000000858122043
1.000000670544987
1.000000521677492
1.000000404084448
1.000000311629511
1.000000239277566
1.000000182920726
1.000000139226516
1.000000105506614
1.000000079604332
1.000000059798956
1.000000044725067
1.000000033305006
1.000000024692768
1.000000018227724
1.000000013396709
1.000000009803192
1.000000007142352
1.000000005181077
1.000000003742006
1.000000002690887
1.000000001926609
1.000000001373407
1.000000000974796
1.00000000068887
1.000000000484698
1.000000000339559
1.000000000236849
1.00000000016449
1.000000000113742
1.00000000007831
1.000000000053682
1.00000000003664
1.0000000000249
1.000000000016848
1.000000000011351
1.000000000007614
1.000000000005086
1.000000000003382
1.000000000002239
1.000000000001476
1.000000000000969
1.000000000000633
1.000000000000412
1.000000000000267
1.000000000000172
1.000000000000111
1.000000000000071
1.000000000000045
1.000000000000028
1.000000000000017
1.00000000000001
1.000000000000005
1.000000000000002
1
1
1
1
1
1
1
1
1
1
1
1
1
1
1
1
1
1
1
1
1
1
1
1
1
1
1
1
1
1
1
1
1
1
1
1
1
1
1
1
1
1
1.000000000000001
1.000000000000003
1.000000000000007
1.000000000000012
1.000000000000022
1.00000000000004
1.000000000000071
1.000000000000125
1.000000000000219
1.000000000000379
1.000000000000649
1.000000000001098
1.000000000001838
1.000000000003041
1.000000000004976
1.000000000008051
1.000000000012884
1.0000000000204
1.00000000003196
1.000000000049559
1.000000000076079
1.000000000115654
1.000000000174152
1.000000000259832
1.000000000384229
1.000000000563321
1.000000000819088
1.000000001181555
1.000000001691483
1.000000002403864
1.000000003392473
1.000000004755741
1.000000006624302
1.000000009170634
1.000000012621314
1.000000017272504
1.000000023509383
1.000000031830394
1.000000042877295
1.000000057472149
1.000000076662545
1.00000010177648
1.000000134488491
1.000000132886182
1.000000173997984
1.00000022680414
1.000000294315954
1.000000380227108
1.00000048904239
1.000000626223999
1.000000798356151
1.000001013328291
1.000001280536664
1.000001611103272
1.000002018110387
1.000002516847755
1.000003125068454
1.000003863248012
1.000004754839953
1.000005826519392
1.000007108404683
1.000008634245564
1.000010441564758
1.000012571738628
1.000015070001481
1.0000179853574
1.000021370383293
1.000025280907252
1.000029775547362
1.000034915098002
1.000040761753344
1.000047378161392
1.000054826306356
1.000063166222535
1.000072454548981
1.000082742941013
1.00009407636183
1.000106491284955
1.000120013845588
1.00013465798596
1.000150423646024
1.000167295055997
1.000185239190959
1.000204204449648
1.000224119619398
1.000244893186704
1.000266413047915
1.000288546667094
1.000311141718128
1.000334027235957
1.000357015287554
1.000379903157518
1.000402476026302
1.000424510101818
1.000445776148142
1.000466043338939
1.000485083348833
1.000502674583864
1.000518606443071
1.00053268349759
1.00054472947188
1.000554590913964
1.000562140447952
1.000567279512496
1.000569940502879
1.000570088251615
1.000567720802227
1.000562869452393
1.000555598065118
1.000546001669152
1.000534204391526
1.000520356785122
1.000504632631711
1.000487225315358
1.000468343871883
1.000448208826974
1.000427047938284
1.000405091955543
1.000382570507482
1.000359708215691
1.000336721123711
1.000313813515564
1.000291175181921
1.000268979175216
1.000247380077687
1.000226512789429
1.000206491827591
1.000187411113435
1.000169344211478
1.000152344974733
1.000136448542281
1.000121672630145
1.00010801905368
1.000095475419253
1.000084016924667
1.000073608211306
1.000064205215997
1.000055756976698
1.000048207353109
1.000041496630589
1.000035562983254
1.000030343779383
1.000025776719069
1.000021800800291
1.000018357115004
1.000015389481448
1.00001284492257
1.000010674003277
1.000008831041175
1.000007274206633
1.000005965528462
1.000004870821374
1.000003959550754
1.000003204649244
1.000002582298378
1.000002071687
1.000001654756638
1.000001315942399
1.000001041916408
1.000000821339345
1.000000644624253
1.000000503715644
1.000000391885823
1.000000303549498
1.000000234097022
1.000000179745993
1.000000137410549
1.000000104587319
1.000000079256826
1.000000059798956
1.000000044921103
1.000000033597558
1.00000002501878
1.000000018549247
1.000000013692692
1.000000010063624
1.000000007364168
1.00000000536534
1.000000003892028
1.000000002810997
1.000000002021394
1.000000001447268
1.000000001031703
1.000000000732266
1.000000000517479
1.000000000364105
1.000000000255077
1.000000000177921
1.000000000123565
1.000000000085443
1.000000000058826
1.000000000040326
1.000000000027524
1.000000000018705
1.000000000012656
1.000000000008527
1.00000000000572
1.00000000000382
1.00000000000254
1.000000000001682
1.000000000001109
1.000000000000728
1.000000000000476
1.00000000000031
1.000000000000201
1.000000000000129
1.000000000000083
1.000000000000053
1.000000000000034
1.000000000000021
1.000000000000013
1.000000000000007
1.000000000000003
1.000000000000001
1
1
1
1
1
1
1
1
1
1
1
1
1
1
1
1
1
1
1
1
1
1
1
1
1
1
1
1
1
1
1
1
1
1
1
1
1
1
1
1
1
1
1
1.000000000000002
1.000000000000005
1.000000000000009
1.000000000000017
1.00000000000003
1.000000000000053
1.000000000000094
1.000000000000164
1.000000000000285
1.000000000000487
1.000000000000825
1.000000000001381
1.000000000002285
1.000000000003738
1.000000000006048
1.000000000009678
1.000000000015324
1.000000000024008
1.000000000037228
1.00000000005715
1.000000000086878
1.000000000130821
1.000000000195183
1.000000000288629
1.000000000423161
1.000000000615292
1.000000000887575
1.00000000127063
1.000000001805766
1.000000002548405
1.000000003572487
1.000000004976143
1.000000006888939
1.000000009481081
1.000000012975044
1.000000017660174
1.000000023910903
1.000000032209319
1.000000043172957
1.000000057588767
1.000000076454342
1.000000101027597
1.000000099388313
1.000000130136727
1.000000169631615
1.000000220125207
1.000000284380096
1.000000365765523
1.000000468366802
1.000000597108433
1.000000757891128
1.000000957742578
1.000001204981209
1.000001509391587
1.000001882409308
1.000002337312357
1.000002889414914
1.000003556258485
1.000004357794089
1.000005316548036
1.000006457762655
1.000007809502188
1.000009402713127
1.000011271227425
1.000013451696559
1.000015983444225
1.000018908225773
1.000022269883269
1.0000261138865
1.0000304867522
1.000035435336547
1.000041005999257
1.00004724364166
1.000054190625701
1.00006188558586
1.000070362151406
1.000079647601954
1.000089761484811
1.000100714227834
1.000112505786198
1.000125124365337
1.0001385452651
1.000152729891579
1.000167624982959
1.000183162093868
1.000199257378994
1.000215811711155
1.000232711161544
1.000249827860768
1.000267021248615
1.000284139708723
1.000301022571695
1.000317502457314
1.000333407913758
1.000348566299683
1.00036280684427
1.000375963811302
1.000387879686518
1.000398408303276
1.000407417820227
1.00041479346638
1.000420439973764
1.000424283625591
1.000426273858384
1.000426384369357
1.000424613695152
1.000420985244104
1.000415546781053
1.000408369380555
1.00039954588057
1.00038918888368
1.000377428365996
1.000364408964722
1.000350287023444
1.000335227479336
1.000319400678563
1.000302979205146
1.000286134804686
1.000269035477804
1.000251842809369
1.000234709588979
1.000217777766266
1.000201176771869
1.000185022222068
1.000169415012326
1.000154440793145
1.000140169810795
1.000126657086183
1.000113942897441
1.000102053526039
1.000091002222264
1.000080790343863
1.000071408621286
1.000062838504284
1.000055053547174
1.000048020793895
1.000041702128536
1.000036055562229
1.000031036432756
1.000026598498847
1.000022694916525
1.000019279089988
1.00001630539416
1.000013729770107
1.000011510197961
1.000009607054745
1.000007983366607
1.000006604966446
1.000005440568745
1.000004461773827
1.00000364301359
1.000002961450372
1.000002396839765
1.000001931367299
1.000001549467752
1.000001237634709
1.00000098422677
1.000000779275662
1.000000614300406
1.000000482130663
1.000000376741519
1.000000293101154
1.000000227032182
1.000000175086926
1.000000134436429
1.000000102772694
1.000000078223386
1.000000059278085
1.000000044725067
1.000000033597558
1.000000025128404
1.00000001871213
1.000000013873412
1.000000010241079
1.000000007526814
1.000000005507827
1.000000004012858
1.000000002910934
1.000000002102406
1.000000001511845
1.000000001082443
1.000000000771633
1.000000000547677
1.000000000387033
1.000000000272321
1.000000000190777
1.00000000013307
1.000000000092417
1.000000000063904
1.000000000043997
1.000000000030161
1.000000000020586
1.00000000001399
1.000000000009466
1.000000000006377
1.000000000004278
1.000000000002857
1.0000000000019
1.000000000001258
1.00000000000083
1.000000000000544
1.000000000000356
1.000000000000232
1.00000000000015
1.000000000000097
1.000000000000062
1.000000000000039
1.000000000000025
1.000000000000015
1.000000000000009
1.000000000000005
1.000000000000002
1
1
1
1
1
1
1
1
1
1
1
1
1
1
1
1
1
1
1
1
1
1
1
1
1
1
1
1
1
1
1
1
1
1
1
1
1
1
1
1
1
1
1
1
1.000000000000001
1.000000000000003
1.000000000000007
1.000000000000012
1.000000000000022
1.00000000000004
1.00000000000007
1.000000000000123
1.000000000000213
1.000000000000365
1.000000000000617
1.000000000001033
1.000000000001709
1.000000000002796
1.000000000004523
1.000000000007239
1.000000000011461
1.000000000017956
1.000000000027843
1.000000000042743
1.000000000064977
1.000000000097842
1.000000000145979
1.000000000215869
1.000000000316488
1.000000000460185
1.000000000663829
1.000000000950322
1.000000001350559
1.000000001905991
1.00000000267192
1.000000003721739
1.000000005152354
1.000000007091065
1.000000009704267
1.000000013208367
1.00000001788341
1.000000024089962
1.00000003228989
1.000000043071772
1.000000057181732
1.000000075560592
1.000000074010249
1.000000096907323
1.000000126317545
1.000000163918064
1.000000211766074
1.000000272370522
1.000000348773583
1.000000444642344
1.000000564370843
1.000000713192335
1.00000089730124
1.000001123983759
1.000001401755553
1.000001740504246
1.000002151633743
1.000002648206557
1.00000324507948
1.000003959027036
1.000004808846265
1.000005815435594
1.000007001839753
1.000008393252183
1.000010016965922
1.000011902263919
1.000014080239894
1.000016583541476
1.000019446028403
1.000022702340047
1.000026387368556
1.000030535636384
1.00003518057999
1.000040353744846
1.00004608390072
1.000052396090185
1.000059310627456
1.000066842068781
1.000074998179477
1.000083778926236
1.000093175526132
1.000103169585912
1.000113732366135
1.000124824204686
1.000136394132795
1.000148379713897
1.000160707131556
1.000173291547084
1.000186037740728
1.000198841042322
1.00021158854857
1.000224160614693
1.000236432598593
1.000248276826184
1.000259564737575
1.000270169165782
1.000279966692901
1.000288840023622
1.000296680312798
1.000303389382812
1.000308881767737
1.00031308652485
1.000315948759825
1.000317430819785
1.000317513117934
1.000316194564514
1.000313492590834
1.000309442765638
1.000304098015583
1.000297527473771
1.000289814991318
1.000281057356792
1.000271362276362
1.000260846173529
1.000249631871136
1.000237846219911
1.000225617737037
1.000213074315359
1.000200341058967
1.00018753829437
1.000174779798554
1.000162171276364
1.000149809110198
1.000137779395389
1.0001261572652
1.000115006500512
1.000104379411224
1.000094316969442
1.000084849168854
1.00007599558033
1.000067766070879
1.000060161651559
1.000053175419658
1.000046793561456
1.000040996383785
1.000035759345432
1.000031054062826
1.000026849268343
1.000023111703615
1.000019806934408
1.000016900077676
1.000014356435181
1.000012142031552
1.000010224057671
1.000008571222839
1.000007154021237
1.00000594491976
1.000004918475386
1.000004051390913
1.000003322518115
1.000002712817347
1.000002205282219
1.00000178483745
1.000001438217246
1.000001153830747
1.000000921620212
1.000000732916713
1.00000058029724
1.000000457446312
1.000000359024441
1.000000280545093
1.000000218261255
1.000000169062181
1.000000130380512
1.000000100109629
1.00000007653085
1.000000058249918
1.000000044142079
1.000000033305006
1.00000002501878
1.00000001871213
1.00000001393418
1.000000010330976
1.000000007626121
1.000000005604915
1.000000004101456
1.000000002988212
1.000000002167653
1.000000001565575
1.000000001125808
1.00000000080605
1.000000000574602
1.000000000407832
1.000000000288207
1.000000000202786
1.000000000142063
1.000000000099092
1.000000000068819
1.000000000047587
1.000000000032763
1.000000000022459
1.00000000001533
1.000000000010418
1.000000000007049
1.000000000004749
1.000000000003185
1.000000000002128
1.000000000001415
1.000000000000937
1.000000000000618
1.000000000000405
1.000000000000265
1.000000000000173
1.000000000000112
1.000000000000072
1.000000000000046
1.000000000000029
1.000000000000018
1.000000000000011
1.000000000000006
1.000000000000002
1.000000000000001
1
1
1
1
1
1
1
1
1
1
1
1
1
1
1
1
1
1
1
1
1
1
1
1
1
1
1
1
1
1
1
1
1
1
1
1
1
1
1
1
1
1
1
1
1.000000000000001
1.000000000000002
1.000000000000005
1.000000000000009
1.000000000000017
1.00000000000003
1.000000000000053
1.000000000000092
1.000000000000159
1.000000000000272
1.00000000000046
1.000000000000769
1.000000000001273
1.000000000002082
1.000000000003368
1.00000000000539
1.000000000008534
1.000000000013371
1.000000000020733
1.000000000031828
1.000000000048385
1.000000000072858
1.000000000108703
1.000000000160746
1.000000000235672
1.000000000342676
1.000000000494321
1.000000000707658
1.000000001005696
1.0000000014193
1.000000001989652
1.000000002771406
1.00000000383672
1.000000005280391
1.000000007226327
1.000000009835677
1.000000013316978
1.00000001793873
1.000000024044866
1.000000032073676
1.000000042580768
1.000000056266735
1.000000054871911
1.000000071848051
1.000000093653119
1.000000121530573
1.000000157005648
1.000000201938508
1.000000258584667
1.000000329662955
1.000000418431174
1.000000528769336
1.000000665270076
1.000000833335492
1.000001039279224
1.000001290432108
1.000001595249173
1.000001963415172
1.000002405945163
1.000002935276044
1.000003565344243
1.000004311644189
1.000005191261621
1.000006222875369
1.000007426720942
1.000008824509205
1.000010439293565
1.000012295279524
1.00001441757127
1.000016831851025
1.000019563988432
1.000022639579043
1.000026083413236
1.000029918879387
1.000034167307925
1.000038847265876
1.000043973814589
1.000049557746358
1.000055604818577
1.0000621150066
1.000069081798678
1.000076491557797
1.000084322976104
1.000092546647494
1.000101124782909
1.000110011090872
1.000119150842672
1.000128481137511
1.000137931377882
1.00014742395958
1.000156875174207
1.000166196315111
1.000175294970534
1.000184076480742
1.000192445529245
1.000200307832269
1.000207571885669
1.000214150724685
1.00021996364965
1.000224937869979
1.000229010019748
1.000232127500778
1.000234249613448
1.000235348441234
1.000235409462115
1.000234431868087
1.000232428582984
1.00022942597804
1.000225463293949
1.000220591787136
1.000214873626216
1.000208380571855
1.000201192479214
1.000193395666637
1.000185081197051
1.000176343119726
1.000167276719473
1.00015797681821
1.000148536170225
1.000139043987629
1.000129584626603
1.000120236458508
1.000111070942886
1.000102151912269
1.00009353507173
1.000085267709491
1.000077388608991
1.000069928147639
1.000062908563257
1.000056344366013
1.000050242871467
1.00004460482923
1.000039425121506
1.000034693506563
1.000030395383548
1.000026512557183
1.000023023983405
1.000019906479864
1.00001713538824
1.000014685178408
1.000012529987486
1.000010644089614
1.000009002294879
1.000007580278048
1.00000635483967
1.000005304103636
1.000004407656442
1.000003646634206
1.000003003763994
1.000002463366162
1.000002011324399
1.000001635029887
1.000001323305567
1.000001066315958
1.000000855467409
1.000000683302947
1.000000543395287
1.00000043024089
1.000000339157358
1.000000266185906
1.00000020800015
1.000000161821992
1.000000125345078
1.000000096665926
1.000000074222657
1.000000056741015
1.000000043187273
1.000000032727524
1.000000024692768
1.000000018549247
1.000000013873412
1.000000010330976
1.000000007659513
1.000000005654099
1.000000004155551
1.000000003040868
1.000000002215495
1.000000001607122
1.000000001160735
1.000000000834687
1.000000000597614
1.000000000426016
1.000000000302371
1.00000000021368
1.000000000150347
1.000000000105327
1.000000000073468
1.000000000051023
1.000000000035282
1.000000000024291
1.000000000016652
1.000000000011365
1.000000000007724
1.000000000005226
1.000000000003521
1.000000000002362
1.000000000001577
1.000000000001049
1.000000000000695
1.000000000000458
1.0000000000003
1.000000000000197
1.000000000000128
1.000000000000083
1.000000000000053
1.000000000000034
1.000000000000021
1.000000000000013
1.000000000000008
1.000000000000004
1.000000000000001
1
1
1
1
1
1
1
1
1
1
1
1
1
1
1
1
1
1
1
1
1
1
1
1
1
1
1
1
1
1
1
1
1
1
1
1
1
1
1
1
1
1
1
1
1
1
1.000000000000001
1.000000000000003
1.000000000000007
1.000000000000013
1.000000000000022
1.000000000000039
1.000000000000068
1.000000000000118
1.000000000000201
1.000000000000341
1.00000000000057
1.000000000000943
1.000000000001543
1.000000000002497
1.000000000003997
1.000000000006328
1.000000000009913
1.000000000015372
1.000000000023598
1.000000000035872
1.000000000054017
1.000000000080593
1.000000000119177
1.000000000174728
1.000000000254061
1.00000000036649
1.00000000052466
1.000000000745626
1.000000001052275
1.000000001475138
1.000000002054735
1.000000002844566
1.000000003914915
1.000000005357647
1.000000007292241
1.000000009873308
1.000000013299917
1.000000017827063
1.000000023779701
1.000000031569764
1.000000041716682
1.000000040505185
1.000000053036604
1.000000069132639
1.000000089711188
1.000000115898148
1.000000149066661
1.000000190881704
1.000000243350266
1.000000308877201
1.000000390326663
1.000000491088854
1.000000615151508
1.000000767175246
1.000000952571565
1.000001177581824
1.000001449355145
1.000001776022662
1.000002166765086
1.00000263187006
1.000003182775321
1.000003832093288
1.000004593612374
1.000005482270112
1.000006514093122
1.000007706099071
1.000009076156087
1.000010642795697
1.000012424976131
1.000014441793969
1.000016712143471
1.000019254324529
1.000022085602107
1.000025221722026
1.000028676390211
1.000032460724752
1.000036582692396
1.000041046543199
1.000045852259016
1.000050995033016
1.00005646479861
1.000062245826716
1.00006831641024
1.000074648653924
1.000081208386151
1.000087955207062
1.000094842684286
1.000101818703856
1.000108825979559
1.000115802719159
1.000122683440776
1.000129399927474
1.000135882302889
1.000142060205842
1.000147864037487
1.00015322625085
1.000158082649858
1.000162373663229
1.000166045558042
1.000169051558514
1.000171352837443
1.00017291935096
1.000173730491485
1.000173775539051
1.000173053897172
1.000171575105996
1.000169358632336
1.000166433443046
1.000162837374813
1.000158616319534
1.000153823249817
1.000148517113505
1.000142761629463
1.000136624018938
1.000130173707654
1.00012348103339
1.000116615992226
1.000109647053955
1.000102640073583
1.000095657321549
1.000088756650387
1.000081990810431
1.000075406921876
1.000069046105349
1.000062943268285
1.000057127040021
1.000051619844689
1.000046438097902
1.00004159251084
1.000037088483732
1.000032926569921
1.000029102991526
1.000025610188251
1.000022437381967
1.000019571141193
1.000016995931522
1.000014694640097
1.000012649064522
1.00001084035885
1.000009249431498
1.000007857292033
1.000006645345648
1.000005595635833
1.000004691037112
1.000003915400882
1.000003253658211
1.000002691884076
1.000002217327868
1.000001818415119
1.000001484725392
1.000001206951056
1.000000976841383
1.000000787135978
1.000000631491145
1.000000504402267
1.000000401124824
1.000000317596194
1.000000250359905
1.00000019649365
1.000000153541944
1.000000119454043
1.000000092527432
1.000000071356996
1.000000054789779
1.000000041885148
1.000000031880025
1.000000024158831
1.000000018227724
1.000000013692692
1.000000010241079
1.000000007626121
1.000000005654099
1.000000004173741
1.000000003067542
1.000000002244705
1.000000001635432
1.000000001186344
1.000000000856829
1.000000000616147
1.000000000441146
1.000000000314476
1.000000000223203
1.000000000157733
1.000000000110983
1.00000000007775
1.000000000054232
1.000000000037664
1.000000000026044
1.000000000017931
1.000000000012292
1.00000000000839
1.000000000005701
1.000000000003858
1.000000000002599
1.000000000001744
1.000000000001164
1.000000000000774
1.000000000000513
1.000000000000338
1.000000000000222
1.000000000000145
1.000000000000095
1.000000000000061
1.000000000000039
1.000000000000025
1.000000000000015
1.000000000000009
1.000000000000005
1.000000000000002
1
1
1
1
1
1
1
1
1
1
1
1
1
1
1
1
1
1
1
1
1
1
1
1
1
1
1
1
1
1
1
1
1
1
1
1
1
1
1
1
1
1
1
1
1
1
1
1.000000000000001
1.000000000000002
1.000000000000005
1.000000000000009
1.000000000000017
1.000000000000029
1.00000000000005
1.000000000000087
1.000000000000149
1.000000000000252
1.000000000000421
1.000000000000697
1.00000000000114
1.000000000001844
1.00000000000295
1.000000000004671
1.000000000007318
1.000000000011347
1.000000000017419
1.00000000002648
1.000000000039873
1.000000000059491
1.000000000087973
1.000000000128978
1.00000000018754
1.000000000270532
1.000000000387288
1.0000000005504
1.00000000077676
1.000000001088906
1.000000001516749
1.000000002099782
1.000000002889887
1.000000003954877
1.000000005382946
1.000000007288228
1.00000000981767
1.000000013159505
1.000000017553606
1.000000023304054
1.000000030794283
1.000000029769676
1.000000038979781
1.000000050809743
1.000000065934185
1.000000085180601
1.000000109558201
1.000000140290682
1.000000178853113
1.000000227012973
1.000000286875317
1.000000360931825
1.000000452113343
1.000000563845267
1.00000070010486
1.000000865479311
1.000001065222978
1.000001305311971
1.000001592493805
1.00000193432955
1.000002339225563
1.000002816451552
1.000003376141544
1.000004029274134
1.000004787628362
1.000005663711655
1.00000667065651
1.000007822082996
1.000009131924801
1.000010614217301
1.00001228284717
1.000014151264253
1.000016232157754
1.000018537100361
1.000021076165509
1.00002385752466
1.000026887033144
1.000030167814647
1.000033699855867
1.000037479623974
1.000041499720389
1.000045748584781
1.000050210263179
1.000054864253505
1.000059685440762
1.000064644132394
1.000069706202141
1.000074833347949
1.000079983466329
1.000085111142007
1.000090168247933
1.000095104646876
1.000099868981974
1.000104409540041
1.000108675168169
1.000112616221512
1.000116185518021
1.000119339274716
1.00012203799962
1.000124247314025
1.000125938681173
1.000127090019768
1.000127686183881
1.000127719294658
1.000127188913677
1.000126102052615
1.000124473018926
1.000122323102289
1.000119680111425
1.000116577775377
1.000113055027279
1.000109155191873
1.000104925100451
1.000100414158443
1.000095673391497
1.000090754495597
1.000085708915589
1.000080586974547
1.000075437073765
1.000070304979991
1.000065233212961
1.000060260542459
1.000055421600297
1.000050746608798
1.000046261223795
1.000041986486917
1.00003793887917
1.000034130465494
1.000030569118253
1.000027258806437
1.00002419993673
1.000021389732508
1.000018822637196
1.000016490729212
1.000014384136852
1.000012491442828
1.000010800069742
1.000009296639422
1.000007967300709
1.000006798021909
1.000005774845668
1.00000488410541
1.000004112603683
1.000003447753822
1.000002877687129
1.000002391328433
1.000001978443297
1.000001629660441
1.000001336473013
1.000001091222331
1.000000887067596
1.000000717944793
1.000000578517773
1.000000464124128
1.000000370718148
1.000000294812769
1.000000233422099
1.000000184005747
1.000000144415914
1.000000112847902
1.000000087794482
1.000000068004366
1.000000052444838
1.000000040268519
1.000000030784072
1.000000023430662
1.00000001775586
1.000000013396709
1.000000010063624
1.000000007526814
1.000000005604915
1.000000004155551
1.000000003067542
1.000000002254527
1.000000001649773
1.00000000120198
1.000000000871917
1.000000000629736
1.000000000452844
1.000000000324224
1.000000000231127
1.000000000164045
1.000000000115927
1.000000000081568
1.000000000057143
1.000000000039859
1.000000000027682
1.000000000019142
1.000000000013178
1.000000000009034
1.000000000006166
1.00000000000419
1.000000000002835
1.00000000000191
1.000000000001281
1.000000000000856
1.000000000000569
1.000000000000377
1.000000000000249
1.000000000000163
1.000000000000107
1.000000000000069
1.000000000000045
1.000000000000029
1.000000000000018
1.000000000000011
1.000000000000006
1.000000000000003
1.000000000000001
1
1
1
1
1
1
1
1
1
1
1
1
1
1
1
1
1
1
1
1
1
1
1
1
1
1
1
1
1
1
1
1
1
1
1
1
1
1
1
1
1
1
1
1
1
1
1
1
1.000000000000001
1.000000000000003
1.000000000000007
1.000000000000012
1.000000000000022
1.000000000000037
1.000000000000064
1.000000000000109
1.000000000000185
1.00000000000031
1.000000000000512
1.000000000000837
1.000000000001355
1.000000000002169
1.000000000003433
1.000000000005378
1.00000000000834
1.000000000012802
1.000000000019462
1.000000000029305
1.000000000043723
1.000000000064656
1.000000000094793
1.000000000137833
1.000000000198828
1.000000000284639
1.000000000404518
1.000000000570883
1.000000000800296
1.000000001114742
1.000000001543247
1.00000000212394
1.000000002906662
1.000000003956234
1.000000005356538
1.000000007215574
1.000000009671686
1.000000012901174
1.000000017127524
1.000000022632545
1.00000002178418
1.000000028523754
1.000000037180436
1.000000048247888
1.000000062331639
1.000000080170188
1.000000102658993
1.000000130877453
1.000000166118942
1.000000209923863
1.000000264115535
1.000000330838642
1.000000412599764
1.000000512309318
1.000000633324041
1.000000779488886
1.000000955176954
1.000001165325834
1.00000141546845
1.000001711756277
1.000002060972558
1.000002470533021
1.000002948471416
1.000003503407236
1.000004144492982
1.000004881338561
1.000005723910672
1.000006682405511
1.000007767093689
1.000008988137004
1.0000103553776
1.000011878101013
1.000013564775755
1.000015422773237
1.000017458073074
1.000019674960019
1.000022075719904
1.00002466034302
1.000027426244191
1.000030368009422
1.000033477179289
1.00003674207925
1.000040147706619
1.00004367568313
1.000047304280816
1.000051008527274
1.000054760394398
1.000058529072318
1.000062281327707
1.000065981942855
1.000069594229066
1.000073080605153
1.00007640322918
1.000079524669205
1.000082408596824
1.000085020485823
1.000087328297309
1.000089303132394
1.000090919833901
1.000092157519594
1.000093000031118
1.000093436285182
1.000093460516294
1.00009307240361
1.000092277078017
1.0000910850092
1.000089511776201
1.000087577728469
1.000085307547747
1.000082729723955
1.00007987596064
1.000076780527323
1.000073479577194
1.000070010449064
1.000066410972273
1.000062718792387
1.0000589707341
1.000055202215811
1.000051446728054
1.000047735385306
1.00004409655796
1.000040555588384
1.000037134592235
1.000033852343562
1.000030724239907
1.000027762341498
1.000024975477041
1.000022369407258
1.000019947036514
1.000017708662406
1.000015652253089
1.000013773742451
1.000012067333749
1.000010525803205
1.000009140796038
1.000007903108541
1.000006802951026
1.00000583018769
1.000004974550622
1.000004225826313
1.000003574014032
1.00000300945634
1.00000252294275
1.000002105788161
1.000001749888145
1.000001447753497
1.000001192526642
1.000000977982558
1.000000798516891
1.000000649123783
1.0000005253658
1.000000423338135
1.000000339629002
1.000000271277893
1.000000215733096
1.000000170809642
1.000000134648563
1.000000105678177
1.000000082577868
1.000000064244701
1.000000049763028
1.000000038377145
1.000000029466969
1.000000022526606
1.000000017145658
1.000000012993053
1.000000009803192
1.000000007364168
1.000000005507827
1.000000004101456
1.000000003040868
1.000000002244705
1.000000001649773
1.000000001207237
1.00000000087956
1.000000000638033
1.000000000460815
1.000000000331373
1.000000000237254
1.000000000169129
1.000000000120042
1.000000000084831
1.000000000059688
1.000000000041815
1.000000000029167
1.000000000020256
1.000000000014007
1.000000000009643
1.000000000006611
1.000000000004512
1.000000000003066
1.000000000002075
1.000000000001398
1.000000000000938
1.000000000000626
1.000000000000416
1.000000000000276
1.000000000000182
1.000000000000119
1.000000000000078
1.000000000000051
1.000000000000032
1.00000000000002
1.000000000000013
1.000000000000007
1.000000000000004
1.000000000000001
1
1
1
1
1
1
1
1
1
1
1
1
1
1
1
1
1
1
1
1
1
1
1
1
1
1
1
1
1
1
1
1
1
1
1
1
1
1
1
1
1
1
1
1
1
1
1
1
1
1
1.000000000000002
1.000000000000005
1.000000000000009
1.000000000000016
1.000000000000027
1.000000000000047
1.00000000000008
1.000000000000135
1.000000000000227
1.000000000000375
1.000000000000613
1.000000000000992
1.000000000001587
1.000000000002512
1.000000000003936
1.000000000006103
1.000000000009368
1.000000000014241
1.000000000021444
1.000000000031994
1.000000000047312
1.000000000069365
1.000000000100859
1.000000000145493
1.000000000208284
1.000000000296007
1.000000000417744
1.000000000585619
1.000000000815716
1.000000001129276
1.000000001554201
1.000000002126963
1.000000002894993
1.000000003919674
1.000000005280036
1.000000007077314
1.000000009440515
1.00000001253318
1.000000016561524
1.000000015871303
1.000000020781566
1.000000027088581
1.000000035152019
1.000000045413051
1.000000058409732
1.000000074794469
1.000000095353685
1.000000121029701
1.000000152944817
1.00000019242746
1.000000241040196
1.000000300609259
1.000000373255112
1.000000461423396
1.000000567915452
1.000000695917425
1.000000849026728
1.000001031274528
1.000001247142647
1.00000150157321
1.00000179996915
1.000002148183684
1.000002552496783
1.000003019576766
1.000003556425202
1.000004170303618
1.000004868640747
1.000005658919541
1.000006548543675
1.000007544683934
1.000008654105572
1.000009882978579
1.000011236673621
1.000012719547336
1.00001433472152
1.000016083861603
1.000017966960531
1.000019982134823
1.000022125439976
1.000024390712659
1.000026769447071
1.000029250712595
1.000031821119238
1.000034464836484
1.000037163669989
1.000039897199085
1.00004264297637
1.000045376788757
1.00004807297738
1.000050704811636
1.000053244910675
1.000055665703665
1.000057939918483
1.00006004108702
1.000061944054201
1.000063625477158
1.000065064300761
1.000066242196015
1.000067143948546
1.000067757785709
1.000068075632436
1.000068093288096
1.000067810518915
1.000067231063132
1.000066362548725
1.00006521632624
1.000063807221842
1.000062153218114
1.000060275072197
1.000058195882616
1.000055940617409
1.000053535617017
1.000051008085699
1.000048385585105
1.000045695542993
1.000042964789048
1.000040219128363
1.000037482961426
1.000034778957583
1.000032127786896
1.000029547913276
1.000027055449716
1.00002466407459
1.000022385006214
1.000020227031413
1.000018196582592
1.000016297856886
1.000014532970353
1.000012902139811
1.0000114038849
1.000010035243134
1.000008791991125
1.000007668865783
1.00000665977999
1.000005758028119
1.000004956477611
1.000004247743736
1.000003624345511
1.000003078841592
1.000002603945661
1.000002192621514
1.000001838158588
1.000001534229106
1.000001274928356
1.000001054799865
1.000000868847353
1.000000712535403
1.000000581780807
1.000000472936405
1.000000382769179
1.000000308434174
1.000000247445637
1.000000197646608
1.000000157177966
1.000000124447792
1.000000098101683
1.000000076994546
1.000000060164212
1.000000046807106
1.000000036256107
1.000000027960629
1.000000021468893
1.000000016412315
1.000000012491889
1.000000009466405
1.000000007142352
1.00000000536534
1.000000004012858
1.000000002988212
1.000000002215495
1.000000001635432
1.000000001201979
1.00000000087956
1.000000000640823
1.000000000464853
1.000000000335737
1.000000000241429
1.000000000172857
1.000000000123223
1.000000000087459
1.000000000061806
1.000000000043487
1.000000000030465
1.00000000002125
1.000000000014758
1.000000000010205
1.000000000007026
1.000000000004816
1.000000000003287
1.000000000002234
1.000000000001511
1.000000000001019
1.000000000000683
1.000000000000456
1.000000000000303
1.000000000000201
1.000000000000132
1.000000000000087
1.000000000000057
1.000000000000036
1.000000000000023
1.000000000000015
1.000000000000009
1.000000000000005
1.000000000000002
1
1
1
1
1
1
1
1
1
1
1
1
1
1
1
1
1
1
1
1
1
1
1
1
1
1
1
1
1
1
1
1
1
1
1
1
1
1
1
1
1
1
1
1
1
1
1
1
1
1
1
1.000000000000001
1.000000000000003
1.000000000000007
1.000000000000011
1.00000000000002
1.000000000000034
1.000000000000059
1.000000000000099
1.000000000000165
1.000000000000273
1.000000000000447
1.000000000000723
1.000000000001157
1.000000000001831
1.000000000002868
1.000000000004446
1.000000000006826
1.000000000010376
1.000000000015624
1.00000000002331
1.00000000003447
1.000000000050536
1.000000000073482
1.000000000106
1.000000000151748
1.00000000021566
1.000000000304353
1.000000000426661
1.000000000594302
1.000000000822752
1.000000001132339
1.000000001549635
1.000000002109197
1.000000002855749
1.000000003846867
1.000000005156309
1.000000006878067
1.000000009131292
1.000000012066226
1.000000011513011
1.000000015074913
1.00000001965002
1.000000025499238
1.000000032942594
1.000000042370395
1.000000054255898
1.000000069169577
1.000000087794995
1.000000110946274
1.000000139587059
1.000000174850841
1.00000021806238
1.000000270759869
1.000000334717387
1.000000411967043
1.00000050482008
1.000000615886083
1.000000748089281
1.000000904680814
1.000001089245729
1.000001305703346
1.000001558299623
1.000001851590093
1.000002190411996
1.000002579844319
1.000003025154621
1.000003531731758
1.000004105003918
1.000004750341782
1.000005472947091
1.000006277727415
1.000007169158515
1.000008151136321
1.000009226821182
1.000010398477681
1.000011667313949
1.000013033324884
1.000014495144212
1.000016049910584
1.000017693153092
1.000019418701588
1.000021218626943
1.000023083215983
1.000025000985156
1.000026958736174
1.000028941655757
1.000030933460414
1.000032916585814
1.000034872418845
1.000036781568949
1.000038624173868
1.00004038023353
1.000042029964548
1.000043554166768
1.000044934592518
1.000046154308711
1.000047198041805
1.000048052495806
1.000048706634094
1.000049151916695
1.000049382485891
1.000049395294501
1.000049190172932
1.000048769832917
1.000048139807834
1.000047308331435
1.000046286158716
1.000045086334358
1.000043723915726
1.000042215658644
1.000040579675094
1.000038835072607
1.000037001585339
1.000035099206696
1.000033147832961
1.00003116692657
1.000029175206713
1.00002719037367
1.00002522887194
1.000023305695727
1.000021434238876
1.000019626189863
1.00001789147107
1.000016238220341
1.000014672811697
1.000013199911246
1.000011822563616
1.000010542303809
1.000009359289102
1.000008272445631
1.000007279624385
1.00000637776169
1.000005563039661
1.000004831042661
1.000004176906379
1.00000359545681
1.000003081337017
1.000002629120247
1.000002233408497
1.000001888916222
1.000001590539314
1.000001333409886
1.000001112937725
1.000000924839517
1.0000007651571
1.000000630266139
1.000000516876616
1.000000422026545
1.000000343070253
1.00000027766249
1.000000223739507
1.000000179498125
1.000000143373672
1.000000114017531
1.000000090274914
1.00000007116333
1.000000055852122
1.000000043643328
1.00000003395403
1.000000026300295
1.000000020282724
1.000000015573595
1.000000011905536
1.000000009061647
1.000000006866951
1.000000005181077
1.000000003892028
1.000000002910934
1.000000002167653
1.000000001607123
1.000000001186343
1.000000000871917
1.000000000638033
1.000000000464853
1.000000000337205
1.000000000243544
1.000000000175132
1.00000000012539
1.000000000089386
1.000000000063443
1.000000000044834
1.000000000031546
1.000000000022099
1.000000000015415
1.000000000010705
1.000000000007402
1.000000000005096
1.000000000003493
1.000000000002384
1.00000000000162
1.000000000001096
1.000000000000739
1.000000000000496
1.000000000000331
1.00000000000022
1.000000000000146
1.000000000000096
1.000000000000063
1.000000000000041
1.000000000000026
1.000000000000016
1.00000000000001
1.000000000000006
1.000000000000002
1.000000000000001
1
1
1
1
1
1
1
1
1
1
1
1
1
1
1
1
1
1
1
1
1
1
1
1
1
1
1
1
1
1
1
1
1
1
1
1
1
1
1
1
1
1
1
1
1
1
1
1
1
1
1
1
1.000000000000002
1.000000000000005
1.000000000000008
1.000000000000015
1.000000000000025
1.000000000000043
1.000000000000072
1.00000000000012
1.000000000000199
1.000000000000324
1.000000000000525
1.000000000000839
1.000000000001328
1.00000000000208
1.000000000003225
1.000000000004952
1.000000000007527
1.000000000011333
1.000000000016909
1.000000000025004
1.000000000036659
1.000000000053304
1.000000000076892
1.000000000110077
1.000000000156438
1.000000000220776
1.000000000309497
1.000000000431103
1.000000000596819
1.000000000821393
1.000000001124097
1.000000001530002
1.000000002071547
1.000000002790502
1.000000003740368
1.000000004989328
1.000000006623814
1.000000008752812
1.000000008315165
1.000000010887721
1.000000014192058
1.000000018416614
1.000000023792527
1.000000030601694
1.000000039185924
1.000000049957239
1.000000063409341
1.000000080130225
1.000000100815881
1.000000126284972
1.000000157494301
1.000000195554823
1.000000241747863
1.000000297541108
1.00000036460385
1.000000444820856
1.000000540304146
1.000000653401853
1.000000786703271
1.000000943039127
1.000001125476059
1.0000013373043
1.000001582017542
1.000001863284083
1.000002184908418
1.000002550782648
1.000002964827282
1.000003430921299
1.000003952821659
1.00000453407286
1.000005177907528
1.000005887139506
1.000006664051364
1.00000751027871
1.000008426694125
1.000009413293938
1.000010469091372
1.000011592019828
1.000012778850209
1.000014025126138
1.000015325120817
1.000016671818916
1.000018056926455
1.000019470910981
1.000020903073612
1.000022341653605
1.000023773965131
1.000025186564874
1.000026565448007
1.000027896269018
1.000029164582854
1.000030356100962
1.000031456956027
1.000032453968665
1.000033334908949
1.000034088745553
1.00003470587544
1.000035178327401
1.000035499933434
1.000035666462788
1.00003567571463
1.000035527566463
1.000035223976825
1.000034768942191
1.000034168409381
1.000033430146182
1.000032563574109
1.00003157956834
1.00003049023076
1.000029308642746
1.000028048604708
1.000026724369635
1.000025350377765
1.000023940999182
1.00002251029063
1.000021071772043
1.000019638227445
1.000018221533874
1.000016832520891
1.000015480862201
1.000014174999801
1.000012922100132
1.000011728040749
1.000010597425287
1.000009533623839
1.000008538835389
1.000007614168587
1.000006759737025
1.000005974765106
1.000005257700702
1.000004606331075
1.000004017898757
1.000003489214551
1.000003016765211
1.00000259681381
1.000002225491302
1.000001898878213
1.000001613075838
1.000001364266692
1.000001148764335
1.000000963052936
1.000000803817217
1.000000667963554
1.000000552633169
1.000000455208386
1.000000373312993
1.000000304807695
1.000000247781659
1.00000020054103
1.000000161595266
1.000000129642024
1.000000103551219
1.000000082348816
1.00000006520077
1.00000005139748
1.000000040339002
1.000000031521236
1.00000002452317
1.000000018995284
1.000000014649114
1.000000011247962
1.00000000859872
1.000000006544732
1.000000004959622
1.000000003742006
1.000000002810996
1.000000002102406
1.000000001565575
1.000000001160735
1.000000000856829
1.000000000629736
1.000000000460815
1.000000000335737
1.000000000243544
1.000000000175898
1.000000000126488
1.000000000090562
1.000000000064558
1.000000000045821
1.000000000032381
1.000000000022784
1.000000000015961
1.000000000011133
1.000000000007732
1.000000000005346
1.000000000003681
1.000000000002523
1.000000000001722
1.00000000000117
1.000000000000792
1.000000000000534
1.000000000000358
1.000000000000239
1.000000000000159
1.000000000000105
1.000000000000069
1.000000000000046
1.000000000000029
1.000000000000018
1.000000000000012
1.000000000000006
1.000000000000003
1.000000000000001
1
1
1
1
1
1
1
1
1
1
1
1
1
1
1
1
1
1
1
1
1
1
1
1
1
1
1
1
1
1
1
1
1
1
1
1
1
1
1
1
1
1
1
1
1
1
1
1
1
1
1
1
1
1.000000000000001
1.000000000000003
1.000000000000006
1.00000000000001
1.000000000000018
1.000000000000031
1.000000000000052
1.000000000000087
1.000000000000144
1.000000000000235
1.000000000000379
1.000000000000606
1.000000000000959
1.000000000001503
1.00000000000233
1.000000000003576
1.000000000005437
1.000000000008186
1.000000000012212
1.000000000018059
1.000000000026477
1.000000000038498
1.000000000055534
1.000000000079501
1.000000000112985
1.000000000159452
1.000000000223529
1.000000000311358
1.000000000431045
1.00000000059324
1.000000000811865
1.000000001105025
1.000000001496151
1.000000002015408
1.00000000270144
1.00000000360349
1.000000004783983
1.000000006321634
1.000000005979421
1.000000007829346
1.000000010205495
1.000000013243375
1.000000017109199
1.000000022005679
1.000000028178611
1.000000035924282
1.000000045597715
1.00000005762174
1.000000072496848
1.000000090811741
1.000000113254463
1.000000140623907
1.000000173841482
1.000000213962608
1.000000262187685
1.000000319872059
1.000000388534499
1.000000469863561
1.000000565721226
1.000000678143087
1.000000809334387
1.000000961661154
1.000001137635732
1.000001339896019
1.000001571177859
1.000001834280091
1.000002132021987
1.000002467192953
1.000002842494653
1.000003260475967
1.000003723461508
1.000004233474737
1.000004792157077
1.000005400684713
1.000006059685136
1.000006769155714
1.000007528386857
1.000008335892469
1.00000918935049
1.000010085556316
1.00001102039177
1.000011988812083
1.000012984852997
1.000014001659658
1.000015031538423
1.000016066032055
1.000017096018077
1.000018111829299
1.000019103394741
1.000020060398433
1.000020972452823
1.000021829282896
1.000022620916554
1.000023337876394
1.000023971367771
1.000024513457969
1.000024957241359
1.000025296985775
1.000025528255749
1.00002564800891
1.000025654662613
1.000025548128761
1.00002532981575
1.000025002597469
1.000024570750317
1.000024039860167
1.0000234167021
1.000022709096539
1.000021925746042
1.000021076057527
1.000020169954977
1.000019217687827
1.000018229640165
1.000017216145631
1.00001618731254
1.000015152863182
1.000014121990651
1.000013103235816
1.000012104386302
1.000011132398543
1.000010193343248
1.000009292373858
1.000008433716969
1.00000762068309
1.000006855695682
1.000006140336047
1.000005475401424
1.000004860973499
1.000004296494528
1.000003780848367
1.000003312443816
1.000002889297955
1.000002509117409
1.000002169375774
1.000001867385795
1.000001600365211
1.000001365495497
1.000001159973064
1.000000981052729
1.000000826083545
1.000000692537251
1.000000578029804
1.000000480336557
1.000000397401741
1.000000327342966
1.00000026845148
1.000000219188901
1.000000178181136
1.000000144210119
1.000000116203994
1.000000093226235
1.000000074464192
1.000000059217428
1.000000046886177
1.000000036960159
1.000000029007952
1.000000022667053
1.00000001763471
1.000000013659582
1.000000010534232
1.000000008088449
1.000000006183368
1.000000004706337
1.000000003566478
1.000000002690887
1.000000002021394
1.000000001511845
1.000000001125808
1.000000000834687
1.000000000616147
1.000000000452844
1.000000000331373
1.000000000241429
1.000000000175132
1.000000000126488
1.000000000090958
1.000000000065123
1.000000000046424
1.00000000003295
1.000000000023285
1.000000000016384
1.000000000011477
1.000000000008006
1.00000000000556
1.000000000003844
1.000000000002647
1.000000000001814
1.000000000001238
1.000000000000841
1.000000000000569
1.000000000000383
1.000000000000257
1.000000000000172
1.000000000000114
1.000000000000075
1.00000000000005
1.000000000000032
1.00000000000002
1.000000000000013
1.000000000000008
1.000000000000004
1.000000000000001
1
1
1
1
1
1
1
1
1
1
1
1
1
1
1
1
1
1
1
1
1
1
1
1
1
1
1
1
1
1
1
1
1
1
1
1
1
1
1
1
1
1
1
1
1
1
1
1
1
1
1
1
1
1
1
1.000000000000002
1.000000000000004
1.000000000000008
1.000000000000013
1.000000000000023
1.000000000000038
1.000000000000063
1.000000000000103
1.000000000000169
1.000000000000273
1.000000000000436
1.00000000000069
1.000000000001081
1.000000000001676
1.000000000002572
1.00000000000391
1.000000000005886
1.000000000008782
1.000000000012986
1.000000000019039
1.000000000027683
1.000000000039934
1.000000000057169
1.000000000081246
1.000000000114661
1.000000000160739
1.000000000223896
1.000000000309962
1.000000000426596
1.000000000583808
1.000000000794619
1.000000001075876
1.000000001449273
1.000000001942597
1.00000000259126
1.00000000344015
1.000000004545874
1.000000004281091
1.000000005605585
1.000000007306844
1.000000009481884
1.000000012249711
1.000000015755461
1.00000002017512
1.000000025720821
1.000000032646753
1.000000041255652
1.000000051905859
1.00000006501887
1.000000081087311
1.000000100683171
1.000000124466159
1.000000153191933
1.000000187719953
1.00000022902062
1.000000278181339
1.000000336411083
1.00000040504299
1.000000485534504
1.000000579464536
1.000000688527114
1.000000814521025
1.000000959334954
1.000001124927711
1.000001313303214
1.000001526480005
1.000001766455248
1.000002035163285
1.000002334429067
1.000002665916977
1.000003031075778
1.000003431080703
1.000003866773884
1.000004338604597
1.000004846570968
1.00000539016495
1.000005968322535
1.000006579381181
1.000007221046459
1.000007890369845
1.000008583739387
1.000009296884798
1.000010024898143
1.000010762270925
1.000011502947932
1.00001224039765
1.00001296769856
1.000013677640036
1.000014362836044
1.000015015849295
1.000015629323077
1.000016196117557
1.000016709447094
1.000017163014889
1.000017551141263
1.000017868881916
1.000018112132722
1.000018277717966
1.000018363459364
1.000018368223765
1.00001829194809
1.000018135640716
1.000017901359289
1.000017592165623
1.000017212059093
1.000016765890521
1.000016259259175
1.000015698395919
1.000015090035922
1.000014441284562
1.000013759480235
1.000013052057747
1.000012326415786
1.000011589791708
1.000010849146485
1.000010111062193
1.000009381653932
1.000008666497487
1.000007970573534
1.00000729822858
1.00000665315239
1.000006038371124
1.00000545625504
1.00000490853929
1.000004396356055
1.000003920276142
1.000003480358033
1.000003076202396
1.000002707010091
1.000002371641848
1.000002068677936
1.000001796476341
1.000001553228205
1.000001337009506
1.0000011458282
1.000000977666275
1.000000830516418
1.000000702413131
1.000000591458386
1.000000495841999
1.000000413857042
1.000000343910711
1.000000284531116
1.000000234370504
1.000000192205441
1.000000156934479
1.000000127573791
1.00000010325127
1.000000083199486
1.000000066747907
1.000000053314692
1.000000042398343
1.000000033569438
1.000000026462629
1.000000020769026
1.000000016229084
1.00000001262604
1.000000009779939
1.00000000754226
1.000000005791136
1.000000004427143
1.000000003369623
1.000000002553511
1.000000001926608
1.000000001447268
1.000000001082443
1.00000000080605
1.000000000597614
1.000000000441146
1.000000000324225
1.000000000237254
1.000000000172857
1.00000000012539
1.000000000090562
1.000000000065123
1.000000000046627
1.000000000033238
1.000000000023591
1.000000000016672
1.00000000001173
1.000000000008218
1.000000000005732
1.000000000003981
1.000000000002752
1.000000000001895
1.000000000001299
1.000000000000886
1.000000000000602
1.000000000000407
1.000000000000274
1.000000000000184
1.000000000000123
1.000000000000081
1.000000000000054
1.000000000000035
1.000000000000022
1.000000000000014
1.000000000000008
1.000000000000004
1.000000000000002
1
1
1
1
1
1
1
1
1
1
1
1
1
1
1
1
1
1
1
1
1
1
1
1
1
1
1
1
1
1
1
1
1
1
1
1
1
1
1
1
1
1
1
1
1
1
1
1
1
1
1
1
1
1
1
1
1.000000000000001
1.000000000000003
1.000000000000005
1.00000000000001
1.000000000000016
1.000000000000028
1.000000000000045
1.000000000000075
1.000000000000121
1.000000000000196
1.000000000000313
1.000000000000494
1.000000000000774
1.0000000000012
1.000000000001842
1.000000000002799
1.000000000004215
1.000000000006288
1.000000000009298
1.000000000013631
1.000000000019821
1.000000000028591
1.000000000040931
1.000000000058169
1.000000000082093
1.000000000115083
1.000000000160302
1.000000000221922
1.000000000305428
1.000000000417987
1.000000000568922
1.000000000770293
1.000000001037634
1.000000001390839
1.000000001855263
1.000000002463044
1.000000003254711
1.00000000305181
1.000000003995988
1.000000005208747
1.000000006759247
1.000000008732322
1.000000011231434
1.000000014382038
1.000000018335355
1.000000023272588
1.000000029409546
1.000000037001678
1.000000046349454
1.00000005780405
1.000000071773217
1.000000088727238
1.000000109204798
1.000000133818576
1.000000163260337
1.000000198305257
1.000000239815173
1.000000288740433
1.000000346120004
1.000000413079437
1.000000490826352
1.000000580643045
1.0000006838759
1.000000801921289
1.000000936207742
1.000001088174215
1.000001259244424
1.000001450797302
1.0000016641338
1.000001900440407
1.000002160749905
1.000002445900083
1.000002756491275
1.000003092843761
1.00000345495621
1.000003842466457
1.000004254616011
1.000004690219703
1.000005147641916
1.000005624780744
1.000006119061349
1.000006627439582
1.000007146416737
1.000007672065987
1.000008200070766
1.000008725774967
1.000009244244463
1.000009750339027
1.00001023879339
1.000010704305746
1.000011141631726
1.000011545681568
1.000011911618002
1.000012234952235
1.000012511635403
1.000012738142866
1.000012911548919
1.000013029589692
1.000013090712349
1.000013094109101
1.000013039734974
1.000012928308807
1.000012761297425
1.000012540883497
1.000012269918043
1.000011951859062
1.00001159069809
1.000011190876912
1.000010757196813
1.000010294722991
1.000009808686755
1.000009304388142
1.00000878710144
1.000008261985932
1.000007734003872
1.000007207847413
1.000006687875816
1.000006178063882
1.000005681962173
1.000005202669179
1.000004742815214
1.000004304557531
1.000003889585812
1.000003499136989
1.00000313401816
1.000002794636232
1.000002481032895
1.000002192923477
1.000001929738296
1.000001690665203
1.000001474692113
1.000001280648489
1.000001107244852
1.000000953109628
1.000000816822752
1.000000696945647
1.000000592047363
1.00000050072676
1.000000421630794
1.000000353469043
1.000000295024694
1.000000245162285
1.000000202832557
1.000000167074737
1.000000137016681
1.000000111873201
1.000000090942959
1.000000073604259
1.000000059310026
1.000000047582257
1.000000038006178
1.000000030224288
1.000000023930468
1.00000001886427
1.000000014805499
1.000000011569133
1.00000000900065
1.000000006971765
1.000000005376603
1.000000004128289
1.000000003155947
1.00000000240208
1.000000001820303
1.000000001373407
1.000000001031703
1.000000000771633
1.000000000574602
1.000000000426016
1.000000000314476
1.000000000231127
1.000000000169129
1.000000000123223
1.000000000089386
1.000000000064558
1.000000000046424
1.000000000033238
1.000000000023694
1.000000000016817
1.000000000011884
1.000000000008362
1.000000000005858
1.000000000004086
1.000000000002838
1.000000000001962
1.000000000001351
1.000000000000925
1.000000000000631
1.000000000000429
1.00000000000029
1.000000000000195
1.000000000000131
1.000000000000087
1.000000000000058
1.000000000000038
1.000000000000024
1.000000000000016
1.000000000000009
1.000000000000005
1.000000000000003
1.000000000000001
1
1
1
1
1
1
1
1
1
1
1
1
1
1
1
1
1
1
1
1
1
1
1
1
1
1
1
1
1
1
1
1
1
1
1
1
1
1
1
1
1
1
1
1
1
1
1
1
1
1
1
1
1
1
1
1
1
1.000000000000001
1.000000000000004
1.000000000000007
1.000000000000011
1.00000000000002
1.000000000000033
1.000000000000054
1.000000000000087
1.00000000000014
1.000000000000223
1.000000000000353
1.000000000000552
1.000000000000856
1.000000000001313
1.000000000001996
1.000000000003005
1.000000000004483
1.000000000006628
1.000000000009718
1.000000000014129
1.000000000020381
1.000000000029178
1.000000000041467
1.000000000058521
1.000000000082038
1.000000000114271
1.000000000158198
1.000000000217726
1.000000000297964
1.000000000405558
1.000000000549108
1.000000000739684
1.000000000991469
1.000000001322537
1.000000001755799
1.000000002320145
1.000000002166052
1.000000002836194
1.000000003696964
1.00000000479745
1.000000006197865
1.000000007971643
1.000000010207825
1.000000013013746
1.000000016518015
1.000000020873808
1.000000026262433
1.000000032897155
1.000000041027226
1.000000050942055
1.000000062975434
1.000000077509704
1.000000094979725
1.000000115876491
1.000000140750196
1.000000170212547
1.000000204938071
1.000000245664194
1.0000002931898
1.000000348372018
1.000000412120987
1.000000485392327
1.000000569177144
1.000000664489365
1.000000772350321
1.000000893770522
1.000001029728696
1.000001181148223
1.000001348871239
1.000001533630785
1.000001736021502
1.000001956469492
1.000002195202087
1.000002452218342
1.00000272726121
1.000003019792341
1.00000332897054
1.0000036536349
1.000003992293553
1.00000434311896
1.000004703950478
1.000005072304831
1.000005445394877
1.000005820156848
1.000006193285977
1.000006561280169
1.000006920491041
1.000007267181463
1.000007597588368
1.000007907989457
1.000008194772164
1.000008454503137
1.000008683996361
1.000008880378067
1.000009041146567
1.00000916422528
1.000009248007374
1.000009291390688
1.000009293801873
1.000009255209007
1.000009176122295
1.000009057582846
1.00000890113985
1.000008708816876
1.000008483068306
1.000008226727217
1.00000794294625
1.000007635133219
1.00000730688325
1.000006961909372
1.000006603973394
1.000006236818849
1.000005864107645
1.000005489361844
1.000005115911797
1.000004746851578
1.000004385002385
1.000004032884302
1.000003692696543
1.00000336630603
1.000003055243916
1.000002760709487
1.000002483580682
1.000002224430351
1.000001983547306
1.000001760961138
1.000001556469793
1.000001369668928
1.000001199982101
1.000001046690967
1.00000090896471
1.000000785888097
1.000000676487625
1.000000579755371
1.00000049467028
1.000000420216703
1.000000355400153
1.000000299260279
1.00000025088118
1.000000209399194
1.00000017400841
1.00000014396409
1.00000011858431
1.000000097250047
1.000000079403997
1.000000064548374
1.000000052241915
1.000000042096324
1.000000033772329
1.000000026975536
1.000000021452202
1.000000016985052
1.00000001338923
1.000000010508447
1.000000008211381
1.000000006388357
1.000000004948321
1.000000003816129
1.000000002930117
1.000000002239982
1.000000001704913
1.000000001291988
1.000000000974796
1.000000000732266
1.000000000547677
1.000000000407832
1.000000000302371
1.000000000223203
1.000000000164045
1.000000000120042
1.000000000087459
1.000000000063443
1.000000000045821
1.00000000003295
1.000000000023591
1.000000000016817
1.000000000011936
1.000000000008435
1.000000000005935
1.000000000004158
1.0000000000029
1.000000000002014
1.000000000001393
1.000000000000959
1.000000000000657
1.000000000000448
1.000000000000304
1.000000000000206
1.000000000000139
1.000000000000093
1.000000000000062
1.000000000000041
1.000000000000026
1.000000000000017
1.00000000000001
1.000000000000006
1.000000000000003
1.000000000000001
1
1
1
1
1
1
1
1
1
1
1
1
1
1
1
1
1
1
1
1
1
1
1
1
1
1
1
1
1
1
1
1
1
1
1
1
1
1
1
1
1
1
1
1
1
1
1
1
1
1
1
1
1
1
1
1
1
1
1
1.000000000000002
1.000000000000005
1.000000000000008
1.000000000000014
1.000000000000023
1.000000000000038
1.000000000000062
1.0000000000001
1.000000000000159
1.000000000000251
1.000000000000392
1.000000000000608
1.000000000000932
1.000000000001417
1.000000000002133
1.000000000003182
1.000000000004705
1.000000000006897
1.000000000010028
1.000000000014466
1.000000000020709
1.000000000029431
1.000000000041535
1.000000000058227
1.000000000081105
1.000000000112282
1.000000000154532
1.000000000211482
1.000000000287848
1.000000000389733
1.000000000524996
1.000000000703703
1.000000000938682
1.000000001246194
1.000000001646745
1.000000001530698
1.000000002004272
1.00000000261256
1.000000003390251
1.000000004379895
1.000000005633387
1.000000007213653
1.000000009196541
1.00000001167294
1.000000014751095
1.000000018559135
1.00000002324777
1.000000028993142
1.000000035999772
1.000000044503547
1.00000005477466
1.000000067120421
1.000000081887808
1.000000099465636
1.000000120286188
1.000000144826144
1.000000173606632
1.000000207192212
1.000000246188609
1.000000291239002
1.000000343018718
1.000000402228158
1.000000469583852
1.000000545807561
1.000000631613403
1.000000727693032
1.00000083469899
1.000000953226406
1.000001083793314
1.000001226819939
1.000001382607408
1.000001551316372
1.000001732946171
1.000001927315153
1.000002134042876
1.000002352534884
1.00000258197078
1.000002821296283
1.000003069219898
1.000003324214728
1.000003584525877
1.000003848183707
1.000004113023094
1.000004376708604
1.000004636765348
1.000004890615065
1.000005135616769
1.000005369111148
1.0000055884677
1.000005791133469
1.000005974682145
1.000006136862212
1.00000627564281
1.000006389256026
1.000006476234363
1.00000653544229
1.000006566100922
1.000006567805079
1.000006540532198
1.000006484642834
1.000006400872722
1.000006290316654
1.00000615440466
1.000005994871218
1.000005813718427
1.000005613174219
1.000005395646852
1.000005163676956
1.000004919888482
1.000004666939851
1.000004407476573
1.000004144086471
1.000003879258541
1.000003615346303
1.000003354536298
1.000003098822231
1.000002849985015
1.000002609578805
1.000002378922932
1.000002159099443
1.000001950955857
1.000001755112601
1.000001571974503
1.000001401745662
1.000001244446987
1.00000109993569
1.000000967926026
1.000000848010631
1.000000739681859
1.000000642352582
1.000000555376016
1.000000478064199
1.000000409704846
1.000000349576387
1.000000296961077
1.000000251156126
1.000000211482865
1.000000177294039
1.000000147979309
1.000000122969148
1.000000101737259
1.000000083801736
1.000000068725124
1.000000056113583
1.000000045615335
1.000000036918544
1.000000029748807
1.000000023866367
1.000000019063178
1.000000015159923
1.000000012003057
1.000000009461947
1.000000007426143
1.000000005802844
1.000000004514542
1.000000003496893
1.000000002696791
1.000000002070662
1.000000001582955
1.000000001204831
1.000000000913024
1.00000000068887
1.000000000517479
1.000000000387033
1.000000000288207
1.00000000021368
1.000000000157734
1.000000000115928
1.000000000084831
1.000000000061806
1.000000000044834
1.000000000032381
1.000000000023285
1.000000000016671
1.000000000011884
1.000000000008435
1.000000000005961
1.000000000004194
1.000000000002938
1.000000000002049
1.000000000001423
1.000000000000984
1.000000000000677
1.000000000000464
1.000000000000317
1.000000000000215
1.000000000000145
1.000000000000098
1.000000000000065
1.000000000000043
1.000000000000028
1.000000000000018
1.000000000000011
1.000000000000007
1.000000000000003
1.000000000000001
1
1
1
1
1
1
1
1
1
1
1
1
1
1
1
1
1
1
1
1
1
1
1
1
1
1
1
1
1
1
1
1
1
1
1
1
1
1
1
1
1
1
1
1
1
1
1
1
1
1
1
1
1
1
1
1
1
1
1
1
1.000000000000001
1.000000000000003
1.000000000000006
1.00000000000001
1.000000000000017
1.000000000000027
1.000000000000044
1.000000000000071
1.000000000000113
1.000000000000178
1.000000000000278
1.00000000000043
1.000000000000659
1.000000000001002
1.000000000001507
1.000000000002249
1.000000000003325
1.000000000004874
1.000000000007087
1.000000000010223
1.000000000014635
1.000000000020798
1.000000000029352
1.000000000041147
1.000000000057315
1.000000000079347
1.000000000109204
1.000000000149449
1.000000000203414
1.000000000275414
1.000000000371001
1.000000000497289
1.000000000663343
1.000000000880655
1.000000001163715
1.000000001077011
1.000000001410222
1.000000001838219
1.00000000238541
1.000000003081734
1.000000003963705
1.000000005075597
1.00000000647078
1.000000008213204
1.000000010379031
1.000000013058415
1.000000016357398
1.000000020399916
1.000000025329874
1.000000031313244
1.000000038540141
1.000000047226791
1.000000057617334
1.000000069985348
1.000000084634993
1.000000101901671
1.000000122152056
1.000000145783384
1.000000173221851
1.000000204920013
1.00000024135304
1.000000283013748
1.000000330406302
1.000000384038547
1.000000444412949
1.000000512016171
1.000000587307354
1.000000670705245
1.000000762574341
1.000000863210325
1.000000972825075
1.000001091531632
1.000001219329533
1.000001356090967
1.00000150154825
1.000001655283114
1.000001816718314
1.000001985112041
1.000002159555577
1.00000233897457
1.000002522134245
1.000002707648727
1.000002893994598
1.000003079528602
1.000003262509361
1.000003441122761
1.000003613510557
1.000003777801604
1.000003932145032
1.000004074744532
1.000004203892904
1.000004318005938
1.000004415654681
1.000004495595194
1.000004556794916
1.000004598454865
1.000004620027
1.000004621226227
1.000004602036669
1.000004562712018
1.000004503769949
1.000004425980776
1.000004330350695
1.000004218100118
1.000004090637757
1.000003949531227
1.000003796475023
1.000003633256782
1.000003461722762
1.000003283743481
1.000003101180369
1.000002915854267
1.000002729516481
1.00000254382299
1.000002360312287
1.000002180387181
1.000002005300755
1.000001836146543
1.00000167385285
1.000001519181024
1.000001372727396
1.000001234928511
1.000001106069212
1.000000986293107
1.000000875614907
1.000000773934144
1.000000681049762
1.000000596675132
1.000000520453063
1.000000451970443
1.000000390772179
1.000000336374211
1.000000288275359
1.000000245967915
1.000000208946859
1.000000176717694
1.000000148802897
1.000000124747047
1.000000104120698
1.00000008652312
1.000000071584002
1.000000058964264
1.000000048356106
1.000000039482415
1.000000032095673
1.000000025976468
1.000000020931724
1.000000016792744
1.000000013413143
1.000000010666751
1.00000000844553
1.000000006657565
1.000000005225143
1.000000004082964
1.000000003176496
1.000000002460463
1.000000001897499
1.000000001456946
1.000000001113788
1.000000000847735
1.000000000642415
1.000000000484698
1.000000000364105
1.000000000272321
1.000000000202786
1.000000000150347
1.000000000110983
1.000000000081568
1.000000000059688
1.000000000043487
1.000000000031546
1.000000000022784
1.000000000016384
1.00000000001173
1.000000000008362
1.000000000005935
1.000000000004194
1.000000000002951
1.000000000002067
1.000000000001442
1.000000000001001
1.000000000000692
1.000000000000477
1.000000000000327
1.000000000000223
1.000000000000151
1.000000000000102
1.000000000000068
1.000000000000046
1.00000000000003
1.000000000000019
1.000000000000012
1.000000000000007
1.000000000000004
1.000000000000002
1
1
1
1
1
1
1
1
1
1
1
1
1
1
1
1
1
1
1
1
1
1
1
1
1
1
1
1
1
1
1
1
1
1
1
1
1
1
1
1
1
1
1
1
1
1
1
1
1
1
1
1
1
1
1
1
1
1
1
1
1
1
1.000000000000001
1.000000000000004
1.000000000000007
1.000000000000012
1.00000000000002
1.000000000000032
1.00000000000005
1.00000000000008
1.000000000000125
1.000000000000196
1.000000000000303
1.000000000000464
1.000000000000705
1.000000000001061
1.000000000001583
1.00000000000234
1.00000000000343
1.000000000004987
1.000000000007193
1.000000000010297
1.000000000014634
1.000000000020652
1.000000000028952
1.000000000040327
1.000000000055828
1.000000000076836
1.000000000105153
1.000000000143124
1.000000000193783
1.000000000261039
1.000000000349896
1.000000000466732
1.000000000619635
1.000000000818799
1.000000000754503
1.000000000987937
1.000000001287772
1.00000000167111
1.000000002158924
1.000000002776794
1.000000003555738
1.000000004533144
1.000000005753812
1.000000007271099
1.000000009148164
1.000000011459294
1.000000014291315
1.000000017745042
1.000000021936748
1.000000026999619
1.000000033085137
1.000000040364337
1.000000049028876
1.000000059291839
1.000000071388196
1.000000085574825
1.000000102130015
1.000000121352345
1.000000143558858
1.000000169082442
1.000000198268347
1.000000231469772
1.000000269042497
1.000000311338532
1.000000358698816
1.00000041144501
1.000000469870471
1.000000534230557
1.000000604732413
1.000000681524474
1.000000764685935
1.000000854216473
1.000000950026551
1.000001051928639
1.000001159629715
1.000001272725384
1.000001390695963
1.000001512904837
1.000001638599354
1.000001766914475
1.000001896879307
1.000002027426596
1.000002157405137
1.00000228559498
1.000002410725224
1.000002531494044
1.000002646590584
1.000002754718188
1.000002854618423
1.000002945095285
1.00000302503893
1.000003093448282
1.000003149451882
1.000003192326351
1.000003221511948
1.000003236624734
1.000003237464982
1.000003224021566
1.000003196472213
1.000003155179587
1.000003100683343
1.000003033688385
1.000002955049689
1.00000286575415
1.000002766899984
1.000002659674294
1.000002545329435
1.000002425158831
1.000002300472902
1.0000021725757
1.000002042742843
1.000001912201233
1.000001782110993
1.000001653549935
1.00000152750082
1.000001404841513
1.000001286338106
1.000001172640936
1.000001064283378
1.0000009616832
1.000000865146229
1.000000774872016
1.000000690961167
1.00000061342399
1.000000542190099
1.00000047711864
1.000000418008812
1.000000364610379
1.000000316633928
1.000000273760639
1.000000235651394
1.000000201955084
1.000000172316028
1.000000146380426
1.000000123801851
1.000000104245766
1.000000087393121
1.00000007294306
1.000000060614846
1.000000050149053
1.000000041308133
1.000000033876452
1.000000027659876
1.000000022485002
1.000000018198117
1.00000001466396
1.000000011764347
1.000000009396727
1.00000000747271
1.000000005916608
1.000000004664028
1.000000003660528
1.000000002860363
1.000000002225326
1.000000001723702
1.000000001329312
1.000000001020677
1.000000000780275
1.000000000593888
1.00000000045005
1.000000000339559
1.000000000255077
1.000000000190777
1.000000000142063
1.000000000105327
1.00000000007775
1.000000000057143
1.000000000041815
1.000000000030465
1.000000000022099
1.000000000015961
1.000000000011477
1.000000000008217
1.000000000005858
1.000000000004158
1.000000000002938
1.000000000002067
1.000000000001448
1.00000000000101
1.000000000000701
1.000000000000485
1.000000000000334
1.000000000000229
1.000000000000156
1.000000000000106
1.000000000000071
1.000000000000048
1.000000000000032
1.00000000000002
1.000000000000013
1.000000000000008
1.000000000000004
1.000000000000002
1
1
1
1
1
1
1
1
1
1
1
1
1
1
1
1
1
1
1
1
1
1
1
1
1
1
1
1
1
1
1
1
1
1
1
1
1
1
1
1
1
1
1
1
1
1
1
1
1
1
1
1
1
1
1
1
1
1
1
1
1
1
1
1
1.000000000000002
1.000000000000004
1.000000000000008
1.000000000000014
1.000000000000022
1.000000000000035
1.000000000000056
1.000000000000088
1.000000000000137
1.000000000000212
1.000000000000326
1.000000000000494
1.000000000000744
1.000000000001109
1.000000000001639
1.000000000002403
1.000000000003494
1.000000000005039
1.000000000007214
1.000000000010252
1.000000000014468
1.000000000020282
1.000000000028251
1.000000000039111
1.000000000053828
1.000000000073665
1.000000000100265
1.000000000135755
1.000000000182871
1.00000000024512
1.00000000032697
1.000000000434087
1.000000000573612
1.000000000526277
1.000000000689099
1.000000000898239
1.000000001165624
1.000000001505882
1.000000001936857
1.000000002480184
1.000000003161941
1.000000004013379
1.000000005071714
1.000000006381001
1.000000007993058
1.000000009968447
1.000000012377487
1.000000015301285
1.000000018832738
1.000000023077509
1.0000000281549
1.000000034198594
1.000000041357225
1.000000049794689
1.000000059690165
1.000000071237766
1.000000084645758
1.000000100135287
1.000000117938551
1.00000013829637
1.000000161455109
1.000000187662934
1.000000217165382
1.000000250200267
1.000000286991955
1.000000327745072
1.000000372637736
1.000000421814438
1.000000475378716
1.000000533385812
1.000000595835501
1.00000066266533
1.000000733744494
1.000000808868604
1.000000887755586
1.000000970042947
1.000001055286635
1.000001142961657
1.000001232464627
1.000001323118324
1.000001414178311
1.000001504841594
1.000001594257228
1.000001681538726
1.000001765778033
1.000001846060793
1.000001921482555
1.00000199116553
1.000002054275473
1.00000211003824
1.000002157755554
1.000002196819548
1.000002226725646
1.000002247083414
1.000002257625045
1.00000225821122
1.000002248834181
1.000002229617893
1.000002200815325
1.000002162802898
1.0000021160723
1.000002061219898
1.000001998934077
1.00000192998087
1.00000185518831
1.000001775429947
1.000001691607978
1.000001604636454
1.000001515424983
1.000001424863343
1.000001333807328
1.000001243066155
1.000001153391624
1.000001065469236
1.000000979911324
1.000000897252258
1.000000817945663
1.000000742363581
1.000000670797418
1.000000603460494
1.000000540492002
1.000000481962117
1.000000427878028
1.000000378190639
1.000000332801702
1.00000029157115
1.00000025432444
1.000000220859697
1.000000190954537
1.000000164372416
1.000000140868426
1.000000120194471
1.000000102103767
1.000000086354671
1.000000072713836
1.000000060958716
1.000000050879457
1.000000042280238
1.000000034980102
1.000000028813355
1.000000023629585
1.00000001929338
1.000000015683786
1.000000012693587
1.000000010228433
1.000000008205887
1.000000006554419
1.000000005212375
1.000000004126959
1.000000003253258
1.000000002553294
1.000000001995162
1.000000001552211
1.000000001202316
1.000000000927222
1.000000000711943
1.000000000544257
1.000000000414248
1.000000000313918
1.000000000236849
1.000000000177921
1.00000000013307
1.000000000099092
1.000000000073468
1.000000000054232
1.000000000039858
1.000000000029167
1.00000000002125
1.000000000015415
1.000000000011133
1.000000000008006
1.000000000005732
1.000000000004086
1.0000000000029
1.000000000002049
1.000000000001442
1.00000000000101
1.000000000000705
1.000000000000489
1.000000000000338
1.000000000000233
1.000000000000159
1.000000000000109
1.000000000000074
1.00000000000005
1.000000000000033
1.000000000000021
1.000000000000014
1.000000000000008
1.000000000000005
1.000000000000002
1.000000000000001
1
1
1
1
1
1
1
1
1
1
1
1
1
1
1
1
1
1
1
1
1
1
1
1
1
1
1
1
1
1
1
1
1
1
1
1
1
1
1
1
1
1
1
1
1
1
1
1
1
1
1
1
1
1
1
1
1
1
1
1
1
1
1
1
1.000000000000001
1.000000000000003
1.000000000000006
1.00000000000001
1.000000000000016
1.000000000000025
1.00000000000004
1.000000000000062
1.000000000000096
1.000000000000149
1.000000000000227
1.000000000000345
1.000000000000519
1.000000000000774
1.000000000001144
1.000000000001676
1.000000000002437
1.000000000003515
1.000000000005032
1.000000000007151
1.000000000010092
1.000000000014147
1.000000000019705
1.00000000002728
1.000000000037545
1.000000000051382
1.000000000069936
1.000000000094691
1.000000000127555
1.000000000170974
1.000000000228066
1.000000000302781
1.000000000400102
1.000000000365493
1.000000000478571
1.000000000623817
1.000000000809513
1.000000001045819
1.000000001345128
1.000000001722464
1.000000002195939
1.000000002787256
1.000000003522262
1.000000004431553
1.000000005551115
1.000000006923011
1.000000008596075
1.000000010626636
1.000000013079211
1.000000016027183
1.000000019553405
1.000000023750723
1.00000002872236
1.000000034582144
1.000000041454513
1.000000049474278
1.000000058786082
1.000000069543508
1.00000008190782
1.000000096046265
1.000000112129945
1.000000130331212
1.000000150820591
1.000000173763244
1.000000199314994
1.000000227617954
1.000000258795829
1.000000292948967
1.000000330149277
1.000000370435124
1.000000413806354
1.000000460219594
1.000000509584001
1.000000561757627
1.000000616544573
1.000000673693088
1.00000073289478
1.00000079378504
1.000000855944819
1.000000918903785
1.000000982144929
1.000001045110571
1.000001107209729
1.000001167826739
1.000001226330955
1.000001282087357
1.000001334467803
1.000001382862668
1.000001426692569
1.00000146541986
1.000001498559589
1.000001525689589
1.000001546459433
1.000001560597963
1.000001567919186
1.000001568326345
1.000001561814049
1.000001548468394
1.000001528465064
1.000001502065485
1.000001469611133
1.000001431516186
1.000001388258726
1.000001340370763
1.000001288427366
1.000001233035217
1.00000117482089
1.000001114419196
1.000001052461857
1.000000989566824
1.000000926328447
1.000000863308726
1.000000801029789
1.000000739967714
1.000000680547769
1.000000623141071
1.000000568062666
1.000000515570936
1.000000465868262
1.000000419102794
1.000000375371204
1.000000334722226
1.000000297160854
1.00000026265299
1.0000002311304
1.00000020249581
1.000000176627996
1.000000153386759
1.00000013261765
1.000000114156391
1.000000097832894
1.000000083474855
1.000000070910881
1.000000059973154
1.000000050499612
1.000000042335698
1.000000035335669
1.000000029363525
1.000000024293594
1.000000020010799
1.000000016410681
1.000000013399196
1.000000010892342
1.000000008815655
1.000000007103612
1.00000000569896
1.00000000455202
1.000000003619973
1.000000002866156
1.000000002259373
1.000000001773252
1.00000000138563
1.000000001078003
1.000000000835003
1.00000000064395
1.00000000049444
1.000000000377983
1.000000000287693
1.000000000218014
1.00000000016449
1.000000000123565
1.000000000092417
1.000000000068819
1.000000000051023
1.000000000037664
1.000000000027681
1.000000000020256
1.000000000014758
1.000000000010705
1.000000000007732
1.00000000000556
1.000000000003981
1.000000000002838
1.000000000002014
1.000000000001423
1.000000000001001
1.000000000000702
1.000000000000489
1.00000000000034
1.000000000000235
1.000000000000162
1.000000000000111
1.000000000000075
1.000000000000051
1.000000000000034
1.000000000000022
1.000000000000014
1.000000000000009
1.000000000000005
1.000000000000002
1.000000000000001
1
1
1
1
1
1
1
1
1
1
1
1
1
1
1
1
1
1
1
1
1
1
1
1
1
1
1
1
1
1
1
1
1
1
1
1
1
1
1
1
1
1
1
1
1
1
1
1
1
1
1
1
1
1
1
1
1
1
1
1
1
1
1
1
1
1
1.000000000000002
1.000000000000004
1.000000000000007
1.000000000000011
1.000000000000018
1.000000000000028
1.000000000000043
1.000000000000068
1.000000000000104
1.000000000000159
1.00000000000024
1.000000000000361
1.000000000000538
1.000000000000794
1.000000000001164
1.000000000001693
1.000000000002441
1.000000000003495
1.000000000004966
1.000000000007009
1.000000000009825
1.000000000013685
1.000000000018946
1.000000000026075
1.000000000035684
1.00000000004857
1.000000000065761
1.000000000088585
1.000000000118739
1.000000000158389
1.000000000210278
1.000000000277866
1.00000000025273
1.000000000330922
1.000000000431356
1.00000000055976
1.000000000723162
1.000000000930128
1.000000001191048
1.000000001518447
1.000000001927331
1.000000002435575
1.000000003064333
1.000000003838491
1.000000004787133
1.000000005944029
1.000000007348128
1.000000009044044
1.000000011082518
1.000000013520845
1.000000016423225
1.000000019861036
1.000000023912988
1.000000028665129
1.00000003421068
1.000000040649658
1.000000048088265
1.000000056638013
1.000000066414553
1.000000077536199
1.00000009012213
1.000000104290264
1.000000120154808
1.000000137823513
1.000000157394648
1.000000178953755
1.000000202570224
1.000000228293779
1.000000256150951
1.000000286141633
1.000000318235834
1.000000352370739
1.000000388448191
1.000000426332729
1.000000465850273
1.000000506787569
1.000000548892499
1.000000591875293
1.000000635410723
1.000000679141282
1.000000722681341
1.000000765622242
1.000000807538259
1.000000847993308
1.00000088654828
1.000000922768819
1.000000956233377
1.000000986541315
1.000001013320856
1.000001036236661
1.000001054996806
1.000001069358973
1.000001079135658
1.000001084198249
1.000001084479838
1.000001079976698
1.000001070748362
1.000001056916314
1.000001038661326
1.000001016219526
1.000000989877312
1.000000959965274
1.00000092685129
1.000000890933016
1.000000852629964
1.000000812375406
1.000000770608304
1.00000072776549
1.000000684274269
1.000000640545629
1.000000596968187
1.000000553902989
1.000000511679237
1.000000470591001
1.000000430894904
1.000000392808797
1.000000356511348
1.000000322142502
1.000000289804703
1.000000259564797
1.000000231456486
1.000000205483221
1.000000181621423
1.000000159823911
1.00000014002342
1.000000122136124
1.000000106065077
1.00000009170348
1.000000078937736
1.00000006765023
1.000000057721816
1.000000049033978
1.000000041470672
1.000000034919833
1.000000029274586
1.000000024434152
1.000000020304489
1.000000016798696
1.000000013837198
1.000000011347763
1.000000009265359
1.000000007531902
1.000000006095901
1.000000004912046
1.000000003940748
1.000000003147655
1.000000002503158
1.000000001981904
1.000000001562322
1.000000001226176
1.000000000958142
1.000000000745422
1.000000000577391
1.000000000445282
1.000000000341897
1.000000000261369
1.000000000198935
1.000000000150753
1.000000000113742
1.000000000085443
1.000000000063905
1.000000000047587
1.000000000035282
1.000000000026044
1.000000000019141
1.000000000014007
1.000000000010205
1.000000000007403
1.000000000005346
1.000000000003844
1.000000000002752
1.000000000001962
1.000000000001393
1.000000000000984
1.000000000000692
1.000000000000485
1.000000000000338
1.000000000000235
1.000000000000162
1.000000000000112
1.000000000000076
1.000000000000052
1.000000000000035
1.000000000000023
1.000000000000015
1.00000000000001
1.000000000000005
1.000000000000002
1.000000000000001
1
1
1
1
1
1
1
1
1
1
1
1
1
1
1
1
1
1
1
1
1
1
1
1
1
1
1
1
1
1
1
1
1
1
1
1
1
1
1
1
1
1
1
1
1
1
1
1
1
1
1
1
1
1
1
1
1
1
1
1
1
1
1
1
1
1
1
1.000000000000001
1.000000000000002
1.000000000000004
1.000000000000008
1.000000000000012
1.000000000000019
1.00000000000003
1.000000000000047
1.000000000000072
1.00000000000011
1.000000000000166
1.00000000000025
1.000000000000372
1.00000000000055
1.000000000000805
1.000000000001171
1.000000000001688
1.000000000002417
1.000000000003434
1.000000000004846
1.000000000006794
1.000000000009463
1.0000000000131
1.00000000001803
1.000000000024675
1.000000000033585
1.000000000045472
1.000000000061254
1.000000000082105
1.000000000109522
1.000000000145402
1.000000000192138
1.000000000173999
1.000000000227833
1.00000000029698
1.000000000385385
1.000000000497883
1.000000000640376
1.000000000820016
1.000000001045425
1.000000001326935
1.000000001676854
1.000000002109745
1.000000002642741
1.000000003295868
1.000000004092375
1.000000005059078
1.000000006226694
1.000000007630158
1.000000009308916
1.000000011307169
1.000000013674061
1.000000016463782
1.000000019735577
1.000000023553626
1.000000027986791
1.000000033108192
1.000000038994603
1.000000045725649
1.000000053382789
1.000000062048077
1.000000071802698
1.000000082725283
1.000000094890019
1.000000108364563
1.000000123207811
1.000000139467537
1.000000157177977
1.000000176357397
1.000000197005724
1.000000219102311
1.000000242603908
1.000000267442939
1.000000293526137
1.000000320733652
1.000000348918659
1.000000377907578
1.000000407500904
1.00000043747472
1.000000467582886
1.000000497559898
1.000000527124399
1.00000055598328
1.0000005838363
1.000000610381133
1.000000635318731
1.000000658358858
1.000000679225679
1.000000697663226
1.000000713440621
1.000000726356876
1.000000736245155
1.000000742976364
1.000000746461952
1.000000746655856
1.000000743555507
1.000000737201894
1.000000727678656
1.000000715110256
1.000000699659264
1.000000681522863
1.000000660928662
1.000000638129944
1.000000613400489
1.000000587029132
1.000000559314174
1.000000530557841
1.000000501060886
1.000000471117507
1.000000441010666
1.000000411007923
1.000000381357857
1.000000352287121
1.000000323998178
1.000000296667714
1.000000270445717
1.000000245455198
1.000000221792508
1.00000019952818
1.000000178708237
1.000000159355882
1.00000014147349
1.000000125044828
1.000000110037413
1.000000096404931
1.000000084089671
1.000000073024885
1.000000063137042
1.000000054347931
1.000000046576577
1.000000039740947
1.000000033759445
1.000000028552173
1.000000024041977
1.000000020155274
1.000000016822678
1.000000013979442
1.000000011565735
1.000000009526771
1.000000007812819
1.000000006379104
1.000000005185635
1.000000004196963
1.000000003381891
1.000000002713162
1.000000002167126
1.000000001723396
1.000000001364518
1.000000001075641
1.000000000844208
1.000000000659669
1.000000000513214
1.000000000397526
1.000000000306571
1.000000000235392
1.000000000179949
1.000000000136964
1.000000000103792
1.00000000007831
1.000000000058826
1.000000000043997
1.000000000032763
1.000000000024291
1.000000000017931
1.000000000013178
1.000000000009643
1.000000000007026
1.000000000005096
1.00000000000368
1.000000000002647
1.000000000001895
1.000000000001351
1.000000000000959
1.000000000000677
1.000000000000477
1.000000000000334
1.000000000000233
1.000000000000161
1.000000000000111
1.000000000000077
1.000000000000052
1.000000000000035
1.000000000000024
1.000000000000015
1.00000000000001
1.000000000000006
1.000000000000003
1.000000000000001
1
1
1
1
1
1
1
1
1
1
1
1
1
1
1
1
1
1
1
1
1
1
1
1
1
1
1
1
1
1
1
1
1
1
1
1
1
1
1
1
1
1
1
1
1
1
1
1
1
1
1
1
1
1
1
1
1
1
1
1
1
1
1
1
1
1
1
1
1
1.000000000000001
1.000000000000002
1.000000000000005
1.000000000000008
1.000000000000013
1.000000000000021
1.000000000000033
1.00000000000005
1.000000000000076
1.000000000000115
1.000000000000172
1.000000000000256
1.000000000000378
1.000000000000555
1.000000000000806
1.000000000001162
1.000000000001664
1.000000000002364
1.000000000003337
1.000000000004677
1.000000000006515
1.000000000009019
1.000000000012413
1.000000000016988
1.000000000023122
1.000000000031307
1.000000000042172
1.000000000056528
1.000000000075404
1.000000000100106
1.000000000132283
1.000000000119276
1.000000000156179
1.000000000203579
1.000000000264181
1.000000000341299
1.000000000438978
1.000000000562121
1.000000000716639
1.000000000909615
1.000000001149485
1.000000001446233
1.000000001811604
1.000000002259325
1.000000002805334
1.000000003468013
1.000000004268419
1.0000000052305
1.000000006381297
1.00000000775111
1.000000009373628
1.000000011285998
1.000000013528834
1.000000016146131
1.000000019185095
1.00000002269585
1.000000026731026
1.000000031345207
1.000000036594234
1.000000042534355
1.000000049221224
1.000000056708744
1.00000006504777
1.000000074284683
1.000000084459856
1.00000009560604
1.000000107746703
1.000000120894368
1.000000135048985
1.0000001501964
1.000000166306966
1.000000183334358
1.000000201214643
1.00000021986566
1.000000239186762
1.000000259058956
1.000000279345481
1.000000299892839
1.000000320532299
1.000000341081854
1.000000361348633
1.000000381131704
1.00000040022525
1.000000418422024
1.000000435517022
1.000000451311288
1.000000465615731
1.000000478254884
1.000000489070475
1.000000497924726
1.000000504703268
1.000000509317605
1.000000511707036
1.000000511839981
1.000000509714681
1.000000505359234
1.000000498830974
1.000000490215222
1.000000479623422
1.000000467190745
1.000000453073218
1.00000043744447
1.000000420492181
1.000000402414349
1.000000383415464
1.000000363702704
1.00000034348224
1.000000322955746
1.000000302317198
1.00000028175001
1.000000261424584
1.000000241496296
1.000000222103936
1.000000203368623
1.000000185393175
1.00000016826192
1.000000152040905
1.000000136778483
1.000000122506202
1.000000109239968
1.00000009698141
1.000000085719399
1.000000075431667
1.000000066086467
1.000000057644236
1.000000050059218
1.000000043281007
1.000000037255988
1.000000031928651
1.000000027242762
1.000000023142387
1.000000019572755
1.000000016480975
1.000000013816605
1.000000011532081
1.000000009583018
1.000000007928401
1.000000006530674
1.000000005355745
1.000000004372922
1.00000000355479
1.000000002877047
1.000000002318309
1.00000000185989
1.000000001485578
1.000000001181399
1.000000000935386
1.000000000737358
1.00000000057871
1.000000000452207
1.000000000351811
1.000000000272507
1.000000000210155
1.000000000161362
1.000000000123356
1.00000000009389
1.00000000007115
1.000000000053682
1.000000000040326
1.000000000030161
1.000000000022459
1.000000000016652
1.000000000012292
1.000000000009034
1.00000000000661
1.000000000004816
1.000000000003493
1.000000000002523
1.000000000001814
1.000000000001299
1.000000000000925
1.000000000000657
1.000000000000464
1.000000000000326
1.000000000000228
1.000000000000159
1.000000000000111
1.000000000000076
1.000000000000052
1.000000000000035
1.000000000000024
1.000000000000016
1.00000000000001
1.000000000000006
1.000000000000003
1.000000000000001
1
1
1
1
1
1
1
1
1
1
1
1
1
1
1
1
1
1
1
1
1
1
1
1
1
1
1
1
1
1
1
1
1
1
1
1
1
1
1
1
1
1
1
1
1
1
1
1
1
1
1
1
1
1
1
1
1
1
1
1
1
1
1
1
1
1
1
1
1
1
1
1.000000000000001
1.000000000000003
1.000000000000006
1.000000000000009
1.000000000000014
1.000000000000022
1.000000000000034
1.000000000000052
1.000000000000079
1.000000000000118
1.000000000000176
1.000000000000259
1.00000000000038
1.000000000000552
1.000000000000797
1.00000000000114
1.00000000000162
1.000000000002287
1.000000000003206
1.000000000004466
1.000000000006183
1.000000000008509
1.000000000011645
1.00000000001585
1.00000000002146
1.000000000028909
1.00000000003875
1.000000000051689
1.000000000068622
1.000000000090679
1.00000000008141
1.000000000106597
1.000000000138949
1.000000000180312
1.000000000232947
1.000000000299616
1.000000000383665
1.000000000489129
1.000000000620842
1.000000000784562
1.000000000987102
1.00000000123648
1.000000001542066
1.000000001914736
1.000000002367039
1.000000002913345
1.00000000357
1.000000004355462
1.00000000529041
1.000000006397839
1.000000007703104
1.000000009233924
1.000000011020329
1.000000013094539
1.000000015490765
1.00000001824493
1.000000021394288
1.000000024976955
1.000000029031323
1.000000033595376
1.000000038705907
1.000000044397626
1.000000050702191
1.000000057647158
1.00000006525488
1.000000073541377
1.000000082515196
1.000000092176303
1.000000102515037
1.000000113511164
1.000000125133065
1.000000137337103
1.000000150067199
1.000000163254659
1.000000176818265
1.000000190664672
1.000000204689111
1.000000218776415
1.000000232802358
1.000000246635296
1.000000260138086
1.000000273170247
1.000000285590326
1.000000297258398
1.000000308038667
1.00000031780207
1.000000326428842
1.000000333810958
1.000000339854376
1.000000344481034
1.000000347630532
1.000000349261436
1.000000349352193
1.000000347901601
1.000000344928838
1.000000340473038
1.000000334592435
1.000000327363094
1.000000318877275
1.000000309241474
1.000000298574199
1.000000287003551
1.000000274664671
1.000000261697133
1.000000248242343
1.000000234441024
1.000000220430826
1.000000206344146
1.000000192306172
1.00000017843321
1.000000164831313
1.000000151595209
1.000000138807567
1.000000126538567
1.000000114845763
1.000000103774238
1.000000093356993
1.000000083615561
1.000000074560799
1.000000066193819
1.000000058507026
1.000000051485219
1.000000045106729
1.000000039344555
1.000000034167464
1.000000029541054
1.000000025428729
1.000000021792601
1.000000018594289
1.000000015795614
1.000000013359193
1.000000011248927
1.000000009430386
1.000000007871105
1.000000006540791
1.000000005411448
1.000000004457443
1.000000003655507
1.00000000298469
1.000000002426283
1.000000001963696
1.000000001582335
1.000000001269447
1.000000001013964
1.000000000806349
1.000000000638436
1.000000000503275
1.000000000394991
1.000000000308648
1.000000000240124
1.000000000185996
1.000000000143439
1.000000000110136
1.000000000084195
1.000000000064083
1.000000000048562
1.00000000003664
1.000000000027524
1.000000000020586
1.00000000001533
1.000000000011365
1.00000000000839
1.000000000006166
1.000000000004512
1.000000000003287
1.000000000002385
1.000000000001722
1.000000000001238
1.000000000000886
1.000000000000631
1.000000000000448
1.000000000000316
1.000000000000223
1.000000000000156
1.000000000000108
1.000000000000075
1.000000000000052
1.000000000000035
1.000000000000024
1.000000000000016
1.00000000000001
1.000000000000006
1.000000000000003
1.000000000000001
1
1
1
1
1
1
1
1
1
1
1
1
1
1
1
1
1
1
1
1
1
1
1
1
1
1
1
1
1
1
1
1
1
1
1
1
1
1
1
1
1
1
1
1
1
1
1
1
1
1
1
1
1
1
1
1
1
1
1
1
1
1
1
1
1
1
1
1
1
1
1
1
1
1.000000000000002
1.000000000000003
1.000000000000006
1.00000000000001
1.000000000000015
1.000000000000024
1.000000000000036
1.000000000000054
1.000000000000081
1.00000000000012
1.000000000000177
1.000000000000259
1.000000000000377
1.000000000000544
1.000000000000778
1.000000000001106
1.000000000001561
1.000000000002188
1.000000000003048
1.00000000000422
1.000000000005808
1.000000000007948
1.000000000010818
1.000000000014647
1.000000000019731
1.000000000026448
1.000000000035279
1.000000000046837
1.000000000061891
1.000000000055324
1.00000000007244
1.000000000094426
1.000000000122535
1.000000000158305
1.000000000203612
1.00000000026073
1.000000000332401
1.00000000042191
1.000000000533171
1.000000000670814
1.000000000840287
1.000000001047957
1.000000001301216
1.000000001608593
1.000000001979853
1.000000002426104
1.00000000295989
1.000000003595265
1.000000004347856
1.000000005234892
1.000000006275213
1.000000007489225
1.000000008898826
1.000000010527264
1.000000012398952
1.000000014539209
1.000000016973936
1.000000019729225
1.000000022830891
1.000000026303935
1.000000030171948
1.000000034456443
1.000000039176148
1.000000044346254
1.000000049977647
1.000000056076136
1.000000062641699
1.000000069667771
1.000000077140599
1.000000085038697
1.000000093332409
1.000000101983627
1.000000110945665
1.000000120163328
1.000000129573182
1.000000139104025
1.000000148677592
1.000000158209462
1.000000167610168
1.000000176786512
1.000000185643023
1.000000194083572
1.000000202013067
1.000000209339222
1.000000215974328
1.000000221836993
1.000000226853805
1.000000230960853
1.000000234105089
1.000000236245463
1.000000237353819
1.000000237415507
1.000000236429713
1.000000234409468
1.000000231381368
1.000000227384987
1.000000222472018
1.000000216705161
1.000000210156789
1.000000202907438
1.000000195044165
1.000000186658809
1.000000177846224
1.000000168702508
1.000000159323294
1.000000149802128
1.000000140228986
1.000000130688943
1.000000121261042
1.000000112017352
1.000000103022251
1.000000094331921
1.000000085994052
1.000000078047761
1.000000070523684
1.000000063444248
1.000000056824088
1.00000005067058
1.000000044984481
1.000000039760629
1.000000034988694
1.000000030653951
1.000000026738048
1.000000023219762
1.000000020075711
1.000000017281026
1.00000001480996
1.000000012636427
1.000000010734484
1.000000009078724
1.000000007644615
1.000000006408758
1.000000005349092
1.000000004445028
1.000000003677542
1.000000003029213
1.000000002484228
1.000000002028351
1.000000001648865
1.000000001334498
1.00000000107533
1.000000000862696
1.000000000689074
1.000000000547982
1.000000000433871
1.000000000342017
1.00000000026843
1.000000000209752
1.000000000163184
1.0000000001264
1.000000000097479
1.000000000074846
1.000000000057218
1.00000000004355
1.000000000033002
1.0000000000249
1.000000000018705
1.00000000001399
1.000000000010418
1.000000000007724
1.000000000005701
1.00000000000419
1.000000000003066
1.000000000002234
1.00000000000162
1.00000000000117
1.000000000000841
1.000000000000602
1.000000000000429
1.000000000000304
1.000000000000215
1.000000000000151
1.000000000000106
1.000000000000074
1.000000000000051
1.000000000000034
1.000000000000024
1.000000000000016
1.00000000000001
1.000000000000006
1.000000000000003
1.000000000000001
1
1
1
1
1
1
1
1
1
1
1
1
1
1
1
1
1
1
1
1
1
1
1
1
1
1
1
1
1
1
1
1
1
1
1
1
1
1
1
1
1
1
1
1
1
1
1
1
1
1
1
1
1
1
1
1
1
1
1
1
1
1
1
1
1
1
1
1
1
1
1
1
1
1
1
1.000000000000002
1.000000000000004
1.000000000000007
1.00000000000001
1.000000000000016
1.000000000000024
1.000000000000037
1.000000000000054
1.000000000000081
1.00000000000012
1.000000000000176
1.000000000000256
1.000000000000369
1.000000000000529
1.000000000000752
1.000000000001061
1.000000000001487
1.000000000002071
1.000000000002868
1.000000000003947
1.000000000005401
1.000000000007352
1.000000000009954
1.000000000013409
1.000000000017973
1.000000000023975
1.000000000031829
1.00000000004206
1.000000000037434
1.000000000049016
1.000000000063892
1.000000000082912
1.000000000107115
1.000000000137772
1.00000000017642
1.000000000224915
1.000000000285481
1.000000000360764
1.000000000453898
1.000000000568571
1.000000000709089
1.000000000880455
1.000000001088438
1.000000001339649
1.000000001641602
1.000000002002784
1.000000002432706
1.000000002941941
1.000000003542148
1.000000004246075
1.000000005067529
1.000000006021327
1.000000007123201
1.000000008389669
1.000000009837863
1.00000001148531
1.000000013349663
1.000000015448392
1.000000017798413
1.000000020415688
1.000000023314776
1.000000026508347
1.000000030006682
1.000000033817145
1.000000037943669
1.000000042386238
1.00000004714041
1.00000005219688
1.000000057541108
1.000000063153029
1.000000069006857
1.000000075071001
1.000000081308115
1.000000087675276
1.000000094124305
1.000000100602244
1.00000010705197
1.000000113412946
1.000000119622108
1.000000125614858
1.000000131326147
1.000000136691634
1.000000141648872
1.000000146138514
1.000000150105486
1.000000153500113
1.000000156279149
1.0000001584067
1.00000015985499
1.000000160604965
1.000000160646715
1.000000159979686
1.000000158612698
1.000000156563745
1.000000153859606
1.000000150535258
1.000000146633128
1.000000142202186
1.000000137296928
1.000000131976259
1.000000126302323
1.000000120339303
1.000000114152224
1.000000107805794
1.000000101363313
1.000000094885662
1.000000088430408
1.000000082051034
1.000000075796306
1.000000069709786
1.000000063829489
1.000000058187684
1.00000005281084
1.000000047719686
1.000000042929399
1.00000003844988
1.00000003428612
1.000000030438632
1.000000026903923
1.000000023675004
1.000000020741909
1.000000018092222
1.000000015711581
1.000000013584167
1.00000001169315
1.00000001002111
1.000000008550395
1.00000000726345
1.000000006143085
1.000000005172699
1.000000004336461
1.000000003619441
1.000000003007709
1.000000002488392
1.000000002049703
1.000000001680941
1.000000001372474
1.000000001115696
1.000000000902981
1.000000000727617
1.000000000583738
1.000000000466258
1.000000000370789
1.000000000293576
1.000000000231424
1.000000000181631
1.000000000141928
1.000000000110418
1.000000000085528
1.000000000065958
1.000000000050644
1.000000000038716
1.000000000029468
1.000000000022331
1.000000000016849
1.000000000012657
1.000000000009466
1.000000000007049
1.000000000005226
1.000000000003858
1.000000000002835
1.000000000002075
1.000000000001512
1.000000000001096
1.000000000000791
1.000000000000569
1.000000000000407
1.00000000000029
1.000000000000206
1.000000000000145
1.000000000000102
1.000000000000071
1.00000000000005
1.000000000000034
1.000000000000023
1.000000000000015
1.00000000000001
1.000000000000006
1.000000000000003
1.000000000000001
1
1
1
1
1
1
1
1
1
1
1
1
1
1
1
1
1
1
1
1
1
1
1
1
1
1
1
1
1
1
1
1
1
1
1
1
1
1
1
1
1
1
1
1
1
1
1
1
1
1
1
1
1
1
1
1
1
1
1
1
1
1
1
1
1
1
1
1
1
1
1
1
1
1
1
1
1.000000000000001
1.000000000000002
1.000000000000004
1.000000000000006
1.00000000000001
1.000000000000016
1.000000000000024
1.000000000000037
1.000000000000055
1.000000000000081
1.000000000000118
1.000000000000173
1.00000000000025
1.000000000000357
1.000000000000508
1.000000000000717
1.000000000001006
1.000000000001401
1.00000000000194
1.00000000000267
1.000000000003654
1.000000000004974
1.000000000006735
1.000000000009073
1.000000000012161
1.000000000016222
1.000000000021537
1.000000000028459
1.00000000002522
1.000000000033022
1.000000000043045
1.000000000055858
1.000000000072164
1.000000000092818
1.000000000118856
1.000000000151528
1.000000000192331
1.000000000243051
1.000000000305797
1.000000000383054
1.000000000477723
1.000000000593174
1.000000000733296
1.00000000090254
1.000000001105971
1.000000001349306
1.000000001638951
1.000000001982031
1.000000002386402
1.000000002860649
1.000000003414078
1.000000004056669
1.000000004799022
1.000000005652265
1.000000006627941
1.000000007737857
1.000000008993909
1.000000010407863
1.000000011991119
1.00000001375443
1.000000015707604
1.000000017859178
1.000000020216078
1.000000022783267
1.000000025563393
1.000000028556445
1.000000031759432
1.000000035166084
1.000000038766606
1.000000042547479
1.00000004649133
1.000000050576878
1.00000005477896
1.000000059068658
1.000000063413514
1.000000067777847
1.000000072123174
1.000000076408709
1.000000080591963
1.000000084629417
1.000000088477246
1.0000000920921
1.000000095431908
1.000000098456686
1.00000010112933
1.000000103416373
1.000000105288678
1.000000106722064
1.000000107697815
1.000000108203096
1.00000010823123
1.000000107781843
1.000000106860877
1.000000105480456
1.000000103658621
1.000000101418937
1.000000098789987
1.000000095804764
1.000000092499983
1.000000088915331
1.000000085092674
1.000000081075254
1.00000007690688
1.000000072631148
1.000000068290704
1.000000063926565
1.000000059577516
1.000000055279588
1.000000051065638
1.000000046965013
1.000000043003324
1.000000039202314
1.000000035579814
1.00000003214979
1.000000028922467
1.000000025904515
1.000000023099298
1.00000002050716
1.000000018125748
1.000000015950354
1.000000013974264
1.000000012189111
1.000000010585222
1.000000009151937
1.000000007877919
1.000000006751429
1.000000005760577
1.000000004893535
1.000000004138721
1.000000003484952
1.00000000292156
1.000000002438489
1.000000002026353
1.000000001676479
1.000000001380925
1.000000001132483
1.000000000924662
1.000000000751666
1.000000000608355
1.000000000490209
1.000000000393275
1.000000000314127
1.000000000249807
1.000000000197787
1.000000000155915
1.000000000122368
1.000000000095619
1.00000000007439
1.000000000057621
1.000000000044437
1.00000000003412
1.000000000026084
1.000000000019853
1.000000000015045
1.000000000011351
1.000000000008527
1.000000000006377
1.000000000004749
1.000000000003521
1.000000000002599
1.00000000000191
1.000000000001398
1.000000000001018
1.000000000000738
1.000000000000533
1.000000000000383
1.000000000000274
1.000000000000195
1.000000000000139
1.000000000000098
1.000000000000068
1.000000000000048
1.000000000000033
1.000000000000022
1.000000000000015
1.00000000000001
1.000000000000006
1.000000000000003
1.000000000000001
1
1
1
1
1
1
1
1
1
1
1
1
1
1
1
1
1
1
1
1
1
1
1
1
1
1
1
1
1
1
1
1
1
1
1
1
1
1
1
1
1
1
1
1
1
1
1
1
1
1
1
1
1
1
1
1
1
1
1
1
1
1
1
1
1
1
1
1
1
1
1
1
1
1
1
1
1
1
1.000000000000001
1.000000000000002
1.000000000000004
1.000000000000006
1.00000000000001
1.000000000000016
1.000000000000024
1.000000000000036
1.000000000000054
1.000000000000079
1.000000000000116
1.000000000000168
1.00000000000024
1.000000000000342
1.000000000000483
1.000000000000677
1.000000000000944
1.000000000001307
1.000000000001799
1.000000000002462
1.000000000003351
1.000000000004537
1.000000000006112
1.000000000008193
1.000000000010929
1.000000000014509
1.000000000019173
1.000000000016917
1.000000000022151
1.000000000028874
1.00000000003747
1.000000000048408
1.000000000062262
1.000000000079728
1.000000000101645
1.000000000129016
1.000000000163039
1.000000000205129
1.000000000256952
1.000000000320457
1.000000000397902
1.000000000491897
1.000000000605426
1.000000000741888
1.000000000905118
1.000000001099413
1.000000001329554
1.000000001600807
1.000000001918935
1.000000002290178
1.000000002721232
1.000000003219208
1.000000003791569
1.000000004446059
1.000000005190598
1.000000006033167
1.000000006981659
1.000000008043719
1.000000009226562
1.000000010536767
1.000000011980061
1.00000001356109
1.000000015283182
1.000000017148116
1.000000019155882
1.000000021304476
1.00000002358969
1.000000026004954
1.000000028541201
1.000000031186776
1.000000033927402
1.000000036746201
1.000000039623775
1.000000042538349
1.000000045465991
1.000000048380882
1.000000051255665
1.000000054061839
1.000000056770207
1.000000059351374
1.00000006177626
1.000000064016642
1.000000066045699
1.000000067838541
1.000000069372718
1.000000070628685
1.000000071590219
1.000000072244768
1.000000072583719
1.000000072602595
1.000000072301146
1.000000071683356
1.000000070757358
1.000000069535254
1.000000068032854
1.000000066269329
1.000000064266812
1.000000062049931
1.00000005964531
1.000000057081032
1.000000054386105
1.000000051589917
1.000000048721711
1.000000045810096
1.000000042882586
1.000000039965197
1.000000037082102
1.000000034255341
1.000000031504598
1.000000028847056
1.000000026297299
1.000000023867288
1.000000021566392
1.00000001940147
1.000000017376997
1.000000015495229
1.000000013756397
1.000000012158922
1.000000010699645
1.000000009374064
1.000000008176567
1.000000007100662
1.000000006139201
1.000000005284577
1.000000004528917
1.000000003864244
1.000000003282624
1.000000002776288
1.000000002337734
1.000000001959806
1.000000001635758
1.000000001359293
1.000000001124594
1.000000000926335
1.000000000759678
1.00000000062027
1.000000000504222
1.000000000408089
1.000000000328835
1.000000000263812
1.000000000210718
1.000000000167572
1.000000000132677
1.000000000104588
1.000000000082085
1.000000000064142
1.000000000049901
1.000000000038653
1.000000000029809
1.000000000022888
1.000000000017497
1.000000000013318
1.000000000010092
1.000000000007614
1.00000000000572
1.000000000004278
1.000000000003185
1.000000000002362
1.000000000001744
1.000000000001281
1.000000000000938
1.000000000000683
1.000000000000495
1.000000000000357
1.000000000000257
1.000000000000184
1.000000000000131
1.000000000000093
1.000000000000065
1.000000000000046
1.000000000000032
1.000000000000021
1.000000000000014
1.00000000000001
1.000000000000005
1.000000000000003
1.000000000000001
1
1
1
1
1
1
1
1
1
1
1
1
1
1
1
1
1
1
1
1
1
1
1
1
1
1
1
1
1
1
1
1
1
1
1
1
1
1
1
1
1
1
1
1
1
1
1
1
1
1
1
1
1
1
1
1
1
1
1
1
1
1
1
1
1
1
1
1
1
1
1
1
1
1
1
1
1
1
1
1
1.000000000000001
1.000000000000002
1.000000000000003
1.000000000000006
1.00000000000001
1.000000000000016
1.000000000000024
1.000000000000036
1.000000000000053
1.000000000000077
1.000000000000112
1.000000000000161
1.000000000000229
1.000000000000324
1.000000000000454
1.000000000000633
1.000000000000876
1.000000000001206
1.000000000001651
1.000000000002248
1.000000000003043
1.0000000000041
1.000000000005495
1.000000000007331
1.000000000009733
1.000000000012861
1.000000000011299
1.000000000014795
1.000000000019285
1.000000000025026
1.000000000032332
1.000000000041585
1.00000000005325
1.000000000067889
1.00000000008617
1.000000000108894
1.000000000137006
1.000000000171619
1.000000000214034
1.00000000026576
1.000000000328539
1.000000000404367
1.00000000049551
1.000000000604532
1.000000000734304
1.000000000888016
1.000000001069188
1.000000001281668
1.000000001529624
1.000000001817529
1.00000000215013
1.000000002532415
1.000000002969554
1.000000003466839
1.000000004029599
1.000000004663105
1.000000005372465
1.000000006162498
1.000000007037597
1.000000008001587
1.000000009057573
1.000000010207777
1.000000011453386
1.000000012794395
1.000000014229464
1.000000015755785
1.000000017368968
1.000000019062957
1.000000020829967
1.000000022660464
1.000000024543174
1.000000026465141
1.000000028411821
1.000000030367229
1.000000032314122
1.000000034234227
1.000000036108506
1.000000037917461
1.000000039641456
1.000000041261069
1.000000042757451
1.000000044112687
1.000000045310151
1.00000004633485
1.000000047173729
1.000000047815952
1.000000048253137
1.00000004847953
1.00000004849214
1.000000048290801
1.000000047878174
1.00000004725969
1.000000046443434
1.000000045439964
1.000000044262085
1.00000004292458
1.000000041443899
1.000000039837823
1.000000038125111
1.000000036325136
1.000000034457528
1.000000032541818
1.000000030597114
1.000000028641793
1.000000026693233
1.000000024767579
1.000000022879549
1.000000021042294
1.000000019267289
1.000000017564275
1.000000015941241
1.000000014404445
1.000000012958467
1.000000011606296
1.00000001034944
1.000000009188053
1.000000008121081
1.000000007146413
1.000000006261041
1.000000005461219
1.00000000474261
1.000000004100438
1.000000003529625
1.000000003024911
1.000000002580969
1.000000002192499
1.000000001854311
1.000000001561396
1.000000001308974
1.000000001092538
1.000000000907885
1.000000000751127
1.000000000618708
1.000000000507395
1.000000000414283
1.000000000336775
1.000000000272566
1.000000000219632
1.000000000176202
1.00000000014074
1.000000000111923
1.000000000088616
1.000000000069855
1.000000000054825
1.000000000042841
1.000000000033329
1.000000000025816
1.000000000019909
1.000000000015287
1.000000000011686
1.000000000008895
1.000000000006741
1.000000000005086
1.000000000003821
1.000000000002858
1.000000000002128
1.000000000001577
1.000000000001165
1.000000000000856
1.000000000000626
1.000000000000456
1.000000000000331
1.000000000000239
1.000000000000172
1.000000000000123
1.000000000000087
1.000000000000062
1.000000000000043
1.00000000000003
1.00000000000002
1.000000000000014
1.000000000000009
1.000000000000005
1.000000000000003
1.000000000000001
1
1
1
1
1
1
1
1
1
1
1
1
1
1
1
1
1
1
1
1
1
1
1
1
1
1
1
1
1
1
1
1
1
1
1
1
1
1
1
1
1
1
1
1
1
1
1
1
1
1
1
1
1
1
1
1
1
1
1
1
1
1
1
1
1
1
1
1
1
1
1
1
1
1
1
1
1
1
1
1
1
1
1.000000000000001
1.000000000000002
1.000000000000004
1.000000000000006
1.00000000000001
1.000000000000015
1.000000000000023
1.000000000000035
1.000000000000051
1.000000000000074
1.000000000000107
1.000000000000153
1.000000000000216
1.000000000000303
1.000000000000422
1.000000000000585
1.000000000000805
1.000000000001102
1.000000000001501
1.000000000002032
1.000000000002738
1.00000000000367
1.000000000004896
1.0000000000065
1.00000000000859
1.000000000007514
1.000000000009839
1.000000000012825
1.000000000016643
1.000000000021501
1.000000000027655
1.000000000035413
1.000000000045147
1.000000000057305
1.000000000072416
1.000000000091112
1.00000000011413
1.000000000142337
1.000000000176736
1.000000000218485
1.000000000268912
1.000000000329524
1.000000000402026
1.000000000488327
1.000000000590549
1.000000000711032
1.000000000852336
1.000000001017233
1.000000001208696
1.000000001429884
1.000000001684113
1.000000001974821
1.000000002305528
1.000000002679777
1.000000003101074
1.000000003572817
1.000000004098208
1.000000004680172
1.000000005321251
1.000000006023508
1.000000006788424
1.000000007616787
1.000000008508594
1.000000009462954
1.000000010477998
1.000000011550808
1.000000012677357
1.000000013852467
1.000000015069799
1.000000016321853
1.000000017600014
1.000000018894612
1.000000020195013
1.000000021489752
1.000000022766676
1.000000024013126
1.000000025216133
1.00000002636264
1.00000002743973
1.000000028434868
1.00000002933614
1.000000030132489
1.000000030813945
1.000000031371825
1.000000031798924
1.000000032089666
1.000000032240226
1.000000032248614
1.00000003211472
1.000000031840312
1.000000031429005
1.000000030886173
1.000000030218838
1.000000029435516
1.000000028546039
1.000000027561345
1.00000002649326
1.000000025354259
1.000000024157225
1.000000022915213
1.000000021641212
1.000000020347929
1.000000019047586
1.000000017751739
1.000000016471125
1.000000015215532
1.000000013993706
1.000000012813277
1.000000011680725
1.000000010601362
1.00000000957935
1.000000008617734
1.000000007718502
1.000000006882658
1.000000006110304
1.000000005400737
1.000000004752556
1.00000000416376
1.000000003631856
1.000000003153962
1.0000000027269
1.000000002347294
1.000000002011645
1.000000001716411
1.000000001458068
1.000000001233165
1.000000001038368
1.000000000870501
1.000000000726566
1.000000000603766
1.000000000499518
1.000000000411456
1.000000000337431
1.000000000275509
1.000000000223963
1.000000000181263
1.00000000014606
1.000000000117178
1.000000000093596
1.000000000074431
1.000000000058932
1.000000000046455
1.00000000003646
1.00000000002849
1.000000000022165
1.000000000017168
1.00000000001324
1.000000000010166
1.000000000007772
1.000000000005915
1.000000000004483
1.000000000003382
1.000000000002541
1.0000000000019
1.000000000001415
1.000000000001049
1.000000000000775
1.000000000000569
1.000000000000417
1.000000000000303
1.00000000000022
1.000000000000159
1.000000000000114
1.000000000000081
1.000000000000058
1.000000000000041
1.000000000000028
1.00000000000002
1.000000000000013
1.000000000000009
1.000000000000005
1.000000000000002
1.000000000000001
1
1
1
1
1
1
1
1
1
1
1
1
1
1
1
1
1
1
1
1
1
1
1
1
1
1
1
1
1
1
1
1
1
1
1
1
1
1
1
1
1
1
1
1
1
1
1
1
1
1
1
1
1
1
1
1
1
1
1
1
1
1
1
1
1
1
1
1
1
1
1
1
1
1
1
1
1
1
1
1
1
1
1
1
1.000000000000001
1.000000000000002
1.000000000000003
1.000000000000006
1.00000000000001
1.000000000000015
1.000000000000023
1.000000000000034
1.000000000000049
1.000000000000071
1.000000000000101
1.000000000000143
1.000000000000201
1.000000000000281
1.000000000000389
1.000000000000535
1.000000000000733
1.000000000000998
1.000000000001351
1.000000000001821
1.000000000002441
1.000000000003256
1.000000000004323
1.000000000005712
1.000000000004975
1.000000000006515
1.000000000008492
1.00000000001102
1.000000000014237
1.000000000018311
1.000000000023448
1.000000000029894
1.000000000037944
1.000000000047951
1.000000000060329
1.000000000075571
1.000000000094248
1.000000000117025
1.00000000014467
1.000000000178059
1.000000000218194
1.000000000266201
1.000000000323345
1.000000000391032
1.000000000470811
1.000000000564375
1.000000000673562
1.00000000080034
1.0000000009468
1.000000001115138
1.000000001307632
1.000000001526611
1.000000001774421
1.000000002053385
1.000000002365752
1.000000002713642
1.000000003098992
1.000000003523486
1.00000000398849
1.000000004494983
1.000000005043489
1.000000005634004
1.000000006265939
1.000000006938057
1.000000007648426
1.000000008394377
1.000000009172485
1.000000009978549
1.000000010807606
1.00000001165395
1.000000012511178
1.000000013372248
1.00000001422957
1.000000015075096
1.000000015900443
1.000000016697024
1.000000017456193
1.000000018169398
1.000000018828337
1.000000019425122
1.000000019952433
1.000000020403665
1.000000020773071
1.00000002105588
1.000000021248398
1.000000021348094
1.00000002135365
1.000000021264992
1.000000021083292
1.000000020810942
1.000000020451503
1.000000020009623
1.000000019490941
1.000000018901968
1.000000018249946
1.000000017542706
1.000000016788507
1.000000015995882
1.000000015173475
1.000000014329885
1.000000013473528
1.000000012612496
1.000000011754441
1.000000010906473
1.000000010075072
1.000000009266031
1.000000008484401
1.000000007734473
1.000000007019765
1.000000006343031
1.00000000570629
1.000000005110858
1.000000004557398
1.000000004045978
1.000000003576133
1.000000003146935
1.000000002757059
1.000000002404856
1.000000002088415
1.000000001805633
1.000000001554274
1.000000001332022
1.000000001136531
1.000000000965468
1.000000000816547
1.000000000687561
1.000000000576407
1.000000000481099
1.000000000399786
1.000000000330758
1.000000000272447
1.000000000223431
1.00000000018243
1.000000000148298
1.000000000120024
1.000000000096715
1.00000000007759
1.000000000061975
1.000000000049285
1.000000000039022
1.000000000030761
1.000000000024142
1.000000000018865
1.000000000014676
1.000000000011368
1.000000000008767
1.000000000006732
1.000000000005146
1.000000000003917
1.000000000002968
1.00000000000224
1.000000000001683
1.000000000001259
1.000000000000937
1.000000000000695
1.000000000000513
1.000000000000377
1.000000000000276
1.000000000000201
1.000000000000145
1.000000000000105
1.000000000000075
1.000000000000054
1.000000000000038
1.000000000000027
1.000000000000018
1.000000000000012
1.000000000000008
1.000000000000005
1.000000000000002
1.000000000000001
1
1
1
1
1
1
1
1
1
1
1
1
1
1
1
1
1
1
1
1
1
1
1
1
1
1
1
1
1
1
1
1
1
1
1
1
1
1
1
1
1
1
1
1
1
1
1
1
1
1
1
1
1
1
1
1
1
1
1
1
1
1
1
1
1
1
1
1
1
1
1
1
1
1
1
1
1
1
1
1
1
1
1
1
1
1
1
1.000000000000001
1.000000000000003
1.000000000000005
1.000000000000009
1.000000000000014
1.000000000000022
1.000000000000032
1.000000000000046
1.000000000000066
1.000000000000095
1.000000000000133
1.000000000000186
1.000000000000257
1.000000000000354
1.000000000000485
1.000000000000661
1.000000000000895
1.000000000001205
1.000000000001616
1.000000000002156
1.000000000002862
1.000000000003782
1.00000000000328
1.000000000004295
1.000000000005599
1.000000000007265
1.000000000009386
1.000000000012073
1.000000000015459
1.000000000019709
1.000000000025016
1.000000000031613
1.000000000039774
1.000000000049823
1.000000000062137
1.000000000077154
1.000000000095379
1.000000000117393
1.000000000143854
1.000000000175504
1.000000000213179
1.000000000257805
1.000000000310402
1.000000000372089
1.000000000444075
1.00000000052766
1.00000000062422
1.000000000735205
1.000000000862115
1.000000001006487
1.000000001169868
1.000000001353788
1.000000001559731
1.000000001789094
1.000000002043155
1.000000002323023
1.0000000026296
1.00000000296353
1.000000003325159
1.000000003714485
1.000000004131119
1.000000004574247
1.000000005042592
1.000000005534399
1.000000006047405
1.000000006578843
1.000000007125441
1.000000007683436
1.000000008248606
1.000000008816312
1.000000009381545
1.000000009939001
1.000000010483153
1.00000001100834
1.000000011508862
1.000000011979079
1.000000012413519
1.000000012806981
1.000000013154638
1.000000013452137
1.000000013695688
1.000000013882145
1.000000014009073
1.000000014074804
1.000000014078468
1.000000014020016
1.000000013900222
1.000000013720662
1.000000013483685
1.000000013192353
1.000000012850387
1.000000012462076
1.000000012032198
1.000000011565914
1.000000011068671
1.000000010546093
1.000000010003879
1.0000000094477
1.000000008883102
1.000000008315423
1.000000007749707
1.000000007190641
1.000000006642498
1.000000006109096
1.000000005593767
1.000000005099339
1.000000004628131
1.000000004181961
1.000000003762157
1.000000003369588
1.000000003004691
1.000000002667512
1.000000002357743
1.000000002074773
1.000000001817728
1.000000001585519
1.00000000137689
1.000000001190452
1.000000001024731
1.000000000878201
1.000000000749314
1.000000000636531
1.000000000538348
1.000000000453308
1.000000000380024
1.000000000317188
1.000000000263578
1.000000000218068
1.000000000179624
1.000000000147307
1.000000000120275
1.000000000097773
1.000000000079132
1.000000000063764
1.000000000051155
1.00000000004086
1.000000000032494
1.000000000025727
1.00000000002028
1.000000000015917
1.000000000012438
1.000000000009676
1.000000000007495
1.00000000000578
1.000000000004438
1.000000000003393
1.000000000002582
1.000000000001957
1.000000000001476
1.000000000001109
1.00000000000083
1.000000000000618
1.000000000000458
1.000000000000338
1.000000000000248
1.000000000000182
1.000000000000132
1.000000000000096
1.000000000000069
1.00000000000005
1.000000000000035
1.000000000000025
1.000000000000017
1.000000000000012
1.000000000000007
1.000000000000004
1.000000000000002
1.000000000000001
1
1
1
1
1
1
1
1
1
1
1
1
1
1
1
1
1
1
1
1
1
1
1
1
1
1
1
1
1
1
1
1
1
1
1
1
1
1
1
1
1
1
1
1
1
1
1
1
1
1
1
1
1
1
1
1
1
1
1
1
1
1
1
1
1
1
1
1
1
1
1
1
1
1
1
1
1
1
1
1
1
1
1
1
1
1
1
1
1
1.000000000000001
1.000000000000003
1.000000000000005
1.000000000000008
1.000000000000013
1.00000000000002
1.00000000000003
1.000000000000043
1.000000000000062
1.000000000000087
1.000000000000122
1.000000000000169
1.000000000000233
1.00000000000032
1.000000000000435
1.00000000000059
1.000000000000794
1.000000000001065
1.000000000001421
1.000000000001887
1.000000000002494
1.000000000002153
1.000000000002819
1.000000000003675
1.000000000004769
1.000000000006161
1.000000000007925
1.000000000010148
1.000000000012937
1.000000000016422
1.000000000020752
1.00000000002611
1.000000000032707
1.00000000004079
1.000000000050647
1.000000000062611
1.000000000077063
1.000000000094433
1.00000000011521
1.000000000139942
1.000000000169236
1.000000000203764
1.000000000244258
1.000000000291514
1.000000000346383
1.00000000040977
1.000000000482626
1.000000000565937
1.000000000660711
1.000000000767963
1.000000000888698
1.00000000102389
1.000000001174457
1.000000001341236
1.000000001524957
1.000000001726211
1.000000001945421
1.000000002182814
1.00000000243839
1.000000002711892
1.000000003002786
1.000000003310234
1.000000003633083
1.00000000396985
1.000000004318717
1.000000004677535
1.000000005043835
1.000000005414845
1.00000000578752
1.000000006158571
1.000000006524518
1.000000006881731
1.000000007226495
1.000000007555067
1.000000007863745
1.000000008148937
1.000000008407228
1.000000008635451
1.000000008830747
1.000000008990629
1.000000009113031
1.000000009196355
1.000000009239504
1.00000000924191
1.00000000920354
1.000000009124901
1.000000009007028
1.000000008851463
1.000000008660216
1.00000000843573
1.00000000818082
1.000000007898624
1.000000007592529
1.000000007266109
1.000000006923059
1.000000006567119
1.000000006202011
1.000000005831377
1.00000000545872
1.000000005087351
1.000000004720347
1.000000004360515
1.000000004010359
1.000000003672067
1.000000003347496
1.000000003038168
1.000000002745276
1.000000002469693
1.000000002211988
1.000000001972449
1.000000001751105
1.000000001547755
1.000000001361998
1.000000001193259
1.000000001040824
1.000000000903868
1.000000000781479
1.000000000672691
1.0000000005765
1.000000000491891
1.000000000417855
1.000000000353401
1.000000000297576
1.000000000249468
1.000000000208219
1.000000000173027
1.000000000143152
1.000000000117915
1.000000000096701
1.000000000078955
1.000000000064184
1.000000000051946
1.000000000041858
1.000000000033581
1.000000000026823
1.000000000021331
1.000000000016889
1.000000000013313
1.000000000010449
1.000000000008165
1.000000000006352
1.00000000000492
1.000000000003795
1.000000000002913
1.000000000002227
1.000000000001695
1.000000000001284
1.000000000000969
1.000000000000728
1.000000000000544
1.000000000000405
1.000000000000301
1.000000000000222
1.000000000000163
1.000000000000119
1.000000000000087
1.000000000000063
1.000000000000045
1.000000000000032
1.000000000000022
1.000000000000016
1.00000000000001
1.000000000000006
1.000000000000004
1.000000000000002
1
1
1
1
1
1
1
1
1
1
1
1
1
1
1
1
1
1
1
1
1
1
1
1
1
1
1
1
1
1
1
1
1
1
1
1
1
1
1
1
1
1
1
1
1
1
1
1
1
1
1
1
1
1
1
1
1
1
1
1
1
1
1
1
1
1
1
1
1
1
1
1
1
1
1
1
1
1
1
1
1
1
1
1
1
1
1
1
1
1
1
1
1.000000000000001
1.000000000000002
1.000000000000005
1.000000000000008
1.000000000000012
1.000000000000019
1.000000000000028
1.00000000000004
1.000000000000057
1.00000000000008
1.000000000000111
1.000000000000153
1.000000000000209
1.000000000000285
1.000000000000387
1.000000000000522
1.000000000000699
1.000000000000932
1.000000000001238
1.000000000001636
1.000000000001407
1.000000000001843
1.000000000002402
1.000000000003117
1.000000000004027
1.000000000005179
1.000000000006633
1.000000000008456
1.000000000010733
1.000000000013564
1.000000000017066
1.000000000021377
1.000000000026661
1.000000000033104
1.000000000040924
1.000000000050369
1.000000000061723
1.000000000075303
1.000000000091469
1.000000000110616
1.000000000133184
1.000000000159652
1.00000000019054
1.000000000226403
1.000000000267835
1.000000000315455
1.000000000369909
1.000000000431856
1.000000000501958
1.000000000580873
1.000000000669238
1.000000000767652
1.000000000876663
1.000000000996748
1.000000001128293
1.000000001271574
1.000000001426741
1.000000001593792
1.00000000177256
1.000000001962696
1.000000002163653
1.000000002374676
1.000000002594795
1.000000002822824
1.000000003057358
1.000000003296782
1.000000003539284
1.000000003782875
1.000000004025405
1.000000004264598
1.000000004498083
1.00000000472343
1.000000004938194
1.000000005139955
1.000000005326365
1.000000005495192
1.000000005644366
1.000000005772017
1.000000005876521
1.000000005956526
1.000000006010989
1.000000006039194
1.000000006040767
1.000000006015688
1.000000005964287
1.000000005887242
1.00000000578556
1.000000005660557
1.000000005513827
1.000000005347211
1.00000000516276
1.000000004962687
1.00000000474933
1.000000004525103
1.000000004292451
1.000000004053806
1.000000003811549
1.00000000356797
1.000000003325233
1.000000003085349
1.000000002850152
1.000000002621281
1.000000002400164
1.000000002188015
1.00000000198583
1.000000001794387
1.000000001614258
1.000000001445816
1.000000001289246
1.00000000114457
1.000000001011655
1.000000000890238
1.000000000779945
1.00000000068031
1.000000000590792
1.000000000510795
1.000000000439688
1.000000000376815
1.000000000321513
1.000000000273121
1.000000000230992
1.000000000194504
1.000000000163059
1.000000000136098
1.000000000113095
1.000000000093568
1.000000000077072
1.000000000063206
1.000000000051607
1.000000000041952
1.000000000033954
1.00000000002736
1.00000000002195
1.000000000017532
1.000000000013942
1.000000000011039
1.000000000008702
1.00000000000683
1.000000000005337
1.000000000004152
1.000000000003216
1.00000000000248
1.000000000001904
1.000000000001456
1.000000000001108
1.000000000000839
1.000000000000633
1.000000000000476
1.000000000000356
1.000000000000265
1.000000000000196
1.000000000000145
1.000000000000107
1.000000000000078
1.000000000000057
1.000000000000041
1.000000000000029
1.00000000000002
1.000000000000014
1.00000000000001
1.000000000000006
1.000000000000003
1.000000000000002
1
1
1
1
1
1
1
1
1
1
1
1
1
1
1
1
1
1
1
1
1
1
1
1
1
1
1
1
1
1
1
1
1
1
1
1
1
1
1
1
1
1
1
1
1
1
1
1
1
1
1
1
1
1
1
1
1
1
1
1
1
1
1
1
1
1
1
1
1
1
1
1
1
1
1
1
1
1
1
1
1
1
1
1
1
1
1
1
1
1
1
1
1
1
1.000000000000001
1.000000000000002
1.000000000000004
1.000000000000008
1.000000000000012
1.000000000000017
1.000000000000025
1.000000000000037
1.000000000000052
1.000000000000072
1.000000000000099
1.000000000000137
1.000000000000186
1.000000000000252
1.00000000000034
1.000000000000457
1.00000000000061
1.000000000000809
1.00000000000107
1.000000000000915
1.000000000001199
1.000000000001563
1.000000000002028
1.000000000002621
1.000000000003371
1.000000000004316
1.000000000005503
1.000000000006985
1.000000000008827
1.000000000011106
1.000000000013912
1.000000000017351
1.000000000021544
1.000000000026634
1.00000000003278
1.00000000004017
1.000000000049008
1.000000000059528
1.000000000071989
1.000000000086677
1.000000000103902
1.000000000124004
1.000000000147345
1.000000000174309
1.0000000002053
1.000000000240739
1.000000000281054
1.000000000326677
1.000000000378036
1.000000000435545
1.000000000499594
1.000000000570539
1.000000000648691
1.000000000734302
1.000000000827551
1.000000000928535
1.000000001037253
1.000000001153598
1.00000000127734
1.000000001408125
1.000000001545461
1.000000001688717
1.000000001837121
1.000000001989758
1.000000002145578
1.000000002303402
1.000000002461933
1.000000002619775
1.000000002775445
1.000000002927399
1.000000003074059
1.00000000321383
1.000000003345139
1.000000003466456
1.000000003576332
1.000000003673416
1.000000003756493
1.000000003824506
1.000000003876575
1.00000000391202
1.000000003930376
1.0000000039314
1.000000003915078
1.000000003881627
1.000000003831486
1.00000000376531
1.000000003683956
1.000000003588463
1.000000003480027
1.000000003359984
1.000000003229775
1.00000000309092
1.00000000294499
1.000000002793577
1.000000002638264
1.0000000024806
1.000000002322076
1.0000000021641
1.00000000200798
1.000000001854912
1.000000001705959
1.000000001562054
1.000000001423985
1.0000000012924
1.000000001167807
1.000000001050577
1.000000000940952
1.000000000839055
1.000000000744898
1.000000000658396
1.000000000579376
1.000000000507597
1.000000000442753
1.000000000384493
1.000000000332431
1.000000000286154
1.000000000245235
1.000000000209244
1.00000000017775
1.000000000150332
1.000000000126585
1.000000000106121
1.000000000088574
1.000000000073604
1.000000000060895
1.000000000050159
1.000000000041135
1.000000000033587
1.000000000027303
1.000000000022097
1.000000000017806
1.000000000014285
1.00000000001141
1.000000000009074
1.000000000007184
1.000000000005663
1.000000000004445
1.000000000003473
1.000000000002702
1.000000000002093
1.000000000001614
1.000000000001239
1.000000000000948
1.000000000000721
1.000000000000546
1.000000000000412
1.00000000000031
1.000000000000232
1.000000000000173
1.000000000000128
1.000000000000095
1.000000000000069
1.000000000000051
1.000000000000036
1.000000000000026
1.000000000000018
1.000000000000013
1.000000000000009
1.000000000000005
1.000000000000003
1.000000000000001
1
1
1
1
1
1
1
1
1
1
1
1
1
1
1
1
1
1
1
1
1
1
1
1
1
1
1
1
1
1
1
1
1
1
1
1
1
1
1
1
1
1
1
1
1
1
1
1
1
1
1
1
1
1
1
1
1
1
1
1
1
1
1
1
1
1
1
1
1
1
1
1
1
1
1
1
1
1
1
1
1
1
1
1
1
1
1
1
1
1
1
1
1
1
1
1
1.000000000000001
1.000000000000002
1.000000000000004
1.000000000000007
1.000000000000011
1.000000000000016
1.000000000000023
1.000000000000033
1.000000000000046
1.000000000000064
1.000000000000089
1.000000000000121
1.000000000000164
1.000000000000221
1.000000000000297
1.000000000000396
1.000000000000526
1.000000000000696
1.000000000000593
1.000000000000777
1.000000000001013
1.000000000001314
1.000000000001698
1.000000000002184
1.000000000002797
1.000000000003566
1.000000000004526
1.00000000000572
1.000000000007197
1.000000000009015
1.000000000011243
1.00000000001396
1.000000000017258
1.000000000021242
1.00000000002603
1.000000000031757
1.000000000038574
1.000000000046649
1.000000000056167
1.000000000067329
1.000000000080355
1.00000000009548
1.000000000112953
1.000000000133035
1.000000000156
1.000000000182124
1.000000000211688
1.000000000244969
1.000000000282235
1.000000000323739
1.000000000369712
1.000000000420355
1.000000000475831
1.000000000536257
1.000000000601696
1.000000000672146
1.000000000747538
1.000000000827724
1.000000000912474
1.000000001001469
1.0000000010943
1.000000001190467
1.000000001289377
1.00000000139035
1.000000001492621
1.000000001595351
1.000000001697634
1.00000000179851
1.000000001896978
1.000000001992014
1.000000002082588
1.000000002167677
1.000000002246293
1.000000002317493
1.000000002380405
1.00000000243424
1.000000002478313
1.000000002512054
1.000000002535023
1.000000002546918
1.000000002547582
1.000000002537006
1.000000002515329
1.000000002482837
1.000000002439955
1.000000002387237
1.000000002325356
1.000000002255089
1.0000000021773
1.000000002092924
1.000000002002944
1.00000000190838
1.000000001810263
1.000000001709619
1.000000001607451
1.000000001504726
1.000000001402356
1.00000000130119
1.000000001201999
1.000000001105477
1.000000001012225
1.000000000922755
1.000000000837487
1.000000000756749
1.000000000680783
1.000000000609745
1.000000000543715
1.0000000004827
1.000000000426646
1.000000000375441
1.000000000328927
1.000000000286907
1.000000000249155
1.000000000215418
1.00000000018543
1.000000000158914
1.000000000135592
1.000000000115183
1.000000000097417
1.000000000082028
1.000000000068767
1.000000000057397
1.000000000047696
1.00000000003946
1.000000000032504
1.000000000026656
1.000000000021764
1.000000000017693
1.000000000014319
1.000000000011538
1.000000000009257
1.000000000007394
1.00000000000588
1.000000000004655
1.00000000000367
1.00000000000288
1.00000000000225
1.000000000001751
1.000000000001356
1.000000000001046
1.000000000000803
1.000000000000614
1.000000000000467
1.000000000000354
1.000000000000267
1.000000000000201
1.00000000000015
1.000000000000112
1.000000000000083
1.000000000000061
1.000000000000045
1.000000000000032
1.000000000000023
1.000000000000016
1.000000000000012
1.000000000000008
1.000000000000005
1.000000000000002
1.000000000000001
1
1
1
1
1
1
1
1
1
1
1
1
1
1
1
1
1
1
1
1
1
1
1
1
1
1
1
1
1
1
1
1
1
1
1
1
1
1
1
1
1
1
1
1
1
1
1
1
1
1
1
1
1
1
1
1
1
1
1
1
1
1
1
1
1
1
1
1
1
1
1
1
1
1
1
1
1
1
1
1
1
1
1
1
1
1
1
1
1
1
1
1
1
1
1
1
1
1
1
1.000000000000002
1.000000000000003
1.000000000000006
1.00000000000001
1.000000000000014
1.000000000000021
1.00000000000003
1.000000000000041
1.000000000000057
1.000000000000078
1.000000000000106
1.000000000000143
1.000000000000192
1.000000000000257
1.000000000000341
1.000000000000451
1.000000000000382
1.000000000000501
1.000000000000653
1.000000000000848
1.000000000001095
1.000000000001409
1.000000000001804
1.0000000000023
1.00000000000292
1.00000000000369
1.000000000004643
1.000000000005816
1.000000000007254
1.000000000009007
1.000000000011135
1.000000000013705
1.000000000016795
1.00000000002049
1.000000000024889
1.000000000030099
1.000000000036239
1.000000000043442
1.000000000051846
1.000000000061605
1.000000000072879
1.000000000085836
1.000000000100653
1.000000000117509
1.000000000136585
1.000000000158058
1.000000000182102
1.000000000208882
1.000000000238544
1.00000000027122
1.000000000307014
1.000000000346002
1.000000000388224
1.00000000043368
1.000000000482324
1.000000000534061
1.000000000588744
1.000000000646165
1.000000000706062
1.000000000768111
1.000000000831929
1.000000000897079
1.000000000963067
1.00000000102935
1.000000001095345
1.000000001160432
1.000000001223966
1.000000001285285
1.000000001343725
1.000000001398626
1.000000001449351
1.000000001495291
1.000000001535883
1.000000001570619
1.000000001599056
1.000000001620826
1.000000001635647
1.000000001643322
1.00000000164375
1.000000001636926
1.00000000162294
1.000000001601976
1.000000001574307
1.000000001540293
1.000000001500366
1.000000001455029
1.000000001404837
1.000000001350396
1.00000000129234
1.000000001231325
1.000000001168018
1.00000000110308
1.00000000103716
1.000000000970879
1.000000000904828
1.000000000839553
1.000000000775554
1.000000000713275
1.000000000653107
1.000000000595379
1.000000000540362
1.000000000488269
1.000000000439254
1.000000000393419
1.000000000350815
1.000000000311447
1.00000000027528
1.000000000242241
1.00000000021223
1.000000000185118
1.000000000160759
1.000000000138992
1.000000000119643
1.000000000102534
1.000000000087486
1.000000000074319
1.000000000062855
1.000000000052926
1.00000000004437
1.000000000037033
1.000000000030774
1.000000000025461
1.000000000020972
1.000000000017199
1.000000000014043
1.000000000011416
1.000000000009239
1.000000000007445
1.000000000005973
1.00000000000477
1.000000000003794
1.000000000003004
1.000000000002368
1.000000000001858
1.000000000001452
1.00000000000113
1.000000000000875
1.000000000000675
1.000000000000518
1.000000000000396
1.000000000000301
1.000000000000228
1.000000000000173
1.000000000000129
1.000000000000097
1.000000000000072
1.000000000000053
1.000000000000039
1.000000000000028
1.00000000000002
1.000000000000015
1.00000000000001
1.000000000000006
1.000000000000004
1.000000000000002
1.000000000000001
1
1
1
1
1
1
1
1
1
1
1
1
1
1
1
1
1
1
1
1
1
1
1
1
1
1
1
1
1
1
1
1
1
1
1
1
1
1
1
1
1
1
1
1
1
1
1
1
1
1
1
1
1
1
1
1
1
1
1
1
1
1
1
1
1
1
1
1
1
1
1
1
1
1
1
1
1
1
1
1
1
1
1
1
1
1
1
1
1
1
1
1
1
1
1
1
1
1
1
1
1
1.000000000000001
1.000000000000003
1.000000000000005
1.000000000000008
1.000000000000012
1.000000000000018
1.000000000000026
1.000000000000036
1.00000000000005
1.000000000000068
1.000000000000092
1.000000000000124
1.000000000000165
1.00000000000022
1.00000000000029
1.000000000000246
1.000000000000322
1.000000000000419
1.000000000000544
1.000000000000704
1.000000000000905
1.000000000001159
1.000000000001477
1.000000000001876
1.000000000002371
1.000000000002983
1.000000000003737
1.00000000000466
1.000000000005787
1.000000000007154
1.000000000008805
1.00000000001079
1.000000000013163
1.000000000015989
1.000000000019337
1.000000000023282
1.000000000027908
1.000000000033308
1.000000000039577
1.00000000004682
1.000000000055145
1.000000000064664
1.000000000075493
1.000000000087747
1.000000000101543
1.00000000011699
1.000000000134194
1.00000000015325
1.000000000174242
1.000000000197238
1.000000000222286
1.000000000249411
1.000000000278614
1.000000000309865
1.000000000343103
1.000000000378233
1.000000000415123
1.000000000453604
1.000000000493467
1.000000000534467
1.000000000576321
1.000000000618715
1.000000000661298
1.000000000703696
1.000000000745511
1.000000000786328
1.000000000825722
1.000000000863267
1.000000000898538
1.000000000931126
1.00000000096064
1.000000000986718
1.000000001009034
1.000000001027303
1.000000001041289
1.000000001050811
1.000000001055742
1.000000001056017
1.000000001051633
1.000000001042648
1.00000000102918
1.000000001011405
1.000000000989552
1.000000000963901
1.000000000934774
1.00000000090253
1.000000000867554
1.000000000830256
1.000000000791057
1.000000000750386
1.000000000708667
1.000000000666317
1.000000000623736
1.000000000581302
1.000000000539366
1.00000000049825
1.000000000458239
1.000000000419585
1.000000000382498
1.000000000347153
1.000000000313685
1.000000000282196
1.00000000025275
1.000000000225379
1.000000000200088
1.000000000176852
1.000000000155627
1.000000000136346
1.000000000118928
1.000000000103279
1.000000000089294
1.000000000076864
1.000000000065873
1.000000000056205
1.000000000047746
1.000000000040381
1.000000000034002
1.000000000028505
1.000000000023792
1.000000000019771
1.000000000016357
1.000000000013474
1.000000000011049
1.000000000009022
1.000000000007334
1.000000000005935
1.000000000004782
1.000000000003837
1.000000000003065
1.000000000002437
1.00000000000193
1.000000000001521
1.000000000001194
1.000000000000933
1.000000000000726
1.000000000000562
1.000000000000433
1.000000000000333
1.000000000000255
1.000000000000194
1.000000000000147
1.000000000000111
1.000000000000083
1.000000000000062
1.000000000000046
1.000000000000034
1.000000000000025
1.000000000000018
1.000000000000013
1.000000000000009
1.000000000000006
1.000000000000003
1.000000000000002
1
1
1
1
1
1
1
1
1
1
1
1
1
1
1
1
1
1
1
1
1
1
1
1
1
1
1
1
1
1
1
1
1
1
1
1
1
1
1
1
1
1
1
1
1
1
1
1
1
1
1
1
1
1
1
1
1
1
1
1
1
1
1
1
1
1
1
1
1
1
1
1
1
1
1
1
1
1
1
1
1
1
1
1
1
1
1
1
1
1
1
1
1
1
1
1
1
1
1
1
1
1
1
1
1.000000000000001
1.000000000000002
1.000000000000005
1.000000000000007
1.000000000000011
1.000000000000016
1.000000000000023
1.000000000000032
1.000000000000043
1.000000000000059
1.000000000000079
1.000000000000106
1.000000000000141
1.000000000000186
1.000000000000157
1.000000000000205
1.000000000000268
1.000000000000348
1.00000000000045
1.000000000000578
1.000000000000741
1.000000000000945
1.000000000001199
1.000000000001516
1.000000000001908
1.00000000000239
1.000000000002981
1.000000000003701
1.000000000004576
1.000000000005632
1.000000000006902
1.00000000000842
1.000000000010228
1.000000000012369
1.000000000014893
1.000000000017852
1.000000000021306
1.000000000025317
1.00000000002995
1.000000000035275
1.000000000041364
1.000000000048291
1.00000000005613
1.000000000064955
1.000000000074836
1.000000000085841
1.000000000098031
1.000000000111459
1.000000000126169
1.000000000142191
1.000000000159543
1.000000000178223
1.000000000198214
1.000000000219476
1.000000000241948
1.000000000265546
1.000000000290161
1.000000000315661
1.000000000341888
1.000000000368661
1.00000000039578
1.000000000423019
1.000000000450141
1.000000000476889
1.000000000502998
1.000000000528198
1.000000000552215
1.000000000574778
1.000000000595624
1.000000000614503
1.000000000631185
1.00000000064546
1.000000000657146
1.000000000666093
1.000000000672184
1.000000000675338
1.000000000675514
1.00000000067271
1.000000000666963
1.000000000658347
1.000000000646977
1.000000000632998
1.00000000061659
1.000000000597958
1.000000000577332
1.000000000554958
1.0000000005311
1.000000000506025
1.000000000480008
1.000000000453322
1.000000000426231
1.000000000398992
1.000000000371848
1.000000000345023
1.000000000318721
1.000000000293127
1.000000000268401
1.000000000244677
1.000000000222067
1.000000000200659
1.000000000180516
1.000000000161679
1.000000000144171
1.000000000127992
1.000000000113129
1.000000000099551
1.000000000087218
1.000000000076076
1.000000000066066
1.00000000005712
1.000000000049168
1.000000000042138
1.000000000035953
1.000000000030542
1.000000000025831
1.00000000002175
1.000000000018234
1.000000000015219
1.000000000012647
1.000000000010463
1.000000000008619
1.000000000007068
1.000000000005771
1.000000000004691
1.000000000003797
1.000000000003059
1.000000000002454
1.00000000000196
1.000000000001559
1.000000000001234
1.000000000000973
1.000000000000764
1.000000000000597
1.000000000000464
1.00000000000036
1.000000000000277
1.000000000000213
1.000000000000163
1.000000000000124
1.000000000000094
1.000000000000071
1.000000000000053
1.00000000000004
1.000000000000029
1.000000000000021
1.000000000000015
1.000000000000011
1.000000000000007
1.000000000000005
1.000000000000002
1.000000000000001
1
1
1
1
1
1
1
1
1
1
1
1
1
1
1
1
1
1
1
1
1
1
1
1
1
1
1
1
1
1
1
1
1
1
1
1
1
1
1
1
1
1
1
1
1
1
1
1
1
1
1
1
1
1
1
1
1
1
1
1
1
1
1
1
1
1
1
1
1
1
1
1
1
1
1
1
1
1
1
1
1
1
1
1
1
1
1
1
1
1
1
1
1
1
1
1
1
1
1
1
1
1
1
1
1
1
1.000000000000001
1.000000000000002
1.000000000000004
1.000000000000006
1.00000000000001
1.000000000000014
1.00000000000002
1.000000000000027
1.000000000000037
1.00000000000005
1.000000000000068
1.00000000000009
1.000000000000119
1.000000000000099
1.00000000000013
1.00000000000017
1.000000000000221
1.000000000000286
1.000000000000368
1.000000000000472
1.000000000000602
1.000000000000764
1.000000000000966
1.000000000001215
1.000000000001522
1.000000000001898
1.000000000002357
1.000000000002915
1.000000000003587
1.000000000004396
1.000000000005363
1.000000000006514
1.000000000007878
1.000000000009486
1.000000000011371
1.00000000001357
1.000000000016125
1.000000000019076
1.000000000022467
1.000000000026346
1.000000000030758
1.000000000035751
1.000000000041371
1.000000000047665
1.000000000054674
1.000000000062438
1.000000000070991
1.000000000080361
1.000000000090566
1.000000000101617
1.000000000113515
1.000000000126248
1.000000000139791
1.000000000154104
1.000000000169134
1.000000000184812
1.000000000201054
1.000000000217758
1.000000000234812
1.000000000252084
1.000000000269434
1.000000000286708
1.000000000303745
1.000000000320375
1.000000000336426
1.000000000351723
1.000000000366094
1.000000000379371
1.000000000391396
1.000000000402022
1.000000000411114
1.000000000418557
1.000000000424256
1.000000000428135
1.000000000430145
1.000000000430257
1.000000000428471
1.00000000042481
1.000000000419322
1.00000000041208
1.000000000403177
1.000000000392726
1.000000000380859
1.000000000367721
1.000000000353471
1.000000000338275
1.000000000322304
1.000000000305733
1.000000000288735
1.00000000027148
1.000000000254131
1.000000000236842
1.000000000219756
1.000000000203004
1.000000000186702
1.000000000170953
1.000000000155842
1.000000000141442
1.000000000127806
1.000000000114976
1.000000000102979
1.000000000091827
1.000000000081522
1.000000000072055
1.000000000063408
1.000000000055552
1.000000000048455
1.00000000004208
1.000000000036382
1.000000000031317
1.000000000026839
1.0000000000229
1.000000000019453
1.000000000016453
1.000000000013854
1.000000000011614
1.000000000009694
1.000000000008055
1.000000000006665
1.000000000005489
1.000000000004502
1.000000000003676
1.000000000002988
1.000000000002419
1.000000000001949
1.000000000001563
1.000000000001249
1.000000000000993
1.000000000000786
1.00000000000062
1.000000000000486
1.00000000000038
1.000000000000296
1.000000000000229
1.000000000000177
1.000000000000136
1.000000000000104
1.000000000000079
1.00000000000006
1.000000000000045
1.000000000000033
1.000000000000025
1.000000000000018
1.000000000000013
1.000000000000009
1.000000000000006
1.000000000000004
1.000000000000002
1.000000000000001
1
1
1
1
1
1
1
1
1
1
1
1
1
1
1
1
1
1
1
1
1
1
1
1
1
1
1
1
1
1
1
1
1
1
1
1
1
1
1
1
1
1
1
1
1
1
1
1
1
1
1
1
1
1
1
1
1
1
1
1
1
1
1
1
1
1
1
1
1
1
1
1
1
1
1
1
1
1
1
1
1
1
1
1
1
1
1
1
1
1
1
1
1
1
1
1
1
1
1
1
1
1
1
1
1
1
1
1
1
1.000000000000001
1.000000000000003
1.000000000000005
1.000000000000008
1.000000000000012
1.000000000000016
1.000000000000023
1.000000000000032
1.000000000000043
1.000000000000057
1.000000000000075
1.000000000000063
1.000000000000083
1.000000000000108
1.00000000000014
1.000000000000181
1.000000000000233
1.000000000000299
1.000000000000381
1.000000000000484
1.000000000000612
1.00000000000077
1.000000000000965
1.000000000001204
1.000000000001495
1.000000000001848
1.000000000002275
1.000000000002788
1.000000000003401
1.000000000004131
1.000000000004996
1.000000000006016
1.000000000007211
1.000000000008606
1.000000000010226
1.000000000012098
1.000000000014249
1.000000000016708
1.000000000019506
1.000000000022673
1.000000000026237
1.000000000030229
1.000000000034674
1.000000000039598
1.000000000045022
1.000000000050964
1.000000000057436
1.000000000064445
1.000000000071991
1.000000000080066
1.000000000088654
1.000000000097732
1.000000000107264
1.000000000117207
1.000000000127507
1.000000000138101
1.000000000148916
1.00000000015987
1.000000000170874
1.000000000181829
1.000000000192634
1.000000000203181
1.00000000021336
1.000000000223061
1.000000000232175
1.000000000240596
1.000000000248222
1.00000000025496
1.000000000260727
1.000000000265447
1.000000000269061
1.000000000271522
1.000000000272796
1.000000000272867
1.000000000271734
1.000000000269413
1.000000000265933
1.00000000026134
1.000000000255693
1.000000000249066
1.000000000241539
1.000000000233207
1.00000000022417
1.000000000214533
1.000000000204404
1.000000000193895
1.000000000183115
1.000000000172172
1.000000000161169
1.000000000150204
1.000000000139369
1.000000000128744
1.000000000118406
1.000000000108418
1.000000000098835
1.000000000089702
1.000000000081054
1.000000000072918
1.000000000065309
1.000000000058237
1.000000000051701
1.000000000045697
1.000000000040213
1.000000000035231
1.00000000003073
1.000000000026687
1.000000000023073
1.000000000019861
1.000000000017021
1.000000000014523
1.000000000012337
1.000000000010434
1.000000000008786
1.000000000007366
1.000000000006148
1.000000000005109
1.000000000004227
1.000000000003481
1.000000000002855
1.000000000002331
1.000000000001895
1.000000000001534
1.000000000001236
1.000000000000991
1.000000000000792
1.000000000000629
1.000000000000498
1.000000000000393
1.000000000000308
1.000000000000241
1.000000000000188
1.000000000000145
1.000000000000112
1.000000000000086
1.000000000000066
1.00000000000005
1.000000000000037
1.000000000000028
1.00000000000002
1.000000000000015
1.000000000000011
1.000000000000007
1.000000000000005
1.000000000000003
1.000000000000001
1
1
1
1
1
1
1
1
1
1
1
1
1
1
1
1
1
1
1
1
1
1
1
1
1
1
1
1
1
1
1
1
1
1
1
1
1
1
1
1
1
1
1
1
1
1
1
1
1
1
1
1
1
1
1
1
1
1
1
1
1
1
1
1
1
1
1
1
1
1
1
1
1
1
1
1
1
1
1
1
1
1
1
1
1
1
1
1
1
1
1
1
1
1
1
1
1
1
1
1
1
1
1
1
1
1
1
1
1
1
1
1
1.000000000000001
1.000000000000002
1.000000000000004
1.000000000000007
1.00000000000001
1.000000000000014
1.00000000000002
1.000000000000026
1.000000000000036
1.000000000000048
1.000000000000039
1.000000000000052
1.000000000000068
1.000000000000088
1.000000000000114
1.000000000000147
1.000000000000189
1.000000000000241
1.000000000000306
1.000000000000387
1.000000000000486
1.000000000000609
1.00000000000076
1.000000000000944
1.000000000001167
1.000000000001436
1.00000000000176
1.000000000002148
1.000000000002609
1.000000000003155
1.000000000003799
1.000000000004553
1.000000000005435
1.000000000006458
1.000000000007639
1.000000000008997
1.000000000010551
1.000000000012318
1.000000000014317
1.000000000016568
1.000000000019089
1.000000000021896
1.000000000025005
1.00000000002843
1.000000000032182
1.000000000036269
1.000000000040695
1.00000000004546
1.000000000050559
1.000000000055983
1.000000000061715
1.000000000067734
1.000000000074013
1.000000000080517
1.000000000087207
1.000000000094036
1.000000000100953
1.000000000107902
1.00000000011482
1.000000000121643
1.000000000128303
1.000000000134731
1.000000000140857
1.000000000146612
1.000000000151929
1.000000000156745
1.000000000161
1.000000000164642
1.000000000167623
1.000000000169905
1.000000000171459
1.000000000172263
1.000000000172308
1.000000000171593
1.000000000170127
1.000000000167929
1.000000000165029
1.000000000161464
1.000000000157278
1.000000000152526
1.000000000147264
1.000000000141557
1.000000000135472
1.000000000129076
1.000000000122439
1.000000000115632
1.000000000108722
1.000000000101774
1.00000000009485
1.000000000088008
1.000000000081299
1.00000000007477
1.000000000068463
1.000000000062412
1.000000000056644
1.000000000051184
1.000000000046046
1.000000000041241
1.000000000036775
1.000000000032648
1.000000000028856
1.000000000025393
1.000000000022247
1.000000000019405
1.000000000016852
1.00000000001457
1.000000000012542
1.000000000010749
1.000000000009171
1.000000000007791
1.000000000006589
1.000000000005548
1.000000000004651
1.000000000003882
1.000000000003226
1.000000000002669
1.000000000002199
1.000000000001803
1.000000000001472
1.000000000001197
1.000000000000969
1.00000000000078
1.000000000000626
1.0000000000005
1.000000000000397
1.000000000000315
1.000000000000248
1.000000000000195
1.000000000000152
1.000000000000119
1.000000000000092
1.00000000000007
1.000000000000054
1.000000000000041
1.000000000000031
1.000000000000023
1.000000000000017
1.000000000000013
1.000000000000009
1.000000000000006
1.000000000000004
1.000000000000002
1.000000000000001
1
1
1
1
1
1
1
1
1
1
1
1
1
1
1
1
1
1
1
1
1
1
1
1
1
1
1
1
1
1
1
1
1
1
1
1
1
1
1
1
1
1
1
1
1
1
1
1
1
1
1
1
1
1
1
1
1
1
1
1
1
1
1
1
1
1
1
1
1
1
1
1
1
1
1
1
1
1
1
1
1
1
1
1
1
1
1
1
1
1
1
1
1
1
1
1
1
1
1
1
1
1
1
1
1
1
1
1
1
1
1
1
1
1
1
1.000000000000002
1.000000000000003
1.000000000000005
1.000000000000008
1.000000000000012
1.000000000000016
1.000000000000022
1.000000000000029
1.000000000000024
1.000000000000032
1.000000000000042
1.000000000000055
1.000000000000071
1.000000000000092
1.000000000000118
1.000000000000151
1.000000000000192
1.000000000000243
1.000000000000306
1.000000000000383
1.000000000000477
1.000000000000593
1.000000000000733
1.000000000000903
1.000000000001106
1.00000000000135
1.00000000000164
1.000000000001984
1.000000000002388
1.000000000002863
1.000000000003417
1.00000000000406
1.000000000004803
1.000000000005657
1.000000000006634
1.000000000007745
1.000000000009002
1.000000000010417
1.000000000012002
1.000000000013767
1.000000000015722
1.000000000017876
1.000000000020235
1.000000000022805
1.000000000025588
1.000000000028584
1.00000000003179
1.0000000000352
1.000000000038804
1.000000000042589
1.000000000046536
1.000000000050626
1.000000000054832
1.000000000059126
1.000000000063476
1.000000000067844
1.000000000072194
1.000000000076485
1.000000000080672
1.000000000084714
1.000000000088565
1.000000000092184
1.000000000095527
1.000000000098556
1.000000000101231
1.000000000103521
1.000000000105395
1.00000000010683
1.000000000107807
1.000000000108313
1.000000000108341
1.000000000107891
1.00000000010697
1.000000000105588
1.000000000103764
1.000000000101522
1.000000000098891
1.000000000095903
1.000000000092595
1.000000000089006
1.00000000008518
1.000000000081158
1.000000000076986
1.000000000072706
1.000000000068361
1.000000000063992
1.000000000059639
1.000000000055336
1.000000000051118
1.000000000047013
1.000000000043048
1.000000000039242
1.000000000035616
1.000000000032183
1.000000000028952
1.000000000025931
1.000000000023123
1.000000000020528
1.000000000018144
1.000000000015967
1.000000000013988
1.000000000012201
1.000000000010596
1.000000000009161
1.000000000007886
1.000000000006758
1.000000000005766
1.000000000004899
1.000000000004143
1.000000000003489
1.000000000002925
1.000000000002441
1.000000000002028
1.000000000001678
1.000000000001382
1.000000000001134
1.000000000000926
1.000000000000752
1.000000000000609
1.00000000000049
1.000000000000393
1.000000000000314
1.00000000000025
1.000000000000198
1.000000000000156
1.000000000000122
1.000000000000096
1.000000000000074
1.000000000000057
1.000000000000044
1.000000000000034
1.000000000000025
1.000000000000019
1.000000000000014
1.00000000000001
1.000000000000007
1.000000000000004
1.000000000000003
1.000000000000001
1
1
1
1
1
1
1
1
1
1
1
1
1
1
1
1
1
1
1
1
1
1
1
1
1
1
1
1
1
1
1
1
1
1
1
1
1
1
1
1
1
1
1
1
1
1
1
1
1
1
1
1
1
1
1
1
1
1
1
1
1
1
1
1
1
1
1
1
1
1
1
1
1
1
1
1
1
1
1
1
1
1
1
1
1
1
1
1
1
1
1
1
1
1
1
1
1
1
1
1
1
1
1
1
1
1
1
1
1
1
1
1
1
1
1
1
1
1
1.000000000000001
1.000000000000002
1.000000000000004
1.000000000000006
1.000000000000009
1.000000000000013
1.000000000000018
1.000000000000014
1.000000000000019
1.000000000000026
1.000000000000034
1.000000000000044
1.000000000000058
1.000000000000074
1.000000000000094
1.00000000000012
1.000000000000152
1.000000000000191
1.00000000000024
1.000000000000299
1.000000000000371
1.000000000000459
1.000000000000565
1.000000000000693
1.000000000000845
1.000000000001027
1.000000000001241
1.000000000001495
1.000000000001792
1.000000000002139
1.000000000002542
1.000000000003007
1.000000000003542
1.000000000004153
1.000000000004849
1.000000000005636
1.000000000006522
1.000000000007514
1.000000000008619
1.000000000009843
1.000000000011191
1.000000000012668
1.000000000014277
1.000000000016019
1.000000000017895
1.000000000019903
1.000000000022037
1.000000000024294
1.000000000026663
1.000000000029135
1.000000000031695
1.000000000034329
1.000000000037017
1.00000000003974
1.000000000042475
1.000000000045198
1.000000000047884
1.000000000050506
1.000000000053036
1.000000000055448
1.000000000057713
1.000000000059807
1.000000000061702
1.000000000063377
1.000000000064811
1.000000000065984
1.000000000066883
1.000000000067494
1.000000000067811
1.000000000067829
1.000000000067547
1.00000000006697
1.000000000066105
1.000000000064963
1.00000000006356
1.000000000061912
1.000000000060042
1.00000000005797
1.000000000055724
1.000000000053328
1.00000000005081
1.000000000048198
1.000000000045519
1.000000000042799
1.000000000040064
1.000000000037338
1.000000000034644
1.000000000032004
1.000000000029433
1.00000000002695
1.000000000024568
1.000000000022298
1.000000000020149
1.000000000018126
1.000000000016234
1.000000000014476
1.000000000012852
1.000000000011359
1.000000000009996
1.000000000008758
1.000000000007639
1.000000000006634
1.000000000005736
1.000000000004937
1.000000000004231
1.00000000000361
1.000000000003067
1.000000000002593
1.000000000002184
1.000000000001831
1.000000000001528
1.00000000000127
1.00000000000105
1.000000000000865
1.00000000000071
1.000000000000579
1.000000000000471
1.000000000000381
1.000000000000307
1.000000000000246
1.000000000000197
1.000000000000157
1.000000000000124
1.000000000000098
1.000000000000077
1.00000000000006
1.000000000000046
1.000000000000035
1.000000000000027
1.00000000000002
1.000000000000015
1.000000000000011
1.000000000000008
1.000000000000005
1.000000000000003
1.000000000000002
1.000000000000001
1
1
1
1
1
1
1
1
1
1
1
1
1
1
1
1
1
1
1
1
1
1
1
1
1
1
1
1
1
1
1
1
1
1
1
1
1
1
1
1
1
1
1
1
1
1
1
1
1
1
1
1
1
1
1
1
1
1
1
1
1
1
1
1
1
1
1
1
1
1
1
1
1
1
1
1
1
1
1
1
1
1
1
1
1
1
1
1
1
1
1
1
1
1
1
1
1
1
1
1
1
1
1
1
1
1
1
1
1
1
1
1
1
1
1
1
1
1
1
1
1
1.000000000000001
1.000000000000003
1.000000000000005
1.000000000000007
1.00000000000001
1.000000000000008
1.000000000000011
1.000000000000015
1.000000000000021
1.000000000000027
1.000000000000036
1.000000000000046
1.000000000000058
1.000000000000074
1.000000000000095
1.000000000000119
1.000000000000149
1.000000000000186
1.000000000000231
1.000000000000286
1.000000000000352
1.000000000000432
1.000000000000526
1.00000000000064
1.000000000000774
1.000000000000932
1.000000000001117
1.000000000001333
1.000000000001584
1.000000000001874
1.000000000002208
1.000000000002589
1.000000000003022
1.000000000003513
1.000000000004065
1.000000000004684
1.000000000005373
1.000000000006136
1.000000000006976
1.000000000007897
1.0000000000089
1.000000000009986
1.000000000011156
1.000000000012407
1.000000000013738
1.000000000015145
1.000000000016621
1.000000000018162
1.000000000019758
1.0000000000214
1.000000000023076
1.000000000024773
1.000000000026478
1.000000000028176
1.00000000002985
1.000000000031485
1.000000000033062
1.000000000034565
1.000000000035977
1.000000000037282
1.000000000038464
1.000000000039508
1.000000000040402
1.000000000041133
1.000000000041694
1.000000000042075
1.000000000042272
1.000000000042283
1.000000000042108
1.000000000041748
1.000000000041209
1.000000000040497
1.000000000039622
1.000000000038595
1.000000000037429
1.000000000036138
1.000000000034737
1.000000000033244
1.000000000031675
1.000000000030046
1.000000000028376
1.00000000002668
1.000000000024975
1.000000000023276
1.000000000021597
1.00000000001995
1.000000000018348
1.000000000016801
1.000000000015316
1.0000000000139
1.00000000001256
1.000000000011299
1.00000000001012
1.000000000009024
1.000000000008012
1.000000000007081
1.000000000006231
1.00000000000546
1.000000000004762
1.000000000004135
1.000000000003575
1.000000000003078
1.000000000002638
1.000000000002251
1.000000000001912
1.000000000001617
1.000000000001361
1.000000000001141
1.000000000000953
1.000000000000791
1.000000000000655
1.000000000000539
1.000000000000443
1.000000000000361
1.000000000000294
1.000000000000238
1.000000000000191
1.000000000000154
1.000000000000123
1.000000000000098
1.000000000000077
1.000000000000061
1.000000000000048
1.000000000000037
1.000000000000028
1.000000000000022
1.000000000000016
1.000000000000012
1.000000000000009
1.000000000000006
1.000000000000004
1.000000000000002
1.000000000000001
1
1
1
1
1
1
1
1
1
1
1
1
1
1
1
1
1
1
1
1
1
1
1
1
1
1
1
1
1
1
1
1
1
1
1
1
1
1
1
1
1
1
1
1
1
1
1
1
1
1
1
1
1
1
1
1
1
1
1
1
1
1
1
1
1
1
1
1
1
1
1
1
1
1
1
1
1
1
1
1
1
1
1
1
1
1
1
1
1
1
1
1
1
1
1
1
1
1
1
1
1
1
1
1
1
1
1
1
1
1
1
1
1
1
1
1
1
1
1
1
1
1
1
1
1.000000000000001
1.000000000000002
1.000000000000003
1.000000000000006
1.000000000000004
1.000000000000006
1.000000000000009
1.000000000000012
1.000000000000016
1.000000000000021
1.000000000000028
1.000000000000036
1.000000000000046
1.000000000000058
1.000000000000073
1.000000000000092
1.000000000000115
1.000000000000143
1.000000000000177
1.000000000000218
1.000000000000268
1.000000000000327
1.000000000000397
1.00000000000048
1.000000000000578
1.000000000000693
1.000000000000828
1.000000000000983
1.000000000001164
1.00000000000137
1.000000000001607
1.000000000001876
1.000000000002181
1.000000000002523
1.000000000002907
1.000000000003335
1.000000000003809
1.00000000000433
1.000000000004902
1.000000000005524
1.000000000006199
1.000000000006924
1.000000000007701
1.000000000008527
1.0000000000094
1.000000000010317
1.000000000011273
1.000000000012264
1.000000000013283
1.000000000014324
1.000000000015377
1.000000000016436
1.000000000017489
1.000000000018528
1.000000000019543
1.000000000020522
1.000000000021455
1.000000000022332
1.000000000023142
1.000000000023875
1.000000000024523
1.000000000025078
1.000000000025532
1.00000000002588
1.000000000026116
1.000000000026239
1.000000000026246
1.000000000026137
1.000000000025913
1.000000000025578
1.000000000025137
1.000000000024594
1.000000000023957
1.000000000023233
1.000000000022431
1.000000000021562
1.000000000020635
1.000000000019661
1.00000000001865
1.000000000017613
1.000000000016561
1.000000000015503
1.000000000014448
1.000000000013405
1.000000000012384
1.000000000011389
1.000000000010428
1.000000000009507
1.000000000008628
1.000000000007796
1.000000000007014
1.000000000006281
1.000000000005602
1.000000000004973
1.000000000004396
1.000000000003868
1.000000000003389
1.000000000002956
1.000000000002567
1.000000000002219
1.00000000000191
1.000000000001637
1.000000000001397
1.000000000001187
1.000000000001004
1.000000000000845
1.000000000000708
1.000000000000591
1.000000000000491
1.000000000000406
1.000000000000335
1.000000000000274
1.000000000000224
1.000000000000183
1.000000000000148
1.000000000000119
1.000000000000095
1.000000000000076
1.000000000000061
1.000000000000048
1.000000000000037
1.000000000000029
1.000000000000022
1.000000000000017
1.000000000000013
1.000000000000009
1.000000000000007
1.000000000000004
1.000000000000003
1.000000000000001
1
1
1
1
1
1
1
1
1
1
1
1
1
1
1
1
1
1
1
1
1
1
1
1
1
1
1
1
1
1
1
1
1
1
1
1
1
1
1
1
1
1
1
1
1
1
1
1
1
1
1
1
1
1
1
1
1
1
1
1
1
1
1
1
1
1
1
1
1
1
1
1
1
1
1
1
1
1
1
1
1
1
1
1
1
1
1
1
1
1
1
1
1
1
1
1
1
1
1
1
1
1
1
1
1
1
1
1
1
1
1
1
1
1
1
1
1
1
1
1
1
1
1
1
1
1
1
1
1.000000000000001
1.000000000000002
1.000000000000001
1.000000000000002
1.000000000000004
1.000000000000006
1.000000000000009
1.000000000000012
1.000000000000016
1.000000000000022
1.000000000000028
1.000000000000036
1.000000000000045
1.000000000000057
1.000000000000071
1.000000000000088
1.000000000000109
1.000000000000135
1.000000000000165
1.000000000000202
1.000000000000245
1.000000000000297
1.000000000000357
1.000000000000428
1.000000000000511
1.000000000000608
1.000000000000719
1.000000000000847
1.000000000000993
1.000000000001159
1.000000000001348
1.000000000001559
1.000000000001797
1.000000000002061
1.000000000002354
1.000000000002676
1.00000000000303
1.000000000003415
1.000000000003831
1.000000000004279
1.00000000000476
1.00000000000527
1.00000000000581
1.000000000006376
1.000000000006967
1.00000000000758
1.00000000000821
1.000000000008853
1.000000000009504
1.000000000010158
1.000000000010809
1.000000000011451
1.000000000012079
1.000000000012684
1.000000000013261
1.000000000013802
1.000000000014303
1.000000000014756
1.000000000015157
1.0000000000155
1.00000000001578
1.000000000015995
1.000000000016141
1.000000000016217
1.000000000016221
1.000000000016154
1.000000000016016
1.000000000015809
1.000000000015536
1.0000000000152
1.000000000014806
1.000000000014359
1.000000000013864
1.000000000013326
1.000000000012754
1.000000000012152
1.000000000011527
1.000000000010886
1.000000000010235
1.000000000009581
1.00000000000893
1.000000000008285
1.000000000007654
1.000000000007039
1.000000000006445
1.000000000005876
1.000000000005333
1.000000000004819
1.000000000004335
1.000000000003882
1.000000000003462
1.000000000003074
1.000000000002717
1.00000000000239
1.000000000002094
1.000000000001827
1.000000000001587
1.000000000001372
1.000000000001181
1.000000000001012
1.000000000000863
1.000000000000733
1.00000000000062
1.000000000000522
1.000000000000438
1.000000000000365
1.000000000000304
1.000000000000251
1.000000000000207
1.00000000000017
1.000000000000139
1.000000000000113
1.000000000000091
1.000000000000073
1.000000000000059
1.000000000000047
1.000000000000037
1.000000000000029
1.000000000000023
1.000000000000017
1.000000000000014
1.00000000000001
1.000000000000007
1.000000000000005
1.000000000000003
1.000000000000002
1
1
1
1
1
1
1
1
1
1
1
1
1
1
1
1
1
1
1
1
1
1
1
1
1
1
1
1
1
1
1
1
1
1
1
1
1
1
1
1
1
1
1
1
1
1
1
1
1
1
1
1
1
1
1
1
1
1
1
1
1
1
1
1
1
1
1
1
1
1
1
1
1
1
1
1
1
1
1
1
1
1
1
1
1
1
1
1
1
1
1
1
1
1
1
1
1
1
1
1
1
1
1
1
1
1
1
1
1
1
1
1
1
1
1
1
1
1
1
1
1
1
1
1
1
1
1
1
1
1
1
1
1
1.000000000000001
1.000000000000001
1.000000000000003
1.000000000000005
1.000000000000007
1.000000000000009
1.000000000000012
1.000000000000016
1.000000000000022
1.000000000000027
1.000000000000035
1.000000000000043
1.000000000000054
1.000000000000067
1.000000000000083
1.000000000000102
1.000000000000124
1.000000000000151
1.000000000000183
1.00000000000022
1.000000000000263
1.000000000000314
1.000000000000374
1.000000000000442
1.000000000000521
1.000000000000611
1.000000000000713
1.000000000000829
1.00000000000096
1.000000000001106
1.000000000001268
1.000000000001449
1.000000000001647
1.000000000001864
1.000000000002101
1.000000000002358
1.000000000002634
1.000000000002929
1.000000000003243
1.000000000003576
1.000000000003924
1.000000000004288
1.000000000004665
1.000000000005052
1.000000000005448
1.000000000005849
1.000000000006251
1.000000000006652
1.000000000007047
1.000000000007433
1.000000000007806
1.000000000008161
1.000000000008494
1.000000000008802
1.000000000009081
1.000000000009328
1.000000000009539
1.000000000009711
1.000000000009843
1.000000000009933
1.00000000000998
1.000000000009983
1.000000000009941
1.000000000009856
1.000000000009729
1.000000000009561
1.000000000009355
1.000000000009112
1.000000000008837
1.000000000008532
1.000000000008201
1.000000000007848
1.000000000007478
1.000000000007094
1.000000000006699
1.000000000006299
1.000000000005896
1.000000000005495
1.000000000005099
1.00000000000471
1.000000000004332
1.000000000003966
1.000000000003616
1.000000000003282
1.000000000002965
1.000000000002668
1.000000000002389
1.000000000002131
1.000000000001891
1.000000000001672
1.000000000001471
1.000000000001289
1.000000000001124
1.000000000000976
1.000000000000844
1.000000000000726
1.000000000000623
1.000000000000531
1.000000000000451
1.000000000000381
1.000000000000321
1.000000000000269
1.000000000000225
1.000000000000187
1.000000000000154
1.000000000000127
1.000000000000104
1.000000000000085
1.000000000000069
1.000000000000056
1.000000000000045
1.000000000000036
1.000000000000029
1.000000000000022
1.000000000000017
1.000000000000014
1.00000000000001
1.000000000000007
1.000000000000005
1.000000000000003
1.000000000000002
1.000000000000001
1
1
1
1
1
1
1
1
1
1
1
1
1
1
1
1
1
1
1
1
1
1
1
1
1
1
1
1
1
1
1
1
1
1
1
1
1
1
1
1
1
1
1
1
1
1
1
1
1
1
1
1
1
1
1
1
1
1
1
1
1
1
1
1
1
1
1
1
1
1
1
1
1
1
1
1
1
1
1
1
1
1
1
1
1
1
1
1
1
1
1
1
1
1
1
1
1
1
1
1
1
1
1
1
1
1
1
1
1
1
1
1
1
1
1
1
1
1
1
1
1
1
1
1
1
1
1
1
1
1
1
1
1
1
1
1
1.000000000000001
1.000000000000002
1.000000000000003
1.000000000000005
1.000000000000007
1.000000000000009
1.000000000000012
1.000000000000016
1.000000000000021
1.000000000000026
1.000000000000033
1.000000000000041
1.000000000000051
1.000000000000062
1.000000000000076
1.000000000000092
1.000000000000112
1.000000000000135
1.000000000000161
1.000000000000193
1.000000000000229
1.000000000000271
1.000000000000319
1.000000000000374
1.000000000000437
1.000000000000508
1.000000000000588
1.000000000000677
1.000000000000777
1.000000000000888
1.000000000001009
1.000000000001142
1.000000000001287
1.000000000001444
1.000000000001614
1.000000000001795
1.000000000001987
1.000000000002191
1.000000000002405
1.000000000002627
1.000000000002858
1.000000000003096
1.000000000003338
1.000000000003584
1.00000000000383
1.000000000004076
1.000000000004319
1.000000000004555
1.000000000004783
1.000000000005001
1.000000000005205
1.000000000005394
1.000000000005564
1.000000000005716
1.000000000005845
1.000000000005951
1.000000000006032
1.000000000006087
1.000000000006116
1.000000000006117
1.000000000006092
1.000000000006039
1.000000000005962
1.000000000005859
1.000000000005732
1.000000000005584
1.000000000005415
1.000000000005228
1.000000000005025
1.000000000004809
1.000000000004582
1.000000000004347
1.000000000004105
1.00000000000386
1.000000000003613
1.000000000003368
1.000000000003124
1.000000000002886
1.000000000002655
1.000000000002431
1.000000000002216
1.000000000002011
1.000000000001817
1.000000000001635
1.000000000001464
1.000000000001305
1.000000000001159
1.000000000001025
1.000000000000902
1.00000000000079
1.000000000000689
1.000000000000598
1.000000000000517
1.000000000000445
1.000000000000382
1.000000000000325
1.000000000000276
1.000000000000234
1.000000000000197
1.000000000000165
1.000000000000138
1.000000000000114
1.000000000000095
1.000000000000078
1.000000000000064
1.000000000000052
1.000000000000042
1.000000000000034
1.000000000000027
1.000000000000022
1.000000000000017
1.000000000000013
1.00000000000001
1.000000000000008
1.000000000000005
1.000000000000003
1.000000000000002
1.000000000000001
1
1
1
1
1
1
1
1
1
1
1
1
1
1
1
1
1
1
1
1
1
1
1
1
1
1
1
1
1
1
1
1
1
1
1
1
1
1
1
1
1
1
1
1
1
1
1
1
1
1
1
1
1
1
1
1
1
1
1
1
1
1
1
1
1
1
1
1
1
1
1
1
1
1
1
1
1
1
1
1
1
1
1
1
1
1
1
1
1
1
1
1
1
1
1
1
1
1
1
1
1
1
1
1
1
1
1
1
1
1
1
1
1
1
1
1
1
1
1
1
1
1
1
1
1
1
1
1
1
1
1
1
1
1
1
1
1
1
1
1
1.000000000000001
1.000000000000002
1.000000000000003
1.000000000000004
1.000000000000006
1.000000000000009
1.000000000000012
1.000000000000015
1.000000000000019
1.000000000000025
1.00000000000003
1.000000000000038
1.000000000000046
1.000000000000056
1.000000000000068
1.000000000000082
1.000000000000098
1.000000000000117
1.00000000000014
1.000000000000165
1.000000000000195
1.000000000000228
1.000000000000267
1.00000000000031
1.000000000000359
1.000000000000413
1.000000000000474
1.000000000000541
1.000000000000616
1.000000000000697
1.000000000000785
1.000000000000881
1.000000000000985
1.000000000001095
1.000000000001213
1.000000000001337
1.000000000001467
1.000000000001603
1.000000000001744
1.000000000001889
1.000000000002037
1.000000000002187
1.000000000002337
1.000000000002487
1.000000000002635
1.000000000002779
1.000000000002918
1.000000000003051
1.000000000003176
1.000000000003291
1.000000000003395
1.000000000003487
1.000000000003566
1.000000000003631
1.00000000000368
1.000000000003714
1.000000000003731
1.000000000003732
1.000000000003717
1.000000000003685
1.000000000003637
1.000000000003574
1.000000000003497
1.000000000003407
1.000000000003304
1.00000000000319
1.000000000003066
1.000000000002934
1.000000000002796
1.000000000002652
1.000000000002505
1.000000000002355
1.000000000002205
1.000000000002055
1.000000000001906
1.000000000001761
1.00000000000162
1.000000000001483
1.000000000001352
1.000000000001227
1.000000000001109
1.000000000000997
1.000000000000893
1.000000000000796
1.000000000000707
1.000000000000625
1.00000000000055
1.000000000000482
1.00000000000042
1.000000000000365
1.000000000000316
1.000000000000272
1.000000000000233
1.000000000000199
1.000000000000169
1.000000000000143
1.00000000000012
1.0000000000001
1.000000000000084
1.000000000000069
1.000000000000058
1.000000000000047
1.000000000000039
1.000000000000032
1.000000000000026
1.00000000000002
1.000000000000016
1.000000000000013
1.00000000000001
1.000000000000007
1.000000000000005
1.000000000000004
1.000000000000002
1.000000000000001
1
1
1
1
1
1
1
1
1
1
1
1
1
1
1
1
1
1
1
1
1
1
1
1
1
1
1
1
1
1
1
1
1
1
1
1
1
1
1
1
1
1
1
1
1
1
1
1
1
1
1
1
1
1
1
1
1
1
1
1
1
1
1
1
1
1
1
1
1
1
1
1
1
1
1
1
1
1
1
1
1
1
1
1
1
1
1
1
1
1
1
1
1
1
1
1
1
1
1
1
1
1
1
1
1
1
1
1
1
1
1
1
1
1
1
1
1
1
1
1
1
1
1
1
1
1
1
1
1
1
1
1
1
1
1
1
1
1
1
1
1
1
1
1
1.000000000000001
1.000000000000002
1.000000000000003
1.000000000000004
1.000000000000006
1.000000000000009
1.000000000000011
1.000000000000014
1.000000000000018
1.000000000000022
1.000000000000028
1.000000000000034
1.000000000000041
1.00000000000005
1.00000000000006
1.000000000000071
1.000000000000085
1.0000000000001
1.000000000000118
1.000000000000138
1.000000000000162
1.000000000000188
1.000000000000218
1.000000000000251
1.000000000000288
1.000000000000329
1.000000000000374
1.000000000000423
1.000000000000477
1.000000000000535
1.000000000000598
1.000000000000665
1.000000000000737
1.000000000000812
1.000000000000892
1.000000000000974
1.00000000000106
1.000000000001148
1.000000000001237
1.000000000001328
1.00000000000142
1.000000000001511
1.000000000001601
1.000000000001688
1.000000000001773
1.000000000001853
1.000000000001929
1.000000000001999
1.000000000002063
1.000000000002119
1.000000000002167
1.000000000002206
1.000000000002236
1.000000000002256
1.000000000002266
1.000000000002267
1.000000000002258
1.000000000002238
1.000000000002209
1.000000000002171
1.000000000002124
1.000000000002069
1.000000000002007
1.000000000001938
1.000000000001863
1.000000000001783
1.000000000001699
1.000000000001611
1.000000000001521
1.00000000000143
1.000000000001339
1.000000000001248
1.000000000001158
1.00000000000107
1.000000000000984
1.000000000000901
1.000000000000822
1.000000000000746
1.000000000000674
1.000000000000606
1.000000000000543
1.000000000000484
1.00000000000043
1.00000000000038
1.000000000000334
1.000000000000293
1.000000000000255
1.000000000000222
1.000000000000192
1.000000000000165
1.000000000000141
1.00000000000012
1.000000000000102
1.000000000000086
1.000000000000073
1.000000000000061
1.000000000000051
1.000000000000042
1.000000000000034
1.000000000000028
1.000000000000023
1.000000000000019
1.000000000000015
1.000000000000012
1.000000000000009
1.000000000000007
1.000000000000005
1.000000000000003
1.000000000000002
1.000000000000001
1
1
1
1
1
1
1
1
1
1
1
1
1
1
1
1
1
1
1
1
1
1
1
1
1
1
1
1
1
1
1
1
1
1
1
1
1
1
1
1
1
1
1
1
1
1
1
1
1
1
1
1
1
1
1
1
1
1
1
1
1
1
1
1
1
1
1
1
1
1
1
1
1
1
1
1
1
1
1
1
1
1
1
1
1
1
1
1
1
1
1
1
1
1
1
1
1
1
1
1
1
1
1
1
1
1
1
1
1
1
1
1
1
1
1
1
1
1
1
1
1
1
1
1
1
1
1
1
1
1
1
1
1
1
1
1
1
1
1
1
1
1
1
1
1
1
1
1
1.000000000000001
1.000000000000002
1.000000000000002
1.000000000000004
1.000000000000006
1.000000000000008
1.00000000000001
1.000000000000013
1.000000000000016
1.00000000000002
1.000000000000025
1.00000000000003
1.000000000000036
1.000000000000043
1.000000000000051
1.00000000000006
1.000000000000071
1.000000000000083
1.000000000000098
1.000000000000114
1.000000000000132
1.000000000000152
1.000000000000174
1.000000000000199
1.000000000000226
1.000000000000256
1.000000000000289
1.000000000000324
1.000000000000362
1.000000000000403
1.000000000000446
1.000000000000492
1.000000000000539
1.000000000000589
1.000000000000641
1.000000000000694
1.000000000000749
1.000000000000804
1.000000000000859
1.000000000000914
1.000000000000968
1.000000000001021
1.000000000001072
1.000000000001121
1.000000000001167
1.000000000001209
1.000000000001248
1.000000000001281
1.000000000001311
1.000000000001334
1.000000000001352
1.000000000001365
1.000000000001371
1.000000000001371
1.000000000001366
1.000000000001354
1.000000000001336
1.000000000001313
1.000000000001285
1.000000000001252
1.000000000001214
1.000000000001172
1.000000000001127
1.000000000001078
1.000000000001028
1.000000000000975
1.00000000000092
1.000000000000866
1.00000000000081
1.000000000000755
1.000000000000701
1.000000000000647
1.000000000000595
1.000000000000545
1.000000000000497
1.000000000000451
1.000000000000407
1.000000000000367
1.000000000000328
1.000000000000293
1.00000000000026
1.00000000000023
1.000000000000202
1.000000000000177
1.000000000000155
1.000000000000134
1.000000000000116
1.000000000000099
1.000000000000085
1.000000000000073
1.000000000000062
1.000000000000052
1.000000000000044
1.000000000000036
1.000000000000031
1.000000000000025
1.00000000000002
1.000000000000016
1.000000000000014
1.000000000000011
1.000000000000008
1.000000000000006
1.000000000000004
1.000000000000003
1.000000000000002
1.000000000000001
1
1
1
1
1
1
1
1
1
1
1
1
1
1
1
1
1
1
1
1
1
1
1
1
1
1
1
1
1
1
1
1
1
1
1
1
1
1
1
1
1
1
1
1
1
1
1
1
1
1
1
1
1
1
1
1
1
1
1
1
1
1
1
1
1
1
1
1
1
1
1
1
1
1
1
1
1
1
1
1
1
1
1
1
1
1
1
1
1
1
1
1
1
1
1
1
1
1
1
1
1
1
1
1
1
1
1
1
1
1
1
1
1
1
1
1
1
1
1
1
1
1
1
1
1
1
1
1
1
1
1
1
1
1
1
1
1
1
1
1
1
1
1
1
1
1
1
1
1
1
1
1
1
1.000000000000001
1.000000000000002
1.000000000000004
1.000000000000005
1.000000000000007
1.000000000000009
1.000000000000012
1.000000000000014
1.000000000000017
1.000000000000021
1.000000000000025
1.00000000000003
1.000000000000036
1.000000000000043
1.00000000000005
1.000000000000059
1.000000000000068
1.000000000000079
1.000000000000091
1.000000000000105
1.00000000000012
1.000000000000136
1.000000000000154
1.000000000000174
1.000000000000195
1.000000000000218
1.000000000000243
1.000000000000269
1.000000000000296
1.000000000000325
1.000000000000355
1.000000000000386
1.000000000000418
1.000000000000451
1.000000000000484
1.000000000000518
1.000000000000551
1.000000000000583
1.000000000000615
1.000000000000646
1.000000000000675
1.000000000000703
1.000000000000729
1.000000000000752
1.000000000000772
1.000000000000789
1.000000000000804
1.000000000000814
1.000000000000822
1.000000000000826
1.000000000000826
1.000000000000822
1.000000000000815
1.000000000000805
1.000000000000791
1.000000000000774
1.000000000000754
1.000000000000731
1.000000000000706
1.000000000000678
1.000000000000649
1.000000000000619
1.000000000000587
1.000000000000554
1.000000000000521
1.000000000000488
1.000000000000455
1.000000000000422
1.00000000000039
1.000000000000359
1.000000000000328
1.000000000000299
1.000000000000272
1.000000000000246
1.000000000000221
1.000000000000198
1.000000000000176
1.000000000000157
1.000000000000138
1.000000000000122
1.000000000000107
1.000000000000093
1.000000000000081
1.00000000000007
1.00000000000006
1.000000000000051
1.000000000000044
1.000000000000037
1.000000000000031
1.000000000000026
1.000000000000022
1.000000000000018
1.000000000000015
1.000000000000012
1.000000000000009
1.000000000000007
1.000000000000005
1.000000000000004
1.000000000000002
1.000000000000002
1.000000000000001
1
1
1
1
1
1
1
1
1
1
1
1
1
1
1
1
1
1
1
1
1
1
1
1
1
1
1
1
1
1
1
1
1
1
1
1
1
1
1
1
1
1
1
1
1
1
1
1
1
1
1
1
1
1
1
1
1
1
1
1
1
1
1
1
1
1
1
1
1
1
1
1
1
1
1
1
1
1
1
1
1
1
1
1
1
1
1
1
1
1
1
1
1
1
1
1
1
1
1
1
1
1
1
1
1
1
1
1
1
1
1
1
1
1
1
1
1
1
1
1
1
1
1
1
1
1
1
1
1
1
1
1
1
1
1
1
1
1
1
1
1
1
1
1
1
1
1
1
1
1
1
1
1
1
1
1
1
1.000000000000001
1.000000000000002
1.000000000000003
1.000000000000004
1.000000000000006
1.000000000000008
1.00000000000001
1.000000000000012
1.000000000000014
1.000000000000017
1.000000000000021
1.000000000000025
1.00000000000003
1.000000000000034
1.000000000000041
1.000000000000047
1.000000000000055
1.000000000000063
1.000000000000072
1.000000000000082
1.000000000000093
1.000000000000104
1.000000000000117
1.000000000000131
1.000000000000145
1.000000000000161
1.000000000000178
1.000000000000195
1.000000000000213
1.000000000000232
1.000000000000251
1.00000000000027
1.00000000000029
1.00000000000031
1.00000000000033
1.000000000000349
1.000000000000369
1.000000000000387
1.000000000000405
1.000000000000421
1.000000000000437
1.000000000000451
1.000000000000463
1.000000000000473
1.000000000000482
1.000000000000488
1.000000000000493
1.000000000000495
1.000000000000495
1.000000000000493
1.000000000000489
1.000000000000483
1.000000000000474
1.000000000000464
1.000000000000452
1.000000000000438
1.000000000000423
1.000000000000407
1.000000000000389
1.000000000000371
1.000000000000352
1.000000000000332
1.000000000000312
1.000000000000293
1.000000000000273
1.000000000000253
1.000000000000234
1.000000000000215
1.000000000000197
1.00000000000018
1.000000000000163
1.000000000000147
1.000000000000133
1.000000000000119
1.000000000000106
1.000000000000094
1.000000000000083
1.000000000000073
1.000000000000064
1.000000000000055
1.000000000000048
1.000000000000042
1.000000000000035
1.000000000000031
1.000000000000026
1.000000000000021
1.000000000000018
1.000000000000015
1.000000000000012
1.00000000000001
1.000000000000008
1.000000000000006
1.000000000000004
1.000000000000003
1.000000000000002
1.000000000000001
1
1
1
1
1
1
1
1
1
1
1
1
1
1
1
1
1
1
1
1
1
1
1
1
1
1
1
1
1
1
1
1
1
1
1
1
1
1
1
1
1
1
1
1
1
1
1
1
1
1
1
1
1
1
1
1
1
1
1
1
1
1
1
1
1
1
1
1
1
1
1
1
1
1
1
1
1
1
1
1
1
1
1
1
1
1
1
1
1
1
1
1
1
1
1
1
1
1
1
1
1
1
1
1
1
1
1
1
1
1
1
1
1
1
1
1
1
1
1
1
1
1
1
1
1
1
1
1
1
1
1
1
1
1
1
1
1
1
1
1
1
1
1
1
1
1
1
1
1
1
1
1
1
1
1
1
1
1
1
1
1
1
1
1.000000000000002
1.000000000000002
1.000000000000004
1.000000000000005
1.000000000000006
1.000000000000008
1.00000000000001
1.000000000000012
1.000000000000014
1.000000000000017
1.00000000000002
1.000000000000024
1.000000000000028
1.000000000000032
1.000000000000037
1.000000000000043
1.000000000000048
1.000000000000055
1.000000000000062
1.00000000000007
1.000000000000078
1.000000000000087
1.000000000000096
1.000000000000106
1.000000000000116
1.000000000000127
1.000000000000138
1.00000000000015
1.000000000000161
1.000000000000173
1.000000000000185
1.000000000000197
1.000000000000209
1.00000000000022
1.000000000000231
1.000000000000242
1.000000000000251
1.000000000000261
1.000000000000269
1.000000000000276
1.000000000000282
1.000000000000288
1.000000000000291
1.000000000000294
1.000000000000295
1.000000000000296
1.000000000000294
1.000000000000292
1.000000000000288
1.000000000000283
1.000000000000277
1.00000000000027
1.000000000000261
1.000000000000252
1.000000000000243
1.000000000000232
1.000000000000221
1.00000000000021
1.000000000000198
1.000000000000187
1.000000000000175
1.000000000000163
1.000000000000151
1.00000000000014
1.000000000000128
1.000000000000118
1.000000000000107
1.000000000000097
1.000000000000088
1.000000000000079
1.000000000000071
1.000000000000063
1.000000000000056
1.000000000000049
1.000000000000043
1.000000000000038
1.000000000000033
1.000000000000029
1.000000000000025
1.000000000000021
1.000000000000017
1.000000000000015
1.000000000000012
1.00000000000001
1.000000000000008
1.000000000000006
1.000000000000005
1.000000000000004
1.000000000000002
1.000000000000002
1.000000000000001
1
1
1
1
1
1
1
1
1
1
1
1
1
1
1
1
1
1
1
1
1
1
1
1
1
1
1
1
1
1
1
1
1
1
1
1
1
1
1
1
1
1
1
1
1
1
1
1
1
1
1
1
1
1
1
1
1
1
1
1
1
1
1
1
1
1
1
1
1
1
1
1
1
1
1
1
1
1
1
1
1
1
1
1
1
1
1
1
1
1
1
1
1
1
1
1
1
1
1
1
1
1
1
1
1
1
1
1
1
1
1
1
1
1
1
1
1
1
1
1
1
1
1
1
1
1
1
1
1
1
1
1
1
1
1
1
1
1
1
1
1
1
1
1
1
1
1
1
1
1
1
1
1
1
1
1
1
1
1
1
1
1
1
1
1
1
1
1.000000000000001
1.000000000000002
1.000000000000003
1.000000000000003
1.000000000000005
1.000000000000006
1.000000000000008
1.00000000000001
1.000000000000012
1.000000000000014
1.000000000000016
1.000000000000018
1.000000000000022
1.000000000000025
1.000000000000029
1.000000000000032
1.000000000000037
1.000000000000042
1.000000000000046
1.000000000000052
1.000000000000057
1.000000000000063
1.000000000000069
1.000000000000075
1.000000000000082
1.000000000000089
1.000000000000096
1.000000000000103
1.00000000000011
1.000000000000117
1.000000000000124
1.000000000000131
1.000000000000138
1.000000000000144
1.000000000000149
1.000000000000155
1.00000000000016
1.000000000000164
1.000000000000168
1.000000000000171
1.000000000000173
1.000000000000175
1.000000000000175
1.000000000000175
1.000000000000175
1.000000000000173
1.000000000000171
1.000000000000168
1.000000000000165
1.00000000000016
1.000000000000155
1.00000000000015
1.000000000000144
1.000000000000138
1.000000000000132
1.000000000000125
1.000000000000118
1.000000000000111
1.000000000000104
1.000000000000097
1.00000000000009
1.000000000000083
1.000000000000076
1.000000000000069
1.000000000000064
1.000000000000058
1.000000000000052
1.000000000000047
1.000000000000042
1.000000000000037
1.000000000000033
1.000000000000029
1.000000000000025
1.000000000000022
1.000000000000019
1.000000000000016
1.000000000000014
1.000000000000012
1.00000000000001
1.000000000000008
1.000000000000006
1.000000000000005
1.000000000000004
1.000000000000003
1.000000000000002
1.000000000000001
1
1
1
1
1
1
1
1
1
1
1
1
1
1
1
1
1
1
1
1
1
1
1
1
1
1
1
1
1
1
1
1
1
1
1
1
1
1
1
1
1
1
1
1
1
1
1
1
1
1
1
1
1
1
1
1
1
1
1
1
1
1
1
1
1
1
1
1
1
1
1
1
1
1
1
1
1
1
1
1
1
1
1
1
1
1
1
1
1
1
1
1
1
1
1
1
1
1
1
1
1
1
1
1
1
1
1
1
1
1
1
1
1
1
1
1
1
1
1
1
1
1
1
1
1
1
1
1
1
1
1
1
1
1
1
1
1
1
1
1
1
1
1
1
1
1
1
1
1
1
1
1
1
1
1
1
1
1
1
1
1
1
1
1
1
1
1
1
1
1
1
1
1
1.000000000000001
1.000000000000002
1.000000000000003
1.000000000000003
1.000000000000004
1.000000000000006
1.000000000000007
1.000000000000009
1.00000000000001
1.000000000000012
1.000000000000014
1.000000000000016
1.000000000000019
1.000000000000021
1.000000000000024
1.000000000000027
1.00000000000003
1.000000000000033
1.000000000000037
1.000000000000041
1.000000000000045
1.000000000000048
1.000000000000053
1.000000000000057
1.000000000000061
1.000000000000065
1.000000000000069
1.000000000000073
1.000000000000077
1.000000000000081
1.000000000000085
1.000000000000088
1.000000000000091
1.000000000000094
1.000000000000097
1.000000000000099
1.000000000000101
1.000000000000102
1.000000000000103
1.000000000000104
1.000000000000104
1.000000000000103
1.000000000000102
1.000000000000101
1.000000000000099
1.000000000000097
1.000000000000095
1.000000000000092
1.000000000000089
1.000000000000085
1.000000000000081
1.000000000000078
1.000000000000074
1.000000000000069
1.000000000000065
1.000000000000061
1.000000000000057
1.000000000000053
1.000000000000049
1.000000000000045
1.000000000000041
1.000000000000037
1.000000000000034
1.000000000000031
1.000000000000028
1.000000000000024
1.000000000000022
1.000000000000019
1.000000000000016
1.000000000000014
1.000000000000012
1.000000000000011
1.000000000000009
1.000000000000008
1.000000000000006
1.000000000000005
1.000000000000003
1.000000000000003
1.000000000000002
1.000000000000001
1
1
1
1
1
1
1
1
1
1
1
1
1
1
1
1
1
1
1
1
1
1
1
1
1
1
1
1
1
1
1
1
1
1
1
1
1
1
1
1
1
1
1
1
1
1
1
1
1
1
1
1
1
1
1
1
1
1
1
1
1
1
1
1
1
1
1
1
1
1
1
1
1
1
1
1
1
1
1
1
1
1
1
1
1
1
1
1
1
1
1
1
1
1
1
1
1
1
1
1
1
1
1
1
1
1
1
1
1
1
1
1
1
1
1
1
1
1
1
1
1
1
1
1
1
1
1
1
1
1
1
1
1
1
1
1
1
1
1
1
1
1
1
1
1
1
1
1
1
1
1
1
1
1
1
1
1
1
1
1
1
1
1
1
1
1
1
1
1
1
1
1
1
1
1
1
1
1
1
1.000000000000001
1.000000000000002
1.000000000000002
1.000000000000003
1.000000000000004
1.000000000000005
1.000000000000006
1.000000000000008
1.000000000000009
1.000000000000011
1.000000000000012
1.000000000000014
1.000000000000015
1.000000000000017
1.000000000000019
1.000000000000021
1.000000000000024
1.000000000000026
1.000000000000028
1.000000000000031
1.000000000000033
1.000000000000035
1.000000000000038
1.000000000000041
1.000000000000043
1.000000000000046
1.000000000000048
1.00000000000005
1.000000000000052
1.000000000000054
1.000000000000056
1.000000000000057
1.000000000000058
1.00000000000006
1.00000000000006
1.000000000000061
1.000000000000061
1.000000000000061
1.000000000000061
1.00000000000006
1.00000000000006
1.000000000000059
1.000000000000057
1.000000000000056
1.000000000000054
1.000000000000052
1.00000000000005
1.000000000000048
1.000000000000046
1.000000000000043
1.00000000000004
1.000000000000038
1.000000000000036
1.000000000000033
1.000000000000031
1.000000000000028
1.000000000000026
1.000000000000024
1.000000000000022
1.000000000000019
1.000000000000017
1.000000000000015
1.000000000000014
1.000000000000012
1.00000000000001
1.000000000000009
1.000000000000008
1.000000000000006
1.000000000000005
1.000000000000004
1.000000000000003
1.000000000000002
1.000000000000002
1.000000000000001
1
1
1
1
1
1
1
1
1
1
1
1
1
1
1
1
1
1
1
1
1
1
1
1
1
1
1
1
1
1
1
1
1
1
1
1
1
1
1
1
1
1
1
1
1
1
1
1
1
1
1
1
1
1
1
1
1
1
1
1
1
1
1
1
1
1
1
1
1
1
1
1
1
1
1
1
1
1
1
1
1
1
1
1
1
1
1
1
1
1
1
1
1
1
1
1
1
1
1
1
1
1
1
1
1
1
1
1
1
1
1
1
1
1
1
1
1
1
1
1
1
1
1
1
1
1
1
1
1
1
1
1
1
1
1
1
1
1
1
1
1
1
1
1
1
1
1
1
1
1
1
1
1
1
1
1
1
1
1
1
1
1
1
1
1
1
1
1
1
1
1
1
1
1
1
1
1
1
1
1
1
1
1
1
1
1
1.000000000000001
1.000000000000002
1.000000000000003
1.000000000000003
1.000000000000004
1.000000000000005
1.000000000000006
1.000000000000007
1.000000000000008
1.00000000000001
1.000000000000011
1.000000000000012
1.000000000000013
1.000000000000014
1.000000000000016
1.000000000000017
1.000000000000019
1.00000000000002
1.000000000000022
1.000000000000024
1.000000000000025
1.000000000000026
1.000000000000028
1.000000000000029
1.00000000000003
1.000000000000031
1.000000000000032
1.000000000000033
1.000000000000034
1.000000000000034
1.000000000000035
1.000000000000035
1.000000000000035
1.000000000000035
1.000000000000035
1.000000000000035
1.000000000000034
1.000000000000034
1.000000000000033
1.000000000000032
1.000000000000031
1.00000000000003
1.000000000000029
1.000000000000028
1.000000000000027
1.000000000000025
1.000000000000024
1.000000000000022
1.00000000000002
1.000000000000019
1.000000000000017
1.000000000000016
1.000000000000015
1.000000000000014
1.000000000000012
1.000000000000011
1.000000000000009
1.000000000000008
1.000000000000007
1.000000000000006
1.000000000000005
1.000000000000004
1.000000000000003
1.000000000000003
1.000000000000002
1.000000000000001
1.000000000000001
1
1
1
1
1
1
1
1
1
1
1
1
1
1
1
1
1
1
1
1
1
1
1
1
1
1
1
1
1
1
1
1
1
1
1
1
1
1
1
1
1
1
1
1
1
1
1
1
1
1
1
1
1
1
1
1
1
1
1
1
1
1
1
1
1
1
1
1
1
1
1
1
1
1
1
1
1
1
1
1
1
1
1
1
1
1
1
1
1
1
1
1
1
1
1
1
1
1
1
1
1
1
1
1
1
1
1
1
1
1
1
1
1
1
1
1
1
1
1
1
1
1
1
1
1
1
1
1
1
1
1
1
1
1
1
1
1
1
1
1
1
1
1
1
1
1
1
1
1
1
1
1
1
1
1
1
1
1
1
1
1
1
1
1
1
1
1
1
1
1
1
1
1
1
1
1
1
1
1
1
1
1
1
1
1
1
1
1
1
1
1
1
1.000000000000001
1.000000000000001
1.000000000000002
1.000000000000002
1.000000000000003
1.000000000000004
1.000000000000004
1.000000000000005
1.000000000000006
1.000000000000007
1.000000000000008
1.000000000000008
1.000000000000009
1.00000000000001
1.000000000000011
1.000000000000012
1.000000000000013
1.000000000000014
1.000000000000015
1.000000000000015
1.000000000000016
1.000000000000017
1.000000000000017
1.000000000000018
1.000000000000018
1.000000000000019
1.000000000000019
1.00000000000002
1.00000000000002
1.00000000000002
1.00000000000002
1.00000000000002
1.00000000000002
1.000000000000019
1.000000000000019
1.000000000000018
1.000000000000018
1.000000000000017
1.000000000000017
1.000000000000016
1.000000000000015
1.000000000000015
1.000000000000014
1.000000000000013
1.000000000000012
1.000000000000011
1.00000000000001
1.000000000000009
1.000000000000008
1.000000000000008
1.000000000000007
1.000000000000006
1.000000000000005
1.000000000000004
1.000000000000004
1.000000000000003
1.000000000000002
1.000000000000002
1.000000000000001
1.000000000000001
1
1
1
1
1
1
1
1
1
1
1
1
1
1
1
1
1
1
1
1
1
1
1
1
1
1
1
1
1
1
1
1
1
1
1
1
1
1
1
1
1
1
1
1
1
1
1
1
1
1
1
1
1
1
1
1
1
1
1
1
1
1
1
1
1
1
1
1
1
1
1
1
1
1
1
1
1
1
1
1
1
1
1
1
1
1
1
1
1
1
1
1
1
1
1
1
1
1
1
1
1
1
1
1
1
1
1
1
1
1
1
1
1
1
1
1
1
1
1
1
1
1
1
1
1
1
1
1
1
1
1
1
1
1
1
1
1
1
1
1
1
1
1
1
1
1
1
1
1
1
1
1
1
1
1
1
1
1
1
1
1
1
1
1
1
1
1
1
1
1
1
1
1
1
1
1
1
1
1
1
1
1
1
1
1
1
1
1
1
1
1
1
1
1
1
1
1
1
1
1
1
1.000000000000001
1.000000000000001
1.000000000000002
1.000000000000002
1.000000000000002
1.000000000000003
1.000000000000004
1.000000000000004
1.000000000000005
1.000000000000006
1.000000000000006
1.000000000000007
1.000000000000007
1.000000000000008
1.000000000000008
1.000000000000009
1.000000000000009
1.000000000000009
1.00000000000001
1.00000000000001
1.00000000000001
1.000000000000011
1.000000000000011
1.000000000000011
1.000000000000011
1.000000000000011
1.000000000000011
1.000000000000011
1.000000000000011
1.00000000000001
1.00000000000001
1.00000000000001
1.000000000000009
1.000000000000009
1.000000000000008
1.000000000000008
1.000000000000008
1.000000000000007
1.000000000000006
1.000000000000006
1.000000000000006
1.000000000000005
1.000000000000004
1.000000000000004
1.000000000000003
1.000000000000003
1.000000000000002
1.000000000000002
1.000000000000001
1.000000000000001
1
1
1
1
1
1
1
1
1
1
1
1
1
1
1
1
1
1
1
1
1
1
1
1
1
1
1
1
1
1
1
1
1
1
1
1
1
1
1
1
1
1
1
1
1
1
1
1
1
1
1
1
1
1
1
1
1
1
1
1
1
1
1
1
1
1
1
1
1
1
1
1
1
1
1
1
1
1
1
1
1
1
1
1
1
1
1
1
1
1
1
1
1
1
1
1
1
1
1
1
1
1
1
1
1
1
1
1
1
1
1
1
1
1
1
1
1
1
1
1
1
1
1
1
1
1
1
1
1
1
1
1
1
1
1
1
1
1
1
1
1
1
1
1
1
1
1
1
1
1
1
1
1
1
1
1
1
1
1
1
1
1
1
1
1
1
1
1
1
1
1
1
1
1
1
1
1
1
1
1
1
1
1
1
1
1
1
1
1
1
1
1
1
1
1
1
1
1
1
1
1
1
1
1
1
1
1
1
1
1
1
1
1.000000000000001
1.000000000000001
1.000000000000002
1.000000000000002
1.000000000000002
1.000000000000002
1.000000000000003
1.000000000000004
1.000000000000004
1.000000000000004
1.000000000000004
1.000000000000004
1.000000000000004
1.000000000000005
1.000000000000005
1.000000000000005
1.000000000000005
1.000000000000005
1.000000000000005
1.000000000000005
1.000000000000005
1.000000000000005
1.000000000000005
1.000000000000005
1.000000000000005
1.000000000000005
1.000000000000004
1.000000000000004
1.000000000000004
1.000000000000004
1.000000000000003
1.000000000000003
1.000000000000003
1.000000000000002
1.000000000000002
1.000000000000002
1.000000000000001
1.000000000000001
1.000000000000001
1
1
1
1
1
1
1
1
1
1
1
1
1
1
1
1
1
1
1
1
1
1
1
1
1
1
1
1
1
1
1
1
1
1
1
1
1
1
1
1
1
1
1
1
1
1
1
1
1
1
1
1
1
1
1
1
1
1
1
1
1
1
1
1
1
1
1
1
1
1
1
1
1
1
1
1
1
1
1
1
1
1
1
1
1
1
1
1
1
1
1
1
1
1
1
1
1
1
1
1
1
1
1
1
1
1
1
1
1
1
1
1
1
1
1
1
1
1
1
1
1
1
1
1
1
1
1
1
1
1
1
1
1
1
1
1
1
1
1
1
1
1
1
1
1
1
1
1
1
1
1
1
1
1
1
1
1
1
1
1
1
1
1
1
1
1
1
1
1
1
1
1
1
1
1
1
1
1
1
1
1
1
1
1
1
1
1
1
1
1
1
1
1
1
1
1
1
1
1
1
1
1
1
1
1
1
1
1
1
1
1
1
1
1
1
1
1
1
1
1
1
1
1
1
1.000000000000001
1.000000000000001
1.000000000000001
1.000000000000001
1.000000000000001
1.000000000000002
1.000000000000002
1.000000000000002
1.000000000000002
1.000000000000002
1.000000000000002
1.000000000000002
1.000000000000002
1.000000000000002
1.000000000000002
1.000000000000002
1.000000000000002
1.000000000000001
1.000000000000001
1.000000000000001
1.000000000000001
1.000000000000001
1.000000000000001
1.000000000000001
1
1
1
1
1
1
1
1
1
1
1
1
1
1
1
1
1
1
1
1
1
1
1
1
1
1
1
1
1
1
1
1
1
1
1
1
1
1
1
1
1
1
1
1
1
1
1
1
1
1
1
1
1
1
1
1
1
1
1
1
1
1
1
1
1
1
1
1
1
1
1
1
1
1
1
1
1
1
1
1
1
1
1
1
1
1
1
1
1
1
1
1
1
1
1
1
1
1
1
1
1
1
1
1
1
1
1
1
1
1
1
1
1
1
1
1
1
1
1
1
1
1
1
1
1
1
1
1
1
1
1
1
1
1
1
1
1
1
1
1
1
1
1
1
1
1
1
1
1
1
1
1
1
1
1
1
1
1
1
1
1
1
1
1
1
1
1
1
1
1
1
1
1
1
1
1
1
1
1
1
1
1
1
1
1
1
1
1
1
1
1
1
1
1
1
1
1
1
1
1
1
1
1
1
1
1
1
1
1
1
1
1
1
1
1
1
1
1
1
1
1
1
1
1
1
1
1
1
1
1
1
1
1
1
1
1
1
1
1
1
1
1
1
1
1
1
1
1
1
1
1
1
1
1
1
1
1
1
1
1
1
1
1
1
1
1
1
1
1
1
1
1
1
1
1
1
1
1
1
1
1
1
1
1
1
1
1
1
1
1
1
1
1
1
1
1
1
1
1
1
1
1
1
1
1
1
1
1
1
1
1
1
1
1
1
1
1
1
1
1
1
1
1
1
1
1
1
1
1
1
1
1
1
1
1
1
1
1
1
1
1
1
1
1
1
1
1
1
1
1
1
1
1
1
1
1
1
1
1
1
1
1
1
1
1
1
1
1
1
1
1
1
1
1
1
1
1
1
1
1
1
1
1
1
1
1
1
1
1
1
1
1
1
1
1
1
1
1
1
1
1
1
1
1
1
1
1
1
1
1
1
1
1
1
1
1
1
1
1
1
1
1
1
1
1
1
1
1
1
1
1
1
1
1
1
1
1
1
1
1
1
1
1
1
1
1
1
1
1
1
1
1
1
1
1
1
1
1
1
1
1
1
1
1
1
1
1
1
1
1
1
1
1
1
1
1
1
1
1
1
1
1
1
1
1
1
1
1
1
1
1
1
1
1
1
1
1
1
1
1
1
1
1
1
1
1
1
1
1
1
1
1
1
1
1
1
1
1
1
1
1
1
1
1
1
1
1
1
1
1
1
1
1
1
1
1
1
1
1
1
1
1
1
1
1
1
1
1
1
1
1
1
1
1
1
1
1
1
1
1
1
1
1
1
1
1
1
1
1
1
1
1
1
1
1
1
1
1
1
1
1
1
1
1
1
1
1
1
1
1
1
1
1
1
1
1
1
1
1
1
1
1
1
1
1
1
1
1
1
1
1
1
1
1
1
1
1
1
1
1
1
1
1
1
1
1
1
1
1
1
1
1
1
1
1
1
1
1
1
1
1
1
1
1
1
1
1
1
1
1
1
1
1
1
1
1
1
1
1
1
1
1
1
1
1
1
1
1
1
1
1
1
1
1
1
1
1
1
1
1
1
1
1
1
1
1
1
1
1
1
1
1
1
1
1
1
1
1
1
1
1
1
1
1
1
1
1
1
1
1
1
1
1
1
1
1
1
1
1
1
1
1
1
1
1
1
1
1
1
1
1
1
1
1
1
1
1
1
1
1
1
1
1
1
1
1
1
1
1
1
1
1
1
1
1
1
1
1
1
1
1
1
1
1
1
1
1
1
1
1
1
1
1
1
1
1
1
1
1
1
1
1
1
1
1
1
1
1
1
1
1
1
1
1
1
1
1
1
1
1
1
1
1
1
1
1
1
1
1
1
1
1
1
1
1
1
1
1
1
1
1
1
1
1
1
1
1
1
1
1
1
1
1
1
1
1
1
1
1
1
1
1
1
1
1
1
1
1
1
1
1
1
1
1
1
1
1
1
1
1
1
1
1
1
1
1
1
1
1
1
1
1
1
1
1
1
1
1
1
1
1
1
1
1
1
1
1
1
1
1
1
1
1
1
1
1
1
1
1
1
1
1
1
1
1
1
1
1
1
1
1
1
1
1
1
1
1
1
1
1
1
1
1
1
1
1
1
1
1
1
1
1
1
1
1
1
1
1
1
1
1
1
1
1
1
1
1
1
1
1
1
1
1
1
1
1
1
1
1
1
1
1
1
1
1
1
1
1
1
1
1
1
1
1
1
1
1
1
1
1
1
1
1
1
1
1
1
1
1
1
1
1
1
1
1
1
1
1
1
1
1
1
1
1
1
1
1
1
1
1
1
1
1
1
1
1
1
1
1
1
1
1
1
1
1
1
1
1
1
1
1
1
1
1
1
1
1
1
1
1
1
1
1
1
1
1
1
1
1
1
1
1
1
1
1
1
1
1
1
1
1
1
1
1
1
1
1
1
1
1
1
1
1
1
1
1
1
1
1
1
1
1
1
1
1
1
1
1
1
1
1
1
1
1
1
1
1
1
1
1
1
1
1
1
1
1
1
1
1
1
1
1
1
1
1
1
1
1
1
1
1
1
1
1
1
1
1
1
1
1
1
1
1
1
1
1
1
1
1
1
1
1
1
1
1
1
1
1
1
1
1
1
1
1
1
1
1
1
1
1
1
1
1
1
1
1
1
1
1
1
1
1
1
1
1
1
1
1
1
1
1
1
1
1
1
1
1
1
1
1
1
1
1
1
1
1
1
1
1
1
1
1
1
1
1
1
1
1
1
1
1
1
1
1
1
1
1
1
1
1
1
1
1
1
1
1
1
1
1
1
1
1
1
1
1
1
1
1
1
1
1
1
1
1
1
1
1
1
1
1
1
1
1
1
1
1
1
1
1
1
1
1
1
1
1
1
1
1
1
1
1
1
1
1
1
1
1
1
1
1
1
1
1
1
1
1
1
1
1
1
1
1
1
1
1
1
1
1
1
1
1
1
1
1
1
1
1
1
1
1
1
1
1
1
1
1
1
1
1
1
1
1
1
1
1
1
1
1
1
1
1
1
1
1
1
1
1
1
1
1
1
1
1
1
1
1
1
1
1
1
1
1
1
1
1
1
1
1
1
1
1
1
1
1
1
1
1
1
1
1
1
1
1
1
1
1
1
1
1
1
1
1
1
1
1
1
1
1
1
1
1
1
1
1
1
1
1
1
1
1
1
1
1
1
1
1
1
1
1
1
1
1
1
1
1
1
1
1
1
1
1
1
1
1
1
1
1
1
1
1
1
1
1
1
1
1
1
1
1
1
1
1
1
1
1
1
1
1
1
1
1
1
1
1
1
1
1
1
1
1
1
1
1
1
1
1
1
1
1
1
1
1
1
1
1
1
1
1
1
1
1
1
1
1
1
1
1
1
1
1
1
1
1
1
1
1
1
1
1
1
1
1
1
1
1
1
1
1
1
1
1
1
1
1
1
1
1
1
1
1
1
1
1
1
1
1
1
1
1
1
1
1
1
1
1
1
1
1
1
1
1
1
1
1
1
1
1
1
1
1
1
1
1
1
1
1
1
1
1
1
1
1
1
1
1
1
1
1
1
1
1
1
1
1
1
1
1
1
1
1
1
1
1
1
1
1
1
1
1
1
1
1
1
1
1
1
1
1
1
1
1
1
1
1
1
1
1
1
1
1
1
1
1
1
1
1
1
1
1
1
1
1
1
1
1
1
1
1
1
1
1
1
1
1
1
1
1
1
1
1
1
1
1
1
1
1
1
1
1
1
1
1
1
1
1
1
1
1
1
1
1
1
1
1
1
1
1
1
1
1
1
1
1
1
1
1
1
1
1
1
1
1
1
1
1
1
1
1
1
1
1
1
1
1
1
1
1
1
1
1
1
1
1
1
1
1
1
1
1
1
1
1
1
1
1
1
1
1
1
1
1
1
1
1
1
1
1
1
1
1
1
1
1
1
1
1
1
1
1
1
1
1
1
1
1
1
1
1
1
1
1
1
1
1
1
1
1
1
1
1
1
1
1
1
1
1
1
1
1
1
1
1
1
1
1
1
1
1
1
1
1
1
1
1
1
1
1
1
1
1
1
1
1
1
1
1
1
1
1
1
1
1
1
1
1
1
1
1
1
1
1
1
1
1
1
1
1
1
1
1
1
1
1
1
1
1
1
1
1
1
1
1
1
1
1
1
1
1
1
1
1
1
1
1
1
1
1
1
1
1
1
1
1
1
1
1
1
1
1
1
1
1
1
1
1
1
1
1
1
1
1
1
1
1
1
1
1
1
1
1
1
1
1
1
1
1
1
1
1
1
1
1
1
1
1
1
1
1
1
1
1
1
1
1
1
1
1
1
1
1
1
1
1
1
1
1
1
1
1
1
1
1
1
1
1
1
1
1
1
1
1
1
1
1
1
1
1
1
1
1
1
1
1
1
1
1
1
1
1
1
1
1
1
1
1
1
1
1
1
1
1
1
1
1
1
1
1
1
1
1
1
1
1
1
1
1
1
1
1
1
1
1
1
1
1
1
1
1
1
1
1
1
1
1
1
1
1
1
1
1
1
1
1
1
1
1
1
1
1
1
1
1
1
1
1
1
1
1
1
1
1
1
1
1
1
1
1
1
1
1
1
1
1
1
1
1
1
1
1
1
1
1
1
1
1
1
1
1
1
1
1
1
1
1
1
1
1
1
1
1
1
1
1
1
1
1
1
1
1
1
1
1
1
1
1
1
1
1
1
1
1
1
1
1
1
1
1
1
1
1
1
1
1
1
1
1
1
1
1
1
1
1
1
1
1
1
1
1
1
1
1
1
1
1
1
1
1
1
1
1
1
1
1
1
1
1
1
1
1
1
1
1
1
1
1
1
1
1
1
1
1
1
1
1
1
1
1
1
1
1
1
1
1
1
1
1
1
1
1
1
1
1
1
1
1
1
1
1
1
1
1
1
1
1
1
1
1
1
1
1
1
1
1
1
1
1
1
1
1
1
1
1
1
1
1
1
1
1
1
1
1
1
1
1
1
1
1
1
1
1
1
1
1
1
1
1
1
1
1
1
1
1
1
1
1
1
1
1
1
1
1
1
1
1
1
1
1
1
1
1
1
1
1
1
1
1
1
1
1
1
1
1
1
1
1
1
1
1
1
1
1
1
1
1
1
1
1
1
1
1
1
1
1
1
1
1
1
1
1
1
1
1
1
1
1
1
1
1
1
1
1
1
1
1
1
1
1
1
1
1
1
1
1
1
1
1
1
1
1
1
1
1
1
1
1
1
1
1
1
1
1
1
1
1
1
1
1
1
1
1
1
1
1
1
1
1
1
1
1
1
1
1
1
1
1
1
1
1
1
1
1
1
1
1
1
1
1
1
1
1
1
1
1
1
1
1
1
1
1
1
1
1
1
1
1
1
1
1
1
1
1
1
1
1
1
1
1
1
1
1
1
1
1
1
1
1
1
1
1
1
1
1
1
1
1
1
1
1
1
1
1
1
1
1
1
1
1
1
1
1
1
1
1
1
1
1
1
1
1
1
1
1
1
1
1
1
1
1
1
1
1
1
1
1
1
1
1
1
1
1
1
1
1
1
1
1
1
1
1
1
1
1
1
1
1
1
1
1
1
1
1
1
1
1
1
1
1
1
1
1
1
1
1
1
1
1
1
1
1
1
1
1
1
1
1
1
1
1
1
1
1
1
1
1
1
1
1
1
1
1
1
1
1
1
1
1
1
1
1
1
1
1
1
1
1
1
1
1
1
1
1
1
1
1
1
1
1
1
1
1
1
1
1
1
1
1
1
1
1
1
1
1
1
1
1
1
1
1
1
1
1
1
1
1
1
1
1
1
1
1
1
1
1
1
1
1
1
1
1
1
1
1
1
1
1
1
1
1
1
1
1
1
1
1
1
1
1
1
1
1
1
1
1
1
1
1
1
1
1
1
1
1
1
1
1
1
1
1
1
1
1
1
1
1
1
1
1
1
1
1
1
1
1
1
1
1
1
1
1
1
1
1
1
1
1
1
1
1
1
1
1
1
1
1
1
1
1
1
1
1
1
1
1
1
1
1
1
1
1
1
1
1
1
1
1
1
1
1
1
1
1
1
1
1
1
1
1
1
1
1
1
1
1
1
1
1
1
1
1
1
1
1
1
1
1
1
1
1
1
1
1
1
1
1
1
1
1
1
1
1
1
1
1
1
1
1
1
1
1
1
1
1
1
1
1
1
1
1
1
1
1
1
1
1
1
1
1
1
1
1
1
1
1
1
1
1
1
1
1
1
1
1
1
1
1
1
1
1
1
1
1
1
1
1
1
1
1
1
1
1
1
1
1
1
1
1
1
1
1
1
1
1
1
1
1
1
1
1
1
1
1
1
1
1
1
1
1
1
1
1
1
1
1
1
1
1
1
1
1
1
1
1
1
1
1
1
1
1
1
1
1
1
1
1
1
1
1
1
1
1
1
1
1
1
1
1
1
1
1
1
1
1
1
1
1
1
1
1
1
1
1
1
1
1
1
1
1
1
1
1
1
1
1
1
1
1
1
1
1
1
1
1
1
1
1
1
1
1
1
1
1
1
1
1
1
1
1
1
1
1
1
1
1
1
1
1
1
1
1
1
1
1
1
1
1
1
1
1
1
1
1
1
1
1
1
1
1
1
1
1
1
1
1
1
1
1
1
1
1
1
1
1
1
1
1
1
1
1
1
1
1
1
1
1
1
1
1
1
1
1
1
1
1
1
1
1
1
1
1
1
1
1
1
1
1
1
1
1
1
1
1
1
1
1
1
1
1
1
1
1
1
1
1
1
1
1
1
1
1
1
1
1
1
1
1
1
1
1
1
1
1
1
1
1
1
1
1
1
1
1
1
1
1
1
1
1
1
1
1
1
1
1
1
1
1
1
1
1
1
1
1
1
1
1
1
1
1
1
1
1
1
1
1
1.000000000000001
1
1
1
1
1
1
1
1
1
1
1
1
1
1
1
1
1
1
1
1
1
1
1
1
1
1
1
1
1
1
1
1
1
1
1
1
1
1
1
1
1
1
1
1
1
1
1
1
1
1
1
1
1
1
1
1
1
1
1
1
1
1
1
1
1
1
1
1
1
1
1
1
1
1
1
1
1
1
1
1
1
1
1
1
1
1
1
1
1
1
1
1
1
1
1
1
1
1
1
1
1
1
1
1
1
1
1
1
1
1
1
1
1
1
1
1
1
1
1
1
1
1
1
1
1
1
1
1
1
1
1
1
1
1
1
1
1
1
1
1
1
1
1
1
1
1
1
1
1
1
1
1
1
1
1
1
1
1
1
1
1
1
1
1
1
1
1
1
1
1
1
1
1
1
1
1
1
1
1
1
1
1
1
1
1
1
1
1
1
1
1
1
1
1
1
1
1
1
1
1
1
1
1
1
1
1
1
1
1
1
1
1
1
1
1
1
1
1
1
1
1
1
1
1
1
1
1
1
1
1
1
1
1
1
1
1
1
1
1
1
1
1
1
1.000000000000001
1.000000000000001
1.000000000000001
1.000000000000001
1.000000000000001
1.000000000000001
1.000000000000001
1.000000000000002
1.000000000000002
1.000000000000002
1.000000000000002
1.000000000000002
1.000000000000002
1.000000000000002
1.000000000000002
1.000000000000002
1.000000000000002
1.000000000000002
1.000000000000002
1.000000000000002
1.000000000000002
1.000000000000002
1.000000000000002
1.000000000000002
1.000000000000002
1.000000000000002
1.000000000000002
1.000000000000002
1.000000000000002
1.000000000000002
1.000000000000002
1.000000000000001
1.000000000000001
1.000000000000001
1.000000000000001
1.000000000000001
1.000000000000001
1
1
1
1
1
1
1
1
1
1
1
1
1
1
1
1
1
1
1
1
1
1
1
1
1
1
1
1
1
1
1
1
1
1
1
1
1
1
1
1
1
1
1
1
1
1
1
1
1
1
1
1
1
1
1
1
1
1
1
1
1
1
1
1
1
1
1
1
1
1
1
1
1
1
1
1
1
1
1
1
1
1
1
1
1
1
1
1
1
1
1
1
1
1
1
1
1
1
1
1
1
1
1
1
1
1
1
1
1
1
1
1
1
1
1
1
1
1
1
1
1
1
1
1
1
1
1
1
1
1
1
1
1
1
1
1
1
1
1
1
1
1
1
1
1
1
1
1
1
1
1
1
1
1
1
1
1
1
1
1
1
1
1
1
1
1
1
1
1
1
1
1
1
1
1
1
1
1
1
1
1
1
1
1
1
1
1
1
1
1
1
1
1
1
1
1
1
1
1
1
1
1
1
1
1
1
1
1
1
1
1
1.000000000000001
1.000000000000001
1.000000000000001
1.000000000000001
1.000000000000002
1.000000000000002
1.000000000000002
1.000000000000002
1.000000000000002
1.000000000000003
1.000000000000003
1.000000000000004
1.000000000000004
1.000000000000004
1.000000000000004
1.000000000000004
1.000000000000005
1.000000000000005
1.000000000000005
1.000000000000005
1.000000000000006
1.000000000000006
1.000000000000006
1.000000000000006
1.000000000000006
1.000000000000006
1.000000000000006
1.000000000000006
1.000000000000006
1.000000000000006
1.000000000000006
1.000000000000006
1.000000000000005
1.000000000000005
1.000000000000005
1.000000000000005
1.000000000000005
1.000000000000004
1.000000000000004
1.000000000000004
1.000000000000004
1.000000000000004
1.000000000000003
1.000000000000003
1.000000000000003
1.000000000000003
1.000000000000002
1.000000000000002
1.000000000000002
1.000000000000002
1.000000000000001
1.000000000000001
1.000000000000001
1.000000000000001
1
1
1
1
1
1
1
1
1
1
1
1
1
1
1
1
1
1
1
1
1
1
1
1
1
1
1
1
1
1
1
1
1
1
1
1
1
1
1
1
1
1
1
1
1
1
1
1
1
1
1
1
1
1
1
1
1
1
1
1
1
1
1
1
1
1
1
1
1
1
1
1
1
1
1
1
1
1
1
1
1
1
1
1
1
1
1
1
1
1
1
1
1
1
1
1
1
1
1
1
1
1
1
1
1
1
1
1
1
1
1
1
1
1
1
1
1
1
1
1
1
1
1
1
1
1
1
1
1
1
1
1
1
1
1
1
1
1
1
1
1
1
1
1
1
1
1
1
1
1
1
1
1
1
1
1
1
1
1
1
1
1
1
1
1
1
1
1
1
1
1
1
1
1
1
1
1
1
1
1
1
1
1
1
1
1
1
1
1
1
1
1
1
1
1
1
1.000000000000001
1.000000000000001
1.000000000000001
1.000000000000001
1.000000000000002
1.000000000000002
1.000000000000002
1.000000000000003
1.000000000000003
1.000000000000004
1.000000000000004
1.000000000000005
1.000000000000005
1.000000000000006
1.000000000000006
1.000000000000006
1.000000000000007
1.000000000000008
1.000000000000008
1.000000000000009
1.000000000000009
1.00000000000001
1.00000000000001
1.000000000000011
1.000000000000012
1.000000000000012
1.000000000000012
1.000000000000012
1.000000000000013
1.000000000000013
1.000000000000013
1.000000000000013
1.000000000000013
1.000000000000013
1.000000000000013
1.000000000000013
1.000000000000012
1.000000000000012
1.000000000000012
1.000000000000012
1.000000000000011
1.000000000000011
1.000000000000011
1.00000000000001
1.00000000000001
1.000000000000009
1.000000000000008
1.000000000000008
1.000000000000007
1.000000000000007
1.000000000000007
1.000000000000006
1.000000000000006
1.000000000000005
1.000000000000005
1.000000000000004
1.000000000000004
1.000000000000003
1.000000000000003
1.000000000000002
1.000000000000002
1.000000000000002
1.000000000000001
1.000000000000001
1.000000000000001
1
1
1
1
1
1
1
1
1
1
1
1
1
1
1
1
1
1
1
1
1
1
1
1
1
1
1
1
1
1
1
1
1
1
1
1
1
1
1
1
1
1
1
1
1
1
1
1
1
1
1
1
1
1
1
1
1
1
1
1
1
1
1
1
1
1
1
1
1
1
1
1
1
1
1
1
1
1
1
1
1
1
1
1
1
1
1
1
1
1
1
1
1
1
1
1
1
1
1
1
1
1
1
1
1
1
1
1
1
1
1
1
1
1
1
1
1
1
1
1
1
1
1
1
1
1
1
1
1
1
1
1
1
1
1
1
1
1
1
1
1
1
1
1
1
1
1
1
1
1
1
1
1
1
1
1
1
1
1
1
1
1
1
1
1
1
1
1
1
1
1
1
1
1
1
1
1
1
1
1
1
1
1
1
1
1
1.000000000000001
1.000000000000001
1.000000000000001
1.000000000000002
1.000000000000002
1.000000000000002
1.000000000000003
1.000000000000004
1.000000000000004
1.000000000000005
1.000000000000006
1.000000000000006
1.000000000000007
1.000000000000008
1.000000000000008
1.000000000000009
1.00000000000001
1.000000000000011
1.000000000000012
1.000000000000013
1.000000000000014
1.000000000000016
1.000000000000017
1.000000000000018
1.000000000000019
1.00000000000002
1.000000000000021
1.000000000000022
1.000000000000023
1.000000000000024
1.000000000000025
1.000000000000026
1.000000000000027
1.000000000000027
1.000000000000028
1.000000000000028
1.000000000000028
1.000000000000028
1.000000000000028
1.000000000000028
1.000000000000028
1.000000000000028
1.000000000000027
1.000000000000026
1.000000000000026
1.000000000000025
1.000000000000024
1.000000000000023
1.000000000000022
1.000000000000021
1.00000000000002
1.000000000000019
1.000000000000018
1.000000000000017
1.000000000000016
1.000000000000014
1.000000000000013
1.000000000000012
1.000000000000011
1.00000000000001
1.000000000000009
1.000000000000008
1.000000000000008
1.000000000000007
1.000000000000006
1.000000000000005
1.000000000000005
1.000000000000004
1.000000000000003
1.000000000000003
1.000000000000002
1.000000000000002
1.000000000000001
1.000000000000001
1.000000000000001
1
1
1
1
1
1
1
1
1
1
1
1
1
1
1
1
1
1
1
1
1
1
1
1
1
1
1
1
1
1
1
1
1
1
1
1
1
1
1
1
1
1
1
1
1
1
1
1
1
1
1
1
1
1
1
1
1
1
1
1
1
1
1
1
1
1
1
1
1
1
1
1
1
1
1
1
1
1
1
1
1
1
1
1
1
1
1
1
1
1
1
1
1
1
1
1
1
1
1
1
1
1
1
1
1
1
1
1
1
1
1
1
1
1
1
1
1
1
1
1
1
1
1
1
1
1
1
1
1
1
1
1
1
1
1
1
1
1
1
1
1
1
1
1
1
1
1
1
1
1
1
1
1
1
1
1
1
1
1
1
1
1
1
1
1
1
1
1
1
1
1
1
1
1
1
1
1
1.000000000000001
1.000000000000001
1.000000000000001
1.000000000000002
1.000000000000002
1.000000000000003
1.000000000000004
1.000000000000004
1.000000000000005
1.000000000000006
1.000000000000007
1.000000000000008
1.000000000000009
1.00000000000001
1.000000000000012
1.000000000000013
1.000000000000014
1.000000000000016
1.000000000000018
1.00000000000002
1.000000000000022
1.000000000000024
1.000000000000026
1.000000000000028
1.00000000000003
1.000000000000033
1.000000000000036
1.000000000000038
1.00000000000004
1.000000000000043
1.000000000000045
1.000000000000047
1.000000000000049
1.000000000000051
1.000000000000053
1.000000000000055
1.000000000000056
1.000000000000058
1.000000000000059
1.00000000000006
1.00000000000006
1.00000000000006
1.00000000000006
1.00000000000006
1.000000000000059
1.000000000000059
1.000000000000058
1.000000000000056
1.000000000000055
1.000000000000053
1.000000000000051
1.00000000000005
1.000000000000047
1.000000000000045
1.000000000000043
1.00000000000004
1.000000000000038
1.000000000000036
1.000000000000033
1.000000000000031
1.000000000000028
1.000000000000026
1.000000000000024
1.000000000000022
1.00000000000002
1.000000000000018
1.000000000000016
1.000000000000014
1.000000000000013
1.000000000000012
1.00000000000001
1.000000000000009
1.000000000000008
1.000000000000007
1.000000000000006
1.000000000000005
1.000000000000004
1.000000000000004
1.000000000000003
1.000000000000002
1.000000000000002
1.000000000000002
1.000000000000001
1
1
1
1
1
1
1
1
1
1
1
1
1
1
1
1
1
1
1
1
1
1
1
1
1
1
1
1
1
1
1
1
1
1
1
1
1
1
1
1
1
1
1
1
1
1
1
1
1
1
1
1
1
1
1
1
1
1
1
1
1
1
1
1
1
1
1
1
1
1
1
1
1
1
1
1
1
1
1
1
1
1
1
1
1
1
1
1
1
1
1
1
1
1
1
1
1
1
1
1
1
1
1
1
1
1
1
1
1
1
1
1
1
1
1
1
1
1
1
1
1
1
1
1
1
1
1
1
1
1
1
1
1
1
1
1
1
1
1
1
1
1
1
1
1
1
1
1
1
1
1
1
1
1
1
1
1
1
1
1
1
1
1
1
1
1
1
1
1
1.000000000000001
1.000000000000001
1.000000000000001
1.000000000000002
1.000000000000002
1.000000000000003
1.000000000000004
1.000000000000005
1.000000000000006
1.000000000000007
1.000000000000008
1.000000000000009
1.000000000000011
1.000000000000012
1.000000000000014
1.000000000000016
1.000000000000019
1.000000000000021
1.000000000000024
1.000000000000027
1.00000000000003
1.000000000000034
1.000000000000037
1.000000000000042
1.000000000000046
1.00000000000005
1.000000000000055
1.00000000000006
1.000000000000064
1.000000000000069
1.000000000000075
1.00000000000008
1.000000000000085
1.00000000000009
1.000000000000095
1.000000000000099
1.000000000000104
1.000000000000108
1.000000000000112
1.000000000000115
1.000000000000119
1.000000000000121
1.000000000000123
1.000000000000125
1.000000000000126
1.000000000000127
1.000000000000127
1.000000000000126
1.000000000000125
1.000000000000124
1.000000000000121
1.000000000000119
1.000000000000116
1.000000000000112
1.000000000000108
1.000000000000104
1.0000000000001
1.000000000000095
1.00000000000009
1.000000000000085
1.00000000000008
1.000000000000075
1.00000000000007
1.000000000000065
1.00000000000006
1.000000000000055
1.000000000000051
1.000000000000046
1.000000000000042
1.000000000000038
1.000000000000034
1.000000000000031
1.000000000000027
1.000000000000024
1.000000000000021
1.000000000000019
1.000000000000017
1.000000000000014
1.000000000000012
1.000000000000011
1.000000000000009
1.000000000000008
1.000000000000007
1.000000000000006
1.000000000000005
1.000000000000004
1.000000000000003
1.000000000000003
1.000000000000002
1.000000000000001
1.000000000000001
1.000000000000001
1
1
1
1
1
1
1
1
1
1
1
1
1
1
1
1
1
1
1
1
1
1
1
1
1
1
1
1
1
1
1
1
1
1
1
1
1
1
1
1
1
1
1
1
1
1
1
1
1
1
1
1
1
1
1
1
1
1
1
1
1
1
1
1
1
1
1
1
1
1
1
1
1
1
1
1
1
1
1
1
1
1
1
1
1
1
1
1
1
1
1
1
1
1
1
1
1
1
1
1
1
1
1
1
1
1
1
1
1
1
1
1
1
1
1
1
1
1
1
1
1
1
1
1
1
1
1
1
1
1
1
1
1
1
1
1
1
1
1
1
1
1
1
1
1
1
1
1
1
1
1
1
1
1
1
1
1
1
1
1
1
1.000000000000001
1.000000000000001
1.000000000000002
1.000000000000002
1.000000000000003
1.000000000000004
1.000000000000005
1.000000000000006
1.000000000000007
1.000000000000008
1.00000000000001
1.000000000000012
1.000000000000014
1.000000000000016
1.000000000000019
1.000000000000022
1.000000000000026
1.00000000000003
1.000000000000034
1.000000000000038
1.000000000000044
1.00000000000005
1.000000000000056
1.000000000000063
1.00000000000007
1.000000000000078
1.000000000000086
1.000000000000095
1.000000000000104
1.000000000000114
1.000000000000123
1.000000000000134
1.000000000000144
1.000000000000155
1.000000000000166
1.000000000000176
1.000000000000187
1.000000000000197
1.000000000000207
1.000000000000216
1.000000000000225
1.000000000000233
1.00000000000024
1.000000000000247
1.000000000000253
1.000000000000257
1.00000000000026
1.000000000000263
1.000000000000264
1.000000000000264
1.000000000000263
1.000000000000261
1.000000000000257
1.000000000000253
1.000000000000248
1.000000000000241
1.000000000000234
1.000000000000226
1.000000000000217
1.000000000000208
1.000000000000198
1.000000000000188
1.000000000000177
1.000000000000167
1.000000000000156
1.000000000000146
1.000000000000135
1.000000000000125
1.000000000000115
1.000000000000105
1.000000000000096
1.000000000000087
1.000000000000079
1.000000000000071
1.000000000000063
1.000000000000056
1.00000000000005
1.000000000000044
1.000000000000039
1.000000000000034
1.00000000000003
1.000000000000026
1.000000000000022
1.000000000000019
1.000000000000017
1.000000000000014
1.000000000000012
1.00000000000001
1.000000000000008
1.000000000000007
1.000000000000006
1.000000000000005
1.000000000000004
1.000000000000003
1.000000000000003
1.000000000000002
1.000000000000001
1.000000000000001
1
1
1
1
1
1
1
1
1
1
1
1
1
1
1
1
1
1
1
1
1
1
1
1
1
1
1
1
1
1
1
1
1
1
1
1
1
1
1
1
1
1
1
1
1
1
1
1
1
1
1
1
1
1
1
1
1
1
1
1
1
1
1
1
1
1
1
1
1
1
1
1
1
1
1
1
1
1
1
1
1
1
1
1
1
1
1
1
1
1
1
1
1
1
1
1
1
1
1
1
1
1
1
1
1
1
1
1
1
1
1
1
1
1
1
1
1
1
1
1
1
1
1
1
1
1
1
1
1
1
1
1
1
1
1
1
1
1
1
1
1
1
1
1
1
1
1
1
1
1
1
1
1
1
1
1.000000000000001
1.000000000000001
1.000000000000002
1.000000000000003
1.000000000000004
1.000000000000005
1.000000000000006
1.000000000000007
1.000000000000008
1.00000000000001
1.000000000000012
1.000000000000014
1.000000000000017
1.00000000000002
1.000000000000024
1.000000000000028
1.000000000000033
1.000000000000039
1.000000000000046
1.000000000000052
1.00000000000006
1.000000000000069
1.000000000000079
1.00000000000009
1.000000000000102
1.000000000000115
1.000000000000128
1.000000000000143
1.000000000000159
1.000000000000177
1.000000000000195
1.000000000000214
1.000000000000233
1.000000000000254
1.000000000000275
1.000000000000296
1.000000000000318
1.00000000000034
1.000000000000362
1.000000000000383
1.000000000000404
1.000000000000425
1.000000000000444
1.000000000000462
1.000000000000479
1.000000000000494
1.000000000000508
1.000000000000519
1.000000000000528
1.000000000000535
1.00000000000054
1.000000000000543
1.000000000000543
1.000000000000541
1.000000000000536
1.00000000000053
1.00000000000052
1.000000000000509
1.000000000000496
1.000000000000481
1.000000000000464
1.000000000000446
1.000000000000427
1.000000000000407
1.000000000000386
1.000000000000364
1.000000000000342
1.000000000000321
1.000000000000299
1.000000000000278
1.000000000000256
1.000000000000236
1.000000000000216
1.000000000000197
1.000000000000179
1.000000000000161
1.000000000000145
1.00000000000013
1.000000000000116
1.000000000000103
1.000000000000091
1.00000000000008
1.00000000000007
1.000000000000061
1.000000000000053
1.000000000000046
1.00000000000004
1.000000000000034
1.000000000000029
1.000000000000025
1.000000000000021
1.000000000000018
1.000000000000015
1.000000000000012
1.00000000000001
1.000000000000008
1.000000000000007
1.000000000000006
1.000000000000005
1.000000000000004
1.000000000000003
1.000000000000002
1.000000000000001
1.000000000000001
1
1
1
1
1
1
1
1
1
1
1
1
1
1
1
1
1
1
1
1
1
1
1
1
1
1
1
1
1
1
1
1
1
1
1
1
1
1
1
1
1
1
1
1
1
1
1
1
1
1
1
1
1
1
1
1
1
1
1
1
1
1
1
1
1
1
1
1
1
1
1
1
1
1
1
1
1
1
1
1
1
1
1
1
1
1
1
1
1
1
1
1
1
1
1
1
1
1
1
1
1
1
1
1
1
1
1
1
1
1
1
1
1
1
1
1
1
1
1
1
1
1
1
1
1
1
1
1
1
1
1
1
1
1
1
1
1
1
1
1
1
1
1
1
1
1
1
1
1
1.000000000000001
1.000000000000001
1.000000000000002
1.000000000000003
1.000000000000004
1.000000000000005
1.000000000000006
1.000000000000007
1.000000000000009
1.000000000000012
1.000000000000014
1.000000000000017
1.00000000000002
1.000000000000024
1.000000000000029
1.000000000000035
1.000000000000041
1.000000000000049
1.000000000000058
1.000000000000068
1.000000000000079
1.000000000000091
1.000000000000106
1.000000000000122
1.00000000000014
1.00000000000016
1.000000000000182
1.000000000000206
1.000000000000232
1.00000000000026
1.000000000000291
1.000000000000324
1.000000000000358
1.000000000000395
1.000000000000433
1.000000000000474
1.000000000000515
1.000000000000558
1.000000000000602
1.000000000000646
1.000000000000691
1.000000000000735
1.000000000000778
1.000000000000821
1.000000000000862
1.000000000000902
1.000000000000939
1.000000000000972
1.000000000001003
1.000000000001031
1.000000000001054
1.000000000001073
1.000000000001088
1.000000000001098
1.000000000001102
1.000000000001103
1.000000000001098
1.000000000001089
1.000000000001075
1.000000000001056
1.000000000001033
1.000000000001007
1.000000000000976
1.000000000000943
1.000000000000906
1.000000000000867
1.000000000000826
1.000000000000784
1.00000000000074
1.000000000000696
1.000000000000651
1.000000000000607
1.000000000000564
1.00000000000052
1.000000000000479
1.000000000000438
1.000000000000399
1.000000000000363
1.000000000000328
1.000000000000295
1.000000000000264
1.000000000000235
1.000000000000209
1.000000000000185
1.000000000000162
1.000000000000142
1.000000000000124
1.000000000000108
1.000000000000093
1.000000000000081
1.000000000000069
1.000000000000059
1.00000000000005
1.000000000000042
1.000000000000036
1.00000000000003
1.000000000000025
1.000000000000021
1.000000000000017
1.000000000000014
1.000000000000012
1.00000000000001
1.000000000000008
1.000000000000006
1.000000000000005
1.000000000000004
1.000000000000003
1.000000000000002
1.000000000000001
1.000000000000001
1
1
1
1
1
1
1
1
1
1
1
1
1
1
1
1
1
1
1
1
1
1
1
1
1
1
1
1
1
1
1
1
1
1
1
1
1
1
1
1
1
1
1
1
1
1
1
1
1
1
1
1
1
1
1
1
1
1
1
1
1
1
1
1
1
1
1
1
1
1
1
1
1
1
1
1
1
1
1
1
1
1
1
1
1
1
1
1
1
1
1
1
1
1
1
1
1
1
1
1
1
1
1
1
1
1
1
1
1
1
1
1
1
1
1
1
1
1
1
1
1
1
1
1
1
1
1
1
1
1
1
1
1
1
1
1
1
1
1
1
1
1
1
1
1.000000000000001
1.000000000000002
1.000000000000003
1.000000000000004
1.000000000000005
1.000000000000006
1.000000000000008
1.00000000000001
1.000000000000012
1.000000000000015
1.000000000000019
1.000000000000023
1.000000000000028
1.000000000000034
1.000000000000041
1.000000000000049
1.000000000000058
1.00000000000007
1.000000000000083
1.000000000000098
1.000000000000115
1.000000000000135
1.000000000000158
1.000000000000184
1.000000000000212
1.000000000000245
1.000000000000281
1.000000000000321
1.000000000000365
1.000000000000413
1.000000000000465
1.000000000000522
1.000000000000583
1.000000000000649
1.000000000000718
1.000000000000792
1.000000000000869
1.000000000000949
1.000000000001033
1.000000000001119
1.000000000001207
1.000000000001295
1.000000000001385
1.000000000001473
1.000000000001561
1.000000000001647
1.000000000001729
1.000000000001808
1.000000000001882
1.00000000000195
1.000000000002012
1.000000000002067
1.000000000002114
1.000000000002152
1.000000000002181
1.000000000002201
1.000000000002211
1.000000000002212
1.000000000002203
1.000000000002184
1.000000000002156
1.000000000002118
1.000000000002073
1.000000000002019
1.000000000001958
1.00000000000189
1.000000000001817
1.000000000001739
1.000000000001657
1.000000000001572
1.000000000001484
1.000000000001396
1.000000000001306
1.000000000001217
1.00000000000113
1.000000000001044
1.00000000000096
1.000000000000879
1.000000000000801
1.000000000000727
1.000000000000657
1.000000000000591
1.000000000000529
1.000000000000472
1.000000000000419
1.00000000000037
1.000000000000326
1.000000000000285
1.000000000000249
1.000000000000216
1.000000000000187
1.000000000000161
1.000000000000138
1.000000000000118
1.0000000000001
1.000000000000085
1.000000000000071
1.00000000000006
1.00000000000005
1.000000000000042
1.000000000000034
1.000000000000028
1.000000000000023
1.000000000000019
1.000000000000015
1.000000000000013
1.00000000000001
1.000000000000008
1.000000000000007
1.000000000000005
1.000000000000004
1.000000000000003
1.000000000000002
1.000000000000001
1.000000000000001
1
1
1
1
1
1
1
1
1
1
1
1
1
1
1
1
1
1
1
1
1
1
1
1
1
1
1
1
1
1
1
1
1
1
1
1
1
1
1
1
1
1
1
1
1
1
1
1
1
1
1
1
1
1
1
1
1
1
1
1
1
1
1
1
1
1
1
1
1
1
1
1
1
1
1
1
1
1
1
1
1
1
1
1
1
1
1
1
1
1
1
1
1
1
1
1
1
1
1
1
1
1
1
1
1
1
1
1
1
1
1
1
1
1
1
1
1
1
1
1
1
1
1
1
1
1
1
1
1
1
1
1
1
1
1
1
1
1
1.000000000000001
1.000000000000002
1.000000000000002
1.000000000000003
1.000000000000004
1.000000000000006
1.000000000000008
1.00000000000001
1.000000000000012
1.000000000000016
1.000000000000019
1.000000000000024
1.00000000000003
1.000000000000037
1.000000000000045
1.000000000000055
1.000000000000066
1.00000000000008
1.000000000000096
1.000000000000116
1.000000000000138
1.000000000000164
1.000000000000194
1.000000000000228
1.000000000000268
1.000000000000313
1.000000000000364
1.000000000000421
1.000000000000485
1.000000000000556
1.000000000000635
1.000000000000722
1.000000000000818
1.000000000000921
1.000000000001034
1.000000000001155
1.000000000001285
1.000000000001422
1.000000000001568
1.000000000001721
1.000000000001881
1.000000000002046
1.000000000002216
1.00000000000239
1.000000000002566
1.000000000002742
1.000000000002919
1.000000000003092
1.000000000003262
1.000000000003425
1.000000000003581
1.000000000003727
1.000000000003862
1.000000000003985
1.000000000004094
1.000000000004186
1.000000000004262
1.000000000004321
1.00000000000436
1.00000000000438
1.000000000004382
1.000000000004363
1.000000000004326
1.00000000000427
1.000000000004196
1.000000000004106
1.000000000003999
1.000000000003878
1.000000000003745
1.0000000000036
1.000000000003445
1.000000000003282
1.000000000003114
1.00000000000294
1.000000000002765
1.000000000002588
1.000000000002412
1.000000000002238
1.000000000002067
1.000000000001901
1.000000000001741
1.000000000001587
1.00000000000144
1.000000000001301
1.000000000001171
1.000000000001048
1.000000000000935
1.00000000000083
1.000000000000734
1.000000000000645
1.000000000000566
1.000000000000494
1.000000000000428
1.00000000000037
1.000000000000319
1.000000000000274
1.000000000000233
1.000000000000198
1.000000000000168
1.000000000000141
1.000000000000118
1.000000000000099
1.000000000000082
1.000000000000068
1.000000000000056
1.000000000000046
1.000000000000038
1.00000000000003
1.000000000000025
1.00000000000002
1.000000000000016
1.000000000000013
1.00000000000001
1.000000000000008
1.000000000000007
1.000000000000005
1.000000000000004
1.000000000000003
1.000000000000002
1.000000000000001
1.000000000000001
1
1
1
1
1
1
1
1
1
1
1
1
1
1
1
1
1
1
1
1
1
1
1
1
1
1
1
1
1
1
1
1
1
1
1
1
1
1
1
1
1
1
1
1
1
1
1
1
1
1
1
1
1
1
1
1
1
1
1
1
1
1
1
1
1
1
1
1
1
1
1
1
1
1
1
1
1
1
1
1
1
1
1
1
1
1
1
1
1
1
1
1
1
1
1
1
1
1
1
1
1
1
1
1
1
1
1
1
1
1
1
1
1
1
1
1
1
1
1
1
1
1
1
1
1
1
1
1
1
1
1
1
1
1.000000000000001
1.000000000000002
1.000000000000003
1.000000000000004
1.000000000000005
1.000000000000007
1.000000000000009
1.000000000000012
1.000000000000015
1.000000000000019
1.000000000000024
1.00000000000003
1.000000000000038
1.000000000000047
1.000000000000058
1.000000000000071
1.000000000000087
1.000000000000107
1.00000000000013
1.000000000000157
1.000000000000189
1.000000000000226
1.00000000000027
1.000000000000321
1.00000000000038
1.000000000000447
1.000000000000524
1.000000000000612
1.000000000000712
1.000000000000823
1.000000000000949
1.000000000001088
1.000000000001243
1.000000000001413
1.0000000000016
1.000000000001803
1.000000000002023
1.00000000000226
1.000000000002514
1.000000000002783
1.000000000003069
1.000000000003368
1.000000000003681
1.000000000004004
1.000000000004337
1.000000000004677
1.000000000005021
1.000000000005367
1.000000000005711
1.000000000006051
1.000000000006383
1.000000000006702
1.000000000007007
1.000000000007294
1.000000000007559
1.000000000007798
1.00000000000801
1.000000000008191
1.00000000000834
1.000000000008454
1.000000000008531
1.000000000008572
1.000000000008574
1.000000000008539
1.000000000008465
1.000000000008356
1.000000000008212
1.000000000008034
1.000000000007826
1.00000000000759
1.000000000007328
1.000000000007044
1.000000000006741
1.000000000006423
1.000000000006092
1.000000000005754
1.00000000000541
1.000000000005064
1.000000000004719
1.000000000004379
1.000000000004045
1.00000000000372
1.000000000003406
1.000000000003105
1.000000000002818
1.000000000002546
1.000000000002291
1.000000000002052
1.000000000001829
1.000000000001624
1.000000000001435
1.000000000001263
1.000000000001107
1.000000000000965
1.000000000000838
1.000000000000725
1.000000000000624
1.000000000000535
1.000000000000456
1.000000000000387
1.000000000000328
1.000000000000276
1.000000000000231
1.000000000000193
1.000000000000161
1.000000000000133
1.000000000000109
1.00000000000009
1.000000000000073
1.00000000000006
1.000000000000048
1.000000000000039
1.000000000000031
1.000000000000025
1.00000000000002
1.000000000000016
1.000000000000013
1.00000000000001
1.000000000000008
1.000000000000006
1.000000000000005
1.000000000000004
1.000000000000002
1.000000000000002
1.000000000000001
1
1
1
1
1
1
1
1
1
1
1
1
1
1
1
1
1
1
1
1
1
1
1
1
1
1
1
1
1
1
1
1
1
1
1
1
1
1
1
1
1
1
1
1
1
1
1
1
1
1
1
1
1
1
1
1
1
1
1
1
1
1
1
1
1
1
1
1
1
1
1
1
1
1
1
1
1
1
1
1
1
1
1
1
1
1
1
1
1
1
1
1
1
1
1
1
1
1
1
1
1
1
1
1
1
1
1
1
1
1
1
1
1
1
1
1
1
1
1
1
1
1
1
1
1
1
1
1
1
1
1
1.000000000000003
1.000000000000005
1.000000000000006
1.000000000000008
1.000000000000011
1.000000000000014
1.000000000000018
1.000000000000023
1.000000000000029
1.000000000000037
1.000000000000047
1.000000000000059
1.000000000000073
1.000000000000091
1.000000000000112
1.000000000000138
1.000000000000169
1.000000000000206
1.000000000000251
1.000000000000303
1.000000000000365
1.000000000000437
1.000000000000522
1.00000000000062
1.000000000000734
1.000000000000864
1.000000000001013
1.000000000001183
1.000000000001376
1.000000000001592
1.000000000001834
1.000000000002104
1.000000000002403
1.000000000002732
1.000000000003092
1.000000000003485
1.000000000003911
1.000000000004369
1.000000000004859
1.000000000005381
1.000000000005932
1.000000000006511
1.000000000007115
1.00000000000774
1.000000000008384
1.000000000009041
1.000000000009706
1.000000000010375
1.00000000001104
1.000000000011697
1.000000000012337
1.000000000012956
1.000000000013545
1.000000000014099
1.000000000014611
1.000000000015074
1.000000000015484
1.000000000015834
1.000000000016122
1.000000000016341
1.000000000016491
1.000000000016569
1.000000000016573
1.000000000016505
1.000000000016364
1.000000000016152
1.000000000015873
1.00000000001553
1.000000000015128
1.000000000014671
1.000000000014165
1.000000000013616
1.000000000013031
1.000000000012415
1.000000000011777
1.000000000011122
1.000000000010457
1.000000000009789
1.000000000009123
1.000000000008465
1.000000000007819
1.000000000007191
1.000000000006584
1.000000000006002
1.000000000005448
1.000000000004922
1.000000000004428
1.000000000003966
1.000000000003536
1.000000000003139
1.000000000002775
1.000000000002442
1.000000000002139
1.000000000001866
1.00000000000162
1.000000000001401
1.000000000001206
1.000000000001034
1.000000000000882
1.000000000000749
1.000000000000633
1.000000000000533
1.000000000000447
1.000000000000373
1.00000000000031
1.000000000000257
1.000000000000211
1.000000000000174
1.000000000000142
1.000000000000115
1.000000000000093
1.000000000000075
1.000000000000061
1.000000000000048
1.000000000000038
1.000000000000031
1.000000000000024
1.000000000000019
1.000000000000015
1.000000000000012
1.000000000000009
1.000000000000007
1.000000000000005
1.000000000000004
1.000000000000003
1.000000000000002
1.000000000000001
1
1
1
1
1
1
1
1
1
1
1
1
1
1
1
1
1
1
1
1
1
1
1
1
1
1
1
1
1
1
1
1
1
1
1
1
1
1
1
1
1
1
1
1
1
1
1
1
1
1
1
1
1
1
1
1
1
1
1
1
1
1
1
1
1
1
1
1
1
1
1
1
1
1
1
1
1
1
1
1
1
1
1
1
1
1
1
1
1
1
1
1
1
1
1
1
1
1
1
1
1
1
1
1
1
1
1
1
1
1
1
1
1
1
1
1
1
1
1
1
1
1
1
1
1
1
1.000000000000001
1.000000000000001
1.000000000000002
1.000000000000007
1.000000000000009
1.000000000000012
1.000000000000016
1.000000000000021
1.000000000000027
1.000000000000035
1.000000000000044
1.000000000000056
1.000000000000071
1.000000000000089
1.000000000000112
1.000000000000139
1.000000000000173
1.000000000000214
1.000000000000264
1.000000000000323
1.000000000000393
1.000000000000478
1.000000000000578
1.000000000000697
1.000000000000835
1.000000000000997
1.000000000001185
1.000000000001401
1.00000000000165
1.000000000001935
1.00000000000226
1.000000000002626
1.00000000000304
1.000000000003502
1.000000000004017
1.000000000004588
1.000000000005216
1.000000000005905
1.000000000006656
1.000000000007468
1.000000000008343
1.000000000009279
1.000000000010275
1.000000000011328
1.000000000012433
1.000000000013586
1.000000000014781
1.000000000016009
1.000000000017264
1.000000000018535
1.000000000019811
1.000000000021082
1.000000000022335
1.000000000023558
1.00000000002474
1.000000000025865
1.000000000026922
1.0000000000279
1.000000000028785
1.000000000029567
1.000000000030236
1.000000000030784
1.000000000031203
1.000000000031489
1.000000000031638
1.000000000031646
1.000000000031515
1.000000000031246
1.000000000030843
1.00000000003031
1.000000000029656
1.000000000028887
1.000000000028014
1.000000000027048
1.000000000025999
1.000000000024882
1.000000000023707
1.000000000022488
1.000000000021238
1.000000000019968
1.000000000018692
1.00000000001742
1.000000000016163
1.000000000014931
1.000000000013732
1.000000000012573
1.000000000011461
1.000000000010403
1.0000000000094
1.000000000008456
1.000000000007573
1.000000000006753
1.000000000005995
1.000000000005299
1.000000000004662
1.000000000004085
1.000000000003563
1.000000000003094
1.000000000002675
1.000000000002302
1.000000000001973
1.000000000001684
1.00000000000143
1.00000000000121
1.000000000001018
1.000000000000854
1.000000000000713
1.000000000000592
1.00000000000049
1.000000000000403
1.000000000000331
1.00000000000027
1.00000000000022
1.000000000000178
1.000000000000144
1.000000000000115
1.000000000000092
1.000000000000073
1.000000000000058
1.000000000000046
1.000000000000036
1.000000000000028
1.000000000000022
1.000000000000017
1.000000000000013
1.00000000000001
1.000000000000008
1.000000000000006
1.000000000000004
1.000000000000003
1.000000000000002
1.000000000000001
1
1
1
1
1
1
1
1
1
1
1
1
1
1
1
1
1
1
1
1
1
1
1
1
1
1
1
1
1
1
1
1
1
1
1
1
1
1
1
1
1
1
1
1
1
1
1
1
1
1
1
1
1
1
1
1
1
1
1
1
1
1
1
1
1
1
1
1
1
1
1
1
1
1
1
1
1
1
1
1
1
1
1
1
1
1
1
1
1
1
1
1
1
1
1
1
1
1
1
1
1
1
1
1
1
1
1
1
1
1
1
1
1
1
1
1
1
1
1
1
1
1
1.000000000000001
1.000000000000002
1.000000000000002
1.000000000000004
1.000000000000005
1.000000000000014
1.000000000000018
1.000000000000023
1.00000000000003
1.00000000000004
1.000000000000051
1.000000000000065
1.000000000000083
1.000000000000105
1.000000000000133
1.000000000000169
1.000000000000211
1.000000000000263
1.000000000000327
1.000000000000404
1.000000000000497
1.000000000000609
1.000000000000743
1.000000000000902
1.000000000001091
1.000000000001314
1.000000000001575
1.00000000000188
1.000000000002234
1.000000000002643
1.000000000003113
1.000000000003651
1.000000000004262
1.000000000004954
1.000000000005734
1.000000000006606
1.000000000007578
1.000000000008655
1.000000000009841
1.00000000001114
1.000000000012555
1.000000000014088
1.000000000015738
1.000000000017505
1.000000000019383
1.000000000021368
1.000000000023454
1.000000000025629
1.000000000027882
1.000000000030199
1.000000000032566
1.000000000034962
1.00000000003737
1.000000000039767
1.000000000042131
1.000000000044439
1.000000000046667
1.00000000004879
1.000000000050785
1.000000000052628
1.000000000054297
1.000000000055772
1.000000000057034
1.000000000058068
1.000000000058859
1.000000000059398
1.000000000059678
1.000000000059694
1.000000000059447
1.00000000005894
1.000000000058179
1.000000000057174
1.000000000055939
1.000000000054489
1.000000000052843
1.00000000005102
1.000000000049043
1.000000000046934
1.000000000044718
1.000000000042419
1.00000000004006
1.000000000037666
1.000000000035259
1.00000000003286
1.000000000030489
1.000000000028165
1.000000000025903
1.000000000023717
1.00000000002162
1.000000000019623
1.00000000001773
1.00000000001595
1.000000000014285
1.000000000012738
1.000000000011309
1.000000000009995
1.000000000008795
1.000000000007705
1.000000000006721
1.000000000005836
1.000000000005046
1.000000000004343
1.000000000003722
1.000000000003176
1.000000000002698
1.000000000002282
1.000000000001921
1.00000000000161
1.000000000001344
1.000000000001117
1.000000000000924
1.000000000000761
1.000000000000624
1.00000000000051
1.000000000000415
1.000000000000336
1.00000000000027
1.000000000000217
1.000000000000174
1.000000000000138
1.000000000000109
1.000000000000086
1.000000000000068
1.000000000000053
1.000000000000042
1.000000000000032
1.000000000000025
1.000000000000019
1.000000000000015
1.000000000000011
1.000000000000009
1.000000000000007
1.000000000000005
1.000000000000003
1.000000000000002
1.000000000000001
1
1
1
1
1
1
1
1
1
1
1
1
1
1
1
1
1
1
1
1
1
1
1
1
1
1
1
1
1
1
1
1
1
1
1
1
1
1
1
1
1
1
1
1
1
1
1
1
1
1
1
1
1
1
1
1
1
1
1
1
1
1
1
1
1
1
1
1
1
1
1
1
1
1
1
1
1
1
1
1
1
1
1
1
1
1
1
1
1
1
1
1
1
1
1
1
1
1
1
1
1
1
1
1
1
1
1
1
1
1
1
1
1
1
1
1
1
1
1.000000000000001
1.000000000000002
1.000000000000003
1.000000000000004
1.000000000000006
1.000000000000008
1.00000000000001
1.000000000000026
1.000000000000034
1.000000000000044
1.000000000000057
1.000000000000074
1.000000000000095
1.000000000000121
1.000000000000155
1.000000000000197
1.000000000000249
1.000000000000314
1.000000000000393
1.00000000000049
1.000000000000609
1.000000000000752
1.000000000000926
1.000000000001134
1.000000000001384
1.000000000001681
1.000000000002034
1.000000000002448
1.000000000002936
1.000000000003504
1.000000000004163
1.000000000004926
1.000000000005802
1.000000000006804
1.000000000007943
1.000000000009233
1.000000000010685
1.000000000012311
1.000000000014122
1.000000000016129
1.000000000018339
1.00000000002076
1.000000000023398
1.000000000026254
1.000000000029329
1.00000000003262
1.000000000036121
1.000000000039821
1.000000000043706
1.000000000047759
1.000000000051958
1.000000000056277
1.000000000060686
1.000000000065152
1.000000000069638
1.000000000074105
1.00000000007851
1.000000000082811
1.000000000086962
1.000000000090918
1.000000000094635
1.000000000098069
1.000000000101179
1.000000000103927
1.00000000010628
1.000000000108205
1.00000000010968
1.000000000110684
1.000000000111205
1.000000000111235
1.000000000110775
1.000000000109829
1.000000000108411
1.000000000106539
1.000000000104238
1.000000000101536
1.000000000098468
1.000000000095072
1.000000000091387
1.000000000087458
1.000000000083329
1.000000000079044
1.000000000074649
1.000000000070188
1.000000000065702
1.000000000061232
1.000000000056814
1.000000000052482
1.000000000048267
1.000000000044195
1.000000000040288
1.000000000036565
1.000000000033039
1.000000000029722
1.00000000002662
1.000000000023737
1.000000000021073
1.000000000018625
1.000000000016389
1.000000000014359
1.000000000012524
1.000000000010876
1.000000000009403
1.000000000008094
1.000000000006936
1.000000000005918
1.000000000005027
1.000000000004252
1.00000000000358
1.000000000003001
1.000000000002505
1.000000000002081
1.000000000001722
1.000000000001418
1.000000000001163
1.00000000000095
1.000000000000772
1.000000000000625
1.000000000000504
1.000000000000404
1.000000000000323
1.000000000000257
1.000000000000203
1.000000000000161
1.000000000000126
1.000000000000099
1.000000000000077
1.00000000000006
1.000000000000046
1.000000000000036
1.000000000000027
1.000000000000021
1.000000000000016
1.000000000000012
1.000000000000009
1.000000000000007
1.000000000000005
1.000000000000003
1.000000000000002
1.000000000000001
1
1
1
1
1
1
1
1
1
1
1
1
1
1
1
1
1
1
1
1
1
1
1
1
1
1
1
1
1
1
1
1
1
1
1
1
1
1
1
1
1
1
1
1
1
1
1
1
1
1
1
1
1
1
1
1
1
1
1
1
1
1
1
1
1
1
1
1
1
1
1
1
1
1
1
1
1
1
1
1
1
1
1
1
1
1
1
1
1
1
1
1
1
1
1
1
1
1
1
1
1
1
1
1
1
1
1
1
1
1
1
1
1
1
1.000000000000001
1.000000000000002
1.000000000000003
1.000000000000004
1.000000000000006
1.000000000000008
1.000000000000011
1.000000000000015
1.000000000000019
1.000000000000048
1.000000000000062
1.000000000000081
1.000000000000105
1.000000000000136
1.000000000000175
1.000000000000224
1.000000000000286
1.000000000000363
1.000000000000459
1.000000000000578
1.000000000000723
1.000000000000902
1.00000000000112
1.000000000001385
1.000000000001705
1.000000000002089
1.000000000002548
1.000000000003096
1.000000000003744
1.000000000004508
1.000000000005404
1.00000000000645
1.000000000007665
1.000000000009068
1.000000000010681
1.000000000012526
1.000000000014624
1.000000000016998
1.000000000019672
1.000000000022665
1.000000000026
1.000000000029693
1.000000000033762
1.00000000003822
1.000000000043075
1.000000000048333
1.000000000053994
1.000000000060053
1.000000000066497
1.000000000073308
1.000000000080461
1.000000000087922
1.000000000095652
1.000000000103602
1.000000000111719
1.00000000011994
1.000000000128199
1.000000000136421
1.000000000144531
1.000000000152448
1.000000000160089
1.000000000167371
1.000000000174213
1.000000000180534
1.00000000018626
1.000000000191319
1.000000000195649
1.000000000199194
1.000000000201908
1.000000000203757
1.000000000204716
1.000000000204771
1.000000000203923
1.000000000202182
1.000000000199571
1.000000000196125
1.000000000191889
1.000000000186915
1.000000000181267
1.000000000175015
1.000000000168232
1.000000000160999
1.000000000153398
1.00000000014551
1.00000000013742
1.000000000129207
1.000000000120949
1.00000000011272
1.000000000104587
1.000000000096614
1.000000000088855
1.000000000081358
1.000000000074166
1.000000000067312
1.000000000060822
1.000000000054715
1.000000000049005
1.000000000043697
1.000000000038793
1.000000000034288
1.000000000030172
1.000000000026433
1.000000000023056
1.000000000020021
1.00000000001731
1.0000000000149
1.000000000012769
1.000000000010895
1.000000000009255
1.000000000007827
1.000000000006591
1.000000000005525
1.000000000004611
1.000000000003832
1.00000000000317
1.000000000002611
1.000000000002141
1.000000000001748
1.000000000001421
1.00000000000115
1.000000000000927
1.000000000000744
1.000000000000594
1.000000000000473
1.000000000000374
1.000000000000295
1.000000000000232
1.000000000000181
1.000000000000141
1.000000000000109
1.000000000000085
1.000000000000065
1.00000000000005
1.000000000000038
1.000000000000029
1.000000000000022
1.000000000000017
1.000000000000013
1.000000000000009
1.000000000000007
1.000000000000005
1.000000000000003
1.000000000000002
1.000000000000001
1
1
1
1
1
1
1
1
1
1
1
1
1
1
1
1
1
1
1
1
1
1
1
1
1
1
1
1
1
1
1
1
1
1
1
1
1
1
1
1
1
1
1
1
1
1
1
1
1
1
1
1
1
1
1
1
1
1
1
1
1
1
1
1
1
1
1
1
1
1
1
1
1
1
1
1
1
1
1
1
1
1
1
1
1
1
1
1
1
1
1
1
1
1
1
1
1
1
1
1
1
1
1
1
1
1
1
1
1
1
1.000000000000001
1.000000000000002
1.000000000000003
1.000000000000004
1.000000000000006
1.000000000000008
1.000000000000011
1.000000000000015
1.000000000000021
1.000000000000027
1.000000000000036
1.000000000000087
1.000000000000113
1.000000000000147
1.000000000000192
1.000000000000248
1.000000000000319
1.000000000000408
1.00000000000052
1.000000000000661
1.000000000000835
1.00000000000105
1.000000000001315
1.000000000001641
1.000000000002037
1.000000000002519
1.0000000000031
1.000000000003799
1.000000000004635
1.000000000005631
1.00000000000681
1.0000000000082
1.00000000000983
1.000000000011732
1.000000000013942
1.000000000016494
1.000000000019427
1.000000000022782
1.000000000026598
1.000000000030917
1.00000000003578
1.000000000041224
1.000000000047288
1.000000000054006
1.000000000061406
1.000000000069513
1.000000000078344
1.000000000087907
1.000000000098204
1.000000000109222
1.000000000120943
1.00000000013333
1.000000000146338
1.000000000159908
1.000000000173966
1.000000000188425
1.000000000203186
1.000000000218137
1.000000000233156
1.00000000024811
1.000000000262859
1.000000000277257
1.000000000291153
1.000000000304397
1.000000000316839
1.000000000328336
1.000000000338748
1.000000000347949
1.000000000355823
1.00000000036227
1.000000000367206
1.000000000370568
1.00000000037231
1.000000000372411
1.000000000370867
1.000000000367701
1.000000000362953
1.000000000356686
1.000000000348981
1.000000000339936
1.000000000329664
1.000000000318293
1.000000000305958
1.000000000292804
1.000000000278979
1.000000000264635
1.000000000249921
1.000000000234985
1.000000000219967
1.000000000205
1.00000000019021
1.000000000175709
1.000000000161597
1.000000000147964
1.000000000134884
1.000000000122419
1.000000000110616
1.00000000009951
1.000000000089125
1.000000000079472
1.000000000070553
1.000000000062359
1.000000000054873
1.000000000048074
1.000000000041932
1.000000000036413
1.000000000031482
1.000000000027099
1.000000000023223
1.000000000019815
1.000000000016832
1.000000000014235
1.000000000011986
1.000000000010048
1.000000000008386
1.000000000006969
1.000000000005765
1.000000000004749
1.000000000003894
1.00000000000318
1.000000000002585
1.000000000002092
1.000000000001686
1.000000000001352
1.00000000000108
1.000000000000859
1.00000000000068
1.000000000000536
1.000000000000421
1.000000000000329
1.000000000000256
1.000000000000198
1.000000000000153
1.000000000000118
1.00000000000009
1.000000000000069
1.000000000000052
1.00000000000004
1.00000000000003
1.000000000000023
1.000000000000017
1.000000000000012
1.000000000000009
1.000000000000007
1.000000000000005
1.000000000000003
1.000000000000002
1.000000000000001
1
1
1
1
1
1
1
1
1
1
1
1
1
1
1
1
1
1
1
1
1
1
1
1
1
1
1
1
1
1
1
1
1
1
1
1
1
1
1
1
1
1
1
1
1
1
1
1
1
1
1
1
1
1
1
1
1
1
1
1
1
1
1
1
1
1
1
1
1
1
1
1
1
1
1
1
1
1
1
1
1
1
1
1
1
1
1
1
1
1
1
1
1
1
1
1
1
1
1
1
1
1
1
1
1
1
1
1.000000000000001
1.000000000000003
1.000000000000004
1.000000000000006
1.000000000000008
1.000000000000011
1.000000000000016
1.000000000000021
1.000000000000028
1.000000000000037
1.00000000000005
1.000000000000066
1.000000000000155
1.000000000000203
1.000000000000266
1.000000000000344
1.000000000000445
1.000000000000573
1.000000000000733
1.000000000000935
1.000000000001187
1.0000000000015
1.000000000001887
1.000000000002364
1.000000000002948
1.000000000003661
1.000000000004526
1.000000000005571
1.000000000006827
1.00000000000833
1.000000000010119
1.000000000012238
1.000000000014735
1.000000000017665
1.000000000021083
1.000000000025053
1.000000000029639
1.000000000034911
1.000000000040938
1.000000000047796
1.000000000055557
1.000000000064294
1.000000000074078
1.000000000084975
1.000000000097045
1.000000000110343
1.00000000012491
1.000000000140777
1.000000000157961
1.000000000176462
1.000000000196261
1.00000000021732
1.000000000239578
1.000000000262952
1.000000000287334
1.000000000312593
1.000000000338573
1.000000000365096
1.000000000391961
1.000000000418947
1.000000000445816
1.000000000472317
1.000000000498185
1.000000000523154
1.00000000054695
1.000000000569305
1.000000000589962
1.00000000060867
1.000000000625202
1.000000000639349
1.000000000650932
1.000000000659802
1.000000000665841
1.000000000668971
1.000000000669151
1.000000000666377
1.000000000660688
1.000000000652156
1.000000000640895
1.00000000062705
1.000000000610798
1.000000000592342
1.000000000571909
1.000000000549746
1.000000000526111
1.000000000501271
1.000000000475497
1.00000000044906
1.000000000422222
1.000000000395237
1.000000000368346
1.000000000341771
1.000000000315715
1.00000000029036
1.000000000265864
1.000000000242362
1.000000000219964
1.000000000198756
1.000000000178802
1.000000000160142
1.000000000142798
1.000000000126771
1.000000000112048
1.000000000098598
1.000000000086381
1.000000000075345
1.000000000065429
1.000000000056568
1.000000000048692
1.000000000041729
1.000000000035604
1.000000000030244
1.000000000025578
1.000000000021537
1.000000000018055
1.000000000015069
1.000000000012522
1.000000000010359
1.000000000008533
1.000000000006998
1.000000000005713
1.000000000004644
1.000000000003759
1.000000000003029
1.00000000000243
1.000000000001941
1.000000000001543
1.000000000001222
1.000000000000963
1.000000000000756
1.000000000000591
1.00000000000046
1.000000000000356
1.000000000000275
1.000000000000211
1.000000000000161
1.000000000000123
1.000000000000093
1.000000000000071
1.000000000000053
1.00000000000004
1.00000000000003
1.000000000000022
1.000000000000017
1.000000000000012
1.000000000000009
1.000000000000006
1.000000000000004
1.000000000000003
1.000000000000002
1.000000000000001
1
1
1
1
1
1
1
1
1
1
1
1
1
1
1
1
1
1
1
1
1
1
1
1
1
1
1
1
1
1
1
1
1
1
1
1
1
1
1
1
1
1
1
1
1
1
1
1
1
1
1
1
1
1
1
1
1
1
1
1
1
1
1
1
1
1
1
1
1
1
1
1
1
1
1
1
1
1
1
1
1
1
1
1
1
1
1
1
1
1
1
1
1
1
1
1
1
1
1
1
1
1
1
1.000000000000001
1.000000000000002
1.000000000000004
1.000000000000006
1.000000000000008
1.000000000000011
1.000000000000015
1.000000000000021
1.000000000000028
1.000000000000038
1.000000000000051
1.000000000000068
1.000000000000089
1.000000000000118
1.000000000000276
1.000000000000362
1.000000000000471
1.000000000000612
1.00000000000079
1.000000000001017
1.000000000001302
1.00000000000166
1.000000000002107
1.000000000002663
1.000000000003351
1.000000000004198
1.000000000005235
1.0000000000065
1.000000000008037
1.000000000009892
1.000000000012123
1.00000000001479
1.000000000017966
1.000000000021728
1.000000000026163
1.000000000031364
1.000000000037433
1.000000000044481
1.000000000052623
1.000000000061982
1.000000000072684
1.00000000008486
1.000000000098639
1.000000000114151
1.000000000131521
1.000000000150867
1.000000000172297
1.000000000195905
1.000000000221767
1.000000000249937
1.000000000280445
1.00000000031329
1.00000000034844
1.000000000385827
1.000000000425342
1.000000000466838
1.000000000510125
1.000000000554967
1.00000000060109
1.000000000648176
1.000000000695869
1.000000000743777
1.000000000791478
1.000000000838523
1.000000000884448
1.000000000928772
1.000000000971017
1.000000001010705
1.000000001047375
1.000000001080587
1.000000001109934
1.000000001135049
1.000000001155611
1.000000001171355
1.000000001182076
1.000000001187632
1.00000000118795
1.000000001183025
1.000000001172924
1.000000001157778
1.000000001137785
1.000000001113206
1.000000001084352
1.000000001051587
1.000000001015313
1.000000000975967
1.000000000934007
1.000000000889909
1.000000000844153
1.000000000797219
1.000000000749574
1.000000000701668
1.000000000653928
1.00000000060675
1.000000000560493
1.000000000515481
1.000000000471993
1.00000000043027
1.000000000390506
1.000000000352856
1.000000000317431
1.000000000284304
1.000000000253513
1.000000000225061
1.000000000198922
1.000000000175045
1.000000000153356
1.000000000133763
1.00000000011616
1.000000000100429
1.000000000086446
1.000000000074083
1.000000000063209
1.000000000053694
1.000000000045411
1.000000000038237
1.000000000032054
1.000000000026754
1.000000000022231
1.000000000018392
1.000000000015149
1.000000000012424
1.000000000010143
1.000000000008245
1.000000000006674
1.000000000005377
1.000000000004314
1.000000000003446
1.00000000000274
1.00000000000217
1.00000000000171
1.000000000001342
1.000000000001049
1.000000000000816
1.000000000000632
1.000000000000488
1.000000000000374
1.000000000000286
1.000000000000218
1.000000000000165
1.000000000000125
1.000000000000094
1.000000000000071
1.000000000000053
1.000000000000039
1.000000000000029
1.000000000000021
1.000000000000016
1.000000000000011
1.000000000000008
1.000000000000006
1.000000000000004
1.000000000000002
1.000000000000002
1.000000000000001
1
1
1
1
1
1
1
1
1
1
1
1
1
1
1
1
1
1
1
1
1
1
1
1
1
1
1
1
1
1
1
1
1
1
1
1
1
1
1
1
1
1
1
1
1
1
1
1
1
1
1
1
1
1
1
1
1
1
1
1
1
1
1
1
1
1
1
1
1
1
1
1
1
1
1
1
1
1
1
1
1
1
1
1
1
1
1
1
1
1
1
1
1
1
1
1
1
1
1
1.000000000000001
1.000000000000002
1.000000000000003
1.000000000000005
1.000000000000007
1.00000000000001
1.000000000000014
1.00000000000002
1.000000000000027
1.000000000000037
1.00000000000005
1.000000000000067
1.00000000000009
1.00000000000012
1.000000000000159
1.00000000000021
1.000000000000485
1.000000000000635
1.000000000000827
1.000000000001074
1.000000000001387
1.000000000001784
1.000000000002284
1.000000000002913
1.000000000003697
1.000000000004672
1.000000000005879
1.000000000007364
1.000000000009184
1.000000000011405
1.0000000000141
1.000000000017355
1.000000000021267
1.000000000025948
1.00000000003152
1.00000000003812
1.000000000045899
1.000000000055023
1.000000000065671
1.000000000078035
1.000000000092319
1.000000000108737
1.000000000127512
1.000000000148871
1.000000000173044
1.000000000200256
1.000000000230727
1.000000000264665
1.000000000302259
1.000000000343673
1.000000000389041
1.000000000438457
1.000000000491975
1.000000000549593
1.000000000611254
1.000000000676838
1.000000000746156
1.000000000818948
1.00000000089488
1.000000000973543
1.000000001054451
1.000000001137048
1.00000000122071
1.000000001304748
1.000000001388423
1.000000001470949
1.000000001551506
1.000000001629259
1.000000001703362
1.00000000177298
1.000000001837304
1.000000001895562
1.00000000194704
1.000000001991094
1.000000002027162
1.000000002054779
1.000000002073583
1.000000002083327
1.000000002083883
1.000000002075243
1.000000002057522
1.000000002030952
1.000000001995881
1.000000001952764
1.000000001902149
1.000000001844673
1.000000001781042
1.000000001712021
1.000000001638416
1.000000001561061
1.000000001480797
1.000000001398466
1.000000001314889
1.000000001230854
1.00000000114711
1.000000001064351
1.00000000098321
1.00000000090425
1.000000000827965
1.000000000754775
1.000000000685023
1.000000000618978
1.000000000556836
1.000000000498726
1.000000000444712
1.000000000394802
1.000000000348951
1.000000000307065
1.000000000269019
1.000000000234649
1.000000000203769
1.000000000176174
1.000000000151646
1.000000000129959
1.000000000110884
1.000000000094192
1.000000000079662
1.000000000067076
1.000000000056231
1.000000000046932
1.000000000038999
1.000000000032264
1.000000000026576
1.000000000021794
1.000000000017794
1.000000000014465
1.000000000011707
1.000000000009433
1.000000000007568
1.000000000006044
1.000000000004807
1.000000000003806
1.000000000003
1.000000000002354
1.00000000000184
1.000000000001432
1.000000000001109
1.000000000000855
1.000000000000657
1.000000000000502
1.000000000000383
1.00000000000029
1.000000000000219
1.000000000000165
1.000000000000123
1.000000000000092
1.000000000000068
1.000000000000051
1.000000000000037
1.000000000000027
1.00000000000002
1.000000000000015
1.00000000000001
1.000000000000008
1.000000000000006
1.000000000000004
1.000000000000002
1.000000000000001
1
1
1
1
1
1
1
1
1
1
1
1
1
1
1
1
1
1
1
1
1
1
1
1
1
1
1
1
1
1
1
1
1
1
1
1
1
1
1
1
1
1
1
1
1
1
1
1
1
1
1
1
1
1
1
1
1
1
1
1
1
1
1
1
1
1
1
1
1
1
1
1
1
1
1
1
1
1
1
1
1
1
1
1
1
1
1
1
1
1
1
1
1
1
1
1
1
1.000000000000001
1.000000000000002
1.000000000000004
1.000000000000006
1.000000000000009
1.000000000000013
1.000000000000018
1.000000000000025
1.000000000000034
1.000000000000047
1.000000000000064
1.000000000000087
1.000000000000117
1.000000000000157
1.00000000000021
1.000000000000279
1.000000000000368
1.00000000000084
1.0000000000011
1.000000000001434
1.000000000001861
1.000000000002405
1.000000000003093
1.000000000003961
1.000000000005049
1.000000000006409
1.0000000000081
1.000000000010192
1.000000000012767
1.000000000015923
1.000000000019772
1.000000000024444
1.000000000030087
1.00000000003687
1.000000000044984
1.000000000054643
1.000000000066085
1.000000000079571
1.000000000095388
1.000000000113847
1.000000000135281
1.000000000160043
1.000000000188505
1.000000000221053
1.000000000258079
1.000000000299983
1.000000000347156
1.000000000399978
1.000000000458811
1.000000000523979
1.00000000059577
1.000000000674414
1.000000000760078
1.000000000852849
1.000000000952729
1.000000001059617
1.000000001173304
1.000000001293464
1.000000001419647
1.000000001551272
1.000000001687629
1.000000001827879
1.000000001971056
1.000000002116078
1.000000002261753
1.000000002406797
1.000000002549848
1.000000002689489
1.000000002824265
1.000000002952716
1.000000003073392
1.00000000318489
1.000000003285874
1.000000003375106
1.000000003451468
1.000000003513987
1.000000003561855
1.000000003594448
1.000000003611337
1.000000003612298
1.000000003597319
1.000000003566599
1.00000000352054
1.000000003459745
1.000000003385002
1.000000003297264
1.000000003197632
1.000000003087331
1.000000002967688
1.000000002840099
1.000000002706007
1.000000002566876
1.000000002424161
1.000000002279284
1.000000002133617
1.000000001988453
1.000000001844995
1.000000001704341
1.00000000156747
1.000000001435236
1.000000001308366
1.000000001187456
1.00000000107297
1.000000000965251
1.00000000086452
1.000000000770892
1.000000000684376
1.000000000604894
1.000000000532289
1.000000000466336
1.000000000406758
1.000000000353229
1.000000000305395
1.000000000262877
1.000000000225283
1.000000000192216
1.000000000163282
1.000000000138093
1.000000000116277
1.000000000097477
1.000000000081357
1.000000000067605
1.000000000055931
1.000000000046069
1.00000000003778
1.000000000030846
1.000000000025075
1.000000000020294
1.000000000016352
1.000000000013118
1.000000000010478
1.000000000008332
1.000000000006597
1.0000000000052
1.000000000004081
1.000000000003189
1.000000000002481
1.000000000001922
1.000000000001482
1.000000000001138
1.00000000000087
1.000000000000662
1.000000000000502
1.000000000000379
1.000000000000285
1.000000000000213
1.000000000000159
1.000000000000118
1.000000000000087
1.000000000000064
1.000000000000047
1.000000000000035
1.000000000000025
1.000000000000018
1.000000000000013
1.00000000000001
1.000000000000007
1.000000000000005
1.000000000000003
1.000000000000002
1.000000000000001
1
1
1
1
1
1
1
1
1
1
1
1
1
1
1
1
1
1
1
1
1
1
1
1
1
1
1
1
1
1
1
1
1
1
1
1
1
1
1
1
1
1
1
1
1
1
1
1
1
1
1
1
1
1
1
1
1
1
1
1
1
1
1
1
1
1
1
1
1
1
1
1
1
1
1
1
1
1
1
1
1
1
1
1
1
1
1
1
1
1
1
1
1
1.000000000000001
1.000000000000002
1.000000000000003
1.000000000000005
1.000000000000008
1.000000000000011
1.000000000000016
1.000000000000022
1.000000000000032
1.000000000000043
1.00000000000006
1.000000000000082
1.000000000000111
1.000000000000151
1.000000000000204
1.000000000000273
1.000000000000364
1.000000000000483
1.000000000000639
1.00000000000144
1.000000000001885
1.000000000002457
1.000000000003189
1.000000000004119
1.000000000005299
1.000000000006785
1.000000000008651
1.000000000010981
1.000000000013878
1.000000000017461
1.000000000021874
1.000000000027281
1.000000000033876
1.00000000004188
1.000000000051548
1.00000000006317
1.000000000077072
1.00000000009362
1.000000000113222
1.000000000136327
1.000000000163425
1.000000000195049
1.00000000023177
1.000000000274192
1.000000000322954
1.000000000378714
1.000000000442148
1.000000000513936
1.000000000594751
1.000000000685246
1.000000000786035
1.000000000897679
1.000000001020668
1.000000001155398
1.000000001302151
1.000000001461082
1.000000001632189
1.000000001815302
1.000000002010063
1.000000002215913
1.000000002432078
1.000000002657566
1.000000002891161
1.000000003131424
1.000000003376701
1.000000003625137
1.000000003874692
1.000000004123165
1.000000004368225
1.00000000460744
1.000000004838324
1.000000005058368
1.000000005265095
1.000000005456097
1.000000005629089
1.000000005781947
1.000000005912758
1.000000006019854
1.000000006101853
1.000000006157684
1.000000006186612
1.000000006188255
1.000000006162591
1.00000000610996
1.000000006031054
1.000000005926905
1.00000000579886
1.000000005648554
1.000000005477873
1.000000005288917
1.000000005083955
1.000000004865382
1.00000000463567
1.000000004397325
1.00000000415284
1.000000003904653
1.000000003655112
1.000000003406432
1.000000003160676
1.000000002919722
1.000000002685248
1.000000002458719
1.00000000224138
1.000000002034247
1.000000001838122
1.000000001653588
1.000000001481028
1.000000001320632
1.000000001172421
1.00000000103626
1.000000000911879
1.000000000798896
1.00000000069683
1.00000000060513
1.000000000523184
1.000000000450346
1.000000000385943
1.000000000329295
1.000000000279727
1.000000000236575
1.0000000001992
1.000000000166994
1.000000000139379
1.000000000115819
1.000000000095819
1.000000000078925
1.000000000064724
1.000000000052846
1.000000000042958
1.000000000034766
1.000000000028014
1.000000000022474
1.00000000001795
1.000000000014274
1.000000000011302
1.000000000008909
1.000000000006992
1.000000000005463
1.00000000000425
1.000000000003292
1.000000000002539
1.00000000000195
1.000000000001491
1.000000000001135
1.00000000000086
1.000000000000649
1.000000000000487
1.000000000000365
1.000000000000272
1.000000000000202
1.000000000000149
1.00000000000011
1.00000000000008
1.000000000000059
1.000000000000043
1.000000000000031
1.000000000000023
1.000000000000016
1.000000000000012
1.000000000000008
1.000000000000006
1.000000000000004
1.000000000000002
1.000000000000001
1
1
1
1
1
1
1
1
1
1
1
1
1
1
1
1
1
1
1
1
1
1
1
1
1
1
1
1
1
1
1
1
1
1
1
1
1
1
1
1
1
1
1
1
1
1
1
1
1
1
1
1
1
1
1
1
1
1
1
1
1
1
1
1
1
1
1
1
1
1
1
1
1
1
1
1
1
1
1
1
1
1
1
1
1
1
1
1
1
1
1
1.000000000000001
1.000000000000002
1.000000000000004
1.000000000000006
1.000000000000009
1.000000000000014
1.000000000000019
1.000000000000027
1.000000000000039
1.000000000000054
1.000000000000074
1.000000000000102
1.00000000000014
1.000000000000191
1.000000000000259
1.000000000000349
1.000000000000467
1.000000000000624
1.000000000000828
1.000000000001094
1.000000000002438
1.000000000003192
1.00000000000416
1.000000000005399
1.000000000006976
1.000000000008973
1.000000000011491
1.00000000001465
1.000000000018596
1.000000000023501
1.000000000029569
1.000000000037041
1.000000000046197
1.000000000057365
1.000000000070919
1.00000000008729
1.000000000106969
1.00000000013051
1.000000000158531
1.000000000191723
1.000000000230847
1.000000000276732
1.000000000330281
1.000000000392459
1.000000000464292
1.000000000546858
1.000000000641274
1.000000000748684
1.00000000087024
1.00000000100708
1.00000000116031
1.00000000133097
1.00000000152001
1.000000001728258
1.000000001956384
1.000000002204871
1.000000002473974
1.000000002763694
1.000000003073742
1.000000003403512
1.000000003752056
1.000000004118065
1.00000000449986
1.000000004895379
1.000000005302187
1.000000005717485
1.000000006138131
1.000000006560671
1.000000006981377
1.000000007396303
1.000000007801334
1.000000008192255
1.000000008564824
1.000000008914842
1.000000009238237
1.000000009531135
1.000000009789944
1.000000010011422
1.000000010192749
1.000000010331581
1.000000010426105
1.000000010475079
1.000000010477855
1.000000010434395
1.000000010345276
1.00000001021167
1.000000010035323
1.000000009818518
1.000000009564021
1.000000009275026
1.000000008955089
1.000000008608052
1.000000008237969
1.000000007849027
1.000000007445467
1.000000007031511
1.000000006611288
1.000000006188771
1.000000005767714
1.000000005351606
1.00000000494363
1.000000004546625
1.000000004163073
1.000000003795079
1.000000003444368
1.000000003112293
1.000000002799845
1.000000002507669
1.00000000223609
1.000000001985142
1.000000001754596
1.000000001543997
1.000000001352695
1.000000001179879
1.000000001024612
1.000000000885862
1.000000000762532
1.000000000653485
1.00000000055757
1.00000000047364
1.000000000400576
1.000000000337293
1.000000000282759
1.000000000236001
1.00000000019611
1.000000000162246
1.00000000013364
1.000000000109594
1.000000000089481
1.000000000072738
1.000000000058868
1.000000000047435
1.000000000038054
1.000000000030395
1.00000000002417
1.000000000019137
1.000000000015085
1.000000000011839
1.000000000009251
1.000000000007197
1.000000000005575
1.000000000004299
1.000000000003301
1.000000000002524
1.000000000001921
1.000000000001456
1.000000000001098
1.000000000000825
1.000000000000618
1.00000000000046
1.000000000000341
1.000000000000252
1.000000000000185
1.000000000000136
1.000000000000099
1.000000000000072
1.000000000000052
1.000000000000038
1.000000000000028
1.00000000000002
1.000000000000014
1.00000000000001
1.000000000000007
1.000000000000004
1.000000000000003
1.000000000000001
1
1
1
1
1
1
1
1
1
1
1
1
1
1
1
1
1
1
1
1
1
1
1
1
1
1
1
1
1
1
1
1
1
1
1
1
1
1
1
1
1
1
1
1
1
1
1
1
1
1
1
1
1
1
1
1
1
1
1
1
1
1
1
1
1
1
1
1
1
1
1
1
1
1
1
1
1
1
1
1
1
1
1
1
1
1
1
1
1
1.000000000000001
1.000000000000002
1.000000000000005
1.000000000000007
1.000000000000011
1.000000000000016
1.000000000000023
1.000000000000033
1.000000000000047
1.000000000000066
1.000000000000091
1.000000000000126
1.000000000000174
1.000000000000238
1.000000000000324
1.000000000000438
1.00000000000059
1.000000000000792
1.000000000001056
1.000000000001402
1.000000000001853
1.000000000004081
1.000000000005343
1.000000000006965
1.000000000009038
1.000000000011677
1.00000000001502
1.000000000019234
1.000000000024523
1.000000000031128
1.000000000039338
1.000000000049495
1.000000000062002
1.000000000077329
1.000000000096021
1.000000000118707
1.000000000146111
1.00000000017905
1.000000000218452
1.000000000265355
1.000000000320912
1.000000000386397
1.000000000463199
1.000000000552828
1.0000000006569
1.000000000777133
1.000000000915329
1.00000000107336
1.000000001253138
1.000000001456592
1.000000001685629
1.000000001942095
1.000000002227735
1.000000002544138
1.000000002892689
1.00000000327451
1.000000003690407
1.000000004140811
1.000000004625719
1.00000000514465
1.000000005696587
1.000000006279945
1.000000006892535
1.000000007531543
1.00000000819352
1.00000000887439
1.000000009569469
1.000000010273496
1.000000010980691
1.000000011684818
1.000000012379267
1.000000013057154
1.000000013711426
1.000000014334979
1.000000014920791
1.000000015462041
1.000000015952249
1.000000016385402
1.000000016756076
1.000000017059548
1.000000017291897
1.000000017450091
1.000000017532047
1.000000017536684
1.000000017463938
1.000000017314773
1.000000017091152
1.000000016795998
1.00000001643313
1.000000016007178
1.00000001552349
1.000000014988015
1.000000014407183
1.000000013787781
1.000000013136815
1.000000012461384
1.000000011768554
1.000000011065237
1.000000010358078
1.000000009653364
1.000000008956933
1.000000008274111
1.000000007609652
1.000000006967709
1.000000006351803
1.000000005764825
1.000000005209038
1.000000004686098
1.000000004197087
1.000000003742549
1.00000000332254
1.000000002936678
1.000000002584201
1.000000002264019
1.000000001974778
1.000000001714908
1.000000001482683
1.000000001276266
1.000000001093753
1.000000000933218
1.000000000792745
1.000000000670455
1.000000000564538
1.000000000473265
1.000000000395005
1.000000000328238
1.000000000271559
1.00000000022368
1.000000000183434
1.000000000149769
1.000000000121746
1.000000000098532
1.000000000079395
1.000000000063694
1.000000000050874
1.000000000040456
1.000000000032031
1.000000000025249
1.000000000019816
1.000000000015484
1.000000000012046
1.000000000009331
1.000000000007196
1.000000000005525
1.000000000004224
1.000000000003215
1.000000000002436
1.000000000001838
1.000000000001381
1.000000000001033
1.000000000000769
1.000000000000571
1.000000000000421
1.00000000000031
1.000000000000227
1.000000000000165
1.00000000000012
1.000000000000087
1.000000000000063
1.000000000000045
1.000000000000032
1.000000000000023
1.000000000000017
1.000000000000012
1.000000000000008
1.000000000000006
1.000000000000003
1.000000000000002
1.000000000000001
1
1
1
1
1
1
1
1
1
1
1
1
1
1
1
1
1
1
1
1
1
1
1
1
1
1
1
1
1
1
1
1
1
1
1
1
1
1
1
1
1
1
1
1
1
1
1
1
1
1
1
1
1
1
1
1
1
1
1
1
1
1
1
1
1
1
1
1
1
1
1
1
1
1
1
1
1
1
1
1
1
1
1
1
1
1.000000000000001
1.000000000000001
1.000000000000003
1.000000000000005
1.000000000000008
1.000000000000012
1.000000000000018
1.000000000000027
1.000000000000039
1.000000000000055
1.000000000000078
1.000000000000109
1.000000000000153
1.000000000000211
1.000000000000291
1.000000000000398
1.000000000000542
1.000000000000734
1.000000000000989
1.000000000001326
1.000000000001768
1.000000000002347
1.000000000003102
1.000000000006753
1.000000000008842
1.000000000011525
1.000000000014957
1.000000000019324
1.000000000024856
1.00000000003183
1.000000000040581
1.000000000051511
1.000000000065097
1.000000000081906
1.000000000102602
1.000000000127964
1.000000000158896
1.000000000196437
1.000000000241783
1.00000000029629
1.000000000361491
1.000000000439103
1.000000000531036
1.000000000639395
1.000000000766484
1.000000000914795
1.000000001087005
1.000000001285956
1.000000001514632
1.000000001776126
1.000000002073606
1.000000002410261
1.000000002789246
1.000000003213618
1.000000003686262
1.000000004209809
1.000000004786548
1.000000005418338
1.00000000610651
1.000000006851776
1.000000007654137
1.00000000851279
1.000000009426056
1.000000010391312
1.000000011404933
1.000000012462264
1.0000000135576
1.000000014684196
1.000000015834298
1.000000016999206
1.000000018169353
1.000000019334421
1.000000020483474
1.00000002160512
1.00000002268769
1.000000023719431
1.000000024688721
1.000000025584278
1.000000026395378
1.000000027112073
1.000000027725386
1.000000028227505
1.000000028611942
1.000000028873679
1.000000029009271
1.000000029016928
1.000000028896548
1.000000028649722
1.0000000282797
1.000000027791319
1.000000027190898
1.000000026486097
1.000000025685766
1.000000024799746
1.00000002383868
1.000000022813794
1.000000021736683
1.000000020619093
1.000000019472714
1.000000018308982
1.000000017138895
1.000000015972852
1.000000014820516
1.000000013690697
1.000000012591262
1.000000011529082
1.000000010509984
1.00000000953875
1.000000008619125
1.000000007753851
1.000000006944714
1.000000006192619
1.000000005497655
1.000000004859193
1.000000004275968
1.000000003746182
1.00000000326759
1.000000002837597
1.000000002453346
1.000000002111797
1.000000001809802
1.000000001544172
1.000000001311736
1.000000001109389
1.000000000934132
1.000000000783104
1.00000000065361
1.000000000543133
1.000000000449347
1.000000000370123
1.000000000303529
1.000000000247824
1.000000000201454
1.000000000163042
1.000000000131376
1.000000000105395
1.000000000084182
1.000000000066944
1.000000000053002
1.00000000004178
1.00000000003279
1.000000000025622
1.000000000019933
1.000000000015439
1.000000000011906
1.000000000009142
1.000000000006989
1.000000000005319
1.000000000004031
1.000000000003041
1.000000000002285
1.000000000001709
1.000000000001273
1.000000000000944
1.000000000000697
1.000000000000512
1.000000000000375
1.000000000000274
1.000000000000198
1.000000000000144
1.000000000000103
1.000000000000074
1.000000000000053
1.000000000000038
1.000000000000027
1.000000000000019
1.000000000000014
1.00000000000001
1.000000000000007
1.000000000000004
1.000000000000002
1.000000000000001
1
1
1
1
1
1
1
1
1
1
1
1
1
1
1
1
1
1
1
1
1
1
1
1
1
1
1
1
1
1
1
1
1
1
1
1
1
1
1
1
1
1
1
1
1
1
1
1
1
1
1
1
1
1
1
1
1
1
1
1
1
1
1
1
1
1
1
1
1
1
1
1
1
1
1
1
1
1
1
1
1
1
1
1.000000000000001
1.000000000000002
1.000000000000004
1.000000000000006
1.000000000000009
1.000000000000014
1.000000000000021
1.000000000000031
1.000000000000045
1.000000000000064
1.000000000000091
1.000000000000129
1.000000000000181
1.000000000000253
1.00000000000035
1.000000000000481
1.000000000000659
1.000000000000897
1.000000000001214
1.000000000001636
1.000000000002193
1.000000000002926
1.000000000003885
1.000000000005133
1.000000000011049
1.000000000014467
1.000000000018859
1.000000000024474
1.000000000031619
1.00000000004067
1.000000000052081
1.0000000000664
1.000000000084284
1.000000000106514
1.000000000134016
1.000000000167879
1.000000000209377
1.000000000259985
1.00000000032141
1.000000000395603
1.000000000484785
1.000000000591464
1.000000000718449
1.000000000868865
1.000000001046157
1.00000000125409
1.000000001496747
1.000000001778505
1.000000002104013
1.000000002478153
1.000000002905987
1.000000003392696
1.000000003943498
1.000000004563557
1.000000005257871
1.000000006031161
1.00000000688773
1.000000007831324
1.000000008864985
1.000000009990889
1.000000011210202
1.000000012522921
1.000000013927737
1.000000015421902
1.000000017001121
1.000000018659467
1.000000020389321
1.000000022181351
1.00000002402452
1.000000025906144
1.000000027811988
1.0000000297264
1.000000031632498
1.000000033512394
1.000000035347447
1.000000037118566
1.000000038806526
1.00000004039231
1.000000041857461
1.000000043184437
1.000000044356959
1.000000045360343
1.000000046181808
1.000000046810741
1.000000047238931
1.000000047460745
1.000000047473251
1.000000047276284
1.000000046872447
1.000000046267059
1.000000045468031
1.000000044485701
1.000000043332605
1.000000042023218
1.000000040573643
1.000000039001291
1.000000037324527
1.000000035562322
1.000000033733893
1.000000031858366
1.000000029954447
1.000000028040132
1.000000026132434
1.000000024247161
1.000000022398726
1.000000020600002
1.000000018862226
1.000000017194935
1.000000015605952
1.000000014101402
1.000000012685771
1.000000011361984
1.000000010131518
1.000000008994522
1.000000007949964
1.000000006995777
1.000000006129016
1.000000005346012
1.000000004642519
1.000000004013862
1.000000003455065
1.000000002960981
1.000000002526393
1.000000002146112
1.000000001815058
1.000000001528324
1.000000001281231
1.000000001069369
1.000000000888619
1.000000000735177
1.00000000060556
1.000000000496605
1.000000000405467
1.000000000329602
1.000000000266756
1.000000000214946
1.00000000017244
1.000000000137732
1.000000000109528
1.000000000086718
1.000000000068358
1.000000000053649
1.000000000041921
1.000000000032613
1.000000000025261
1.000000000019481
1.000000000014957
1.000000000011434
1.000000000008703
1.000000000006595
1.000000000004976
1.000000000003738
1.000000000002796
1.000000000002082
1.000000000001544
1.00000000000114
1.000000000000838
1.000000000000613
1.000000000000447
1.000000000000325
1.000000000000234
1.000000000000169
1.000000000000121
1.000000000000087
1.000000000000062
1.000000000000044
1.000000000000031
1.000000000000022
1.000000000000016
1.000000000000011
1.000000000000008
1.000000000000005
1.000000000000003
1.000000000000002
1
1
1
1
1
1
1
1
1
1
1
1
1
1
1
1
1
1
1
1
1
1
1
1
1
1
1
1
1
1
1
1
1
1
1
1
1
1
1
1
1
1
1
1
1
1
1
1
1
1
1
1
1
1
1
1
1
1
1
1
1
1
1
1
1
1
1
1
1
1
1
1
1
1
1
1
1
1
1
1
1
1.000000000000001
1.000000000000002
1.000000000000004
1.000000000000007
1.00000000000001
1.000000000000016
1.000000000000024
1.000000000000035
1.000000000000051
1.000000000000074
1.000000000000106
1.00000000000015
1.000000000000212
1.000000000000297
1.000000000000413
1.000000000000572
1.000000000000788
1.000000000001078
1.000000000001468
1.000000000001987
1.000000000002677
1.000000000003589
1.000000000004788
1.000000000006356
1.0000000000084
1.000000000017878
1.00000000002341
1.000000000030516
1.000000000039602
1.000000000051164
1.000000000065809
1.000000000084274
1.000000000107443
1.00000000013638
1.00000000017235
1.000000000216851
1.000000000271644
1.000000000338789
1.000000000420676
1.000000000520064
1.000000000640112
1.000000000784412
1.000000000957022
1.000000001162488
1.000000001405865
1.000000001692727
1.000000002029167
1.000000002421789
1.000000002877675
1.000000003404347
1.000000004009705
1.00000000470194
1.000000005489431
1.000000006380622
1.000000007383867
1.000000008507255
1.000000009758421
1.000000011144327
1.000000012671036
1.000000014343464
1.000000016165138
1.00000001813794
1.000000020261866
1.000000022534795
1.000000024952284
1.000000027507383
1.0000000301905
1.00000003298931
1.000000035888712
1.000000038870849
1.000000041915201
1.000000044998733
1.000000048096123
1.000000051180059
1.000000054221594
1.000000057190574
1.000000060056109
1.000000062787094
1.000000065352761
1.00000006772325
1.000000069870177
1.000000071767207
1.000000073390583
1.000000074719624
1.000000075737161
1.000000076429911
1.000000076788758
1.00000007680896
1.000000076490251
1.000000075836843
1.000000074857341
1.000000073564545
1.000000071975181
1.000000070109533
1.000000067991017
1.00000006564569
1.00000006310172
1.000000060388822
1.000000057537686
1.000000054579406
1.000000051544925
1.000000048464511
1.000000045367276
1.000000042280747
1.0000000392305
1.000000036239854
1.000000033329638
1.000000030518031
1.000000027820462
1.000000025249589
1.000000022815323
1.000000020524921
1.000000018383117
1.000000016392297
1.000000014552706
1.000000012862672
1.000000011318853
1.000000009916484
1.000000008649626
1.000000007511412
1.000000006494276
1.000000005590172
1.000000004790768
1.000000004087624
1.000000003472346
1.000000002936714
1.00000000247279
1.000000002073004
1.000000001730218
1.00000000143777
1.000000001189505
1.000000000979788
1.000000000803503
1.000000000656043
1.000000000533295
1.000000000431611
1.000000000347784
1.000000000279009
1.000000000222852
1.000000000177219
1.000000000140312
1.000000000110605
1.000000000086805
1.000000000067829
1.000000000052769
1.000000000040873
1.00000000003152
1.000000000024202
1.000000000018501
1.000000000014081
1.000000000010671
1.000000000008051
1.000000000006048
1.000000000004523
1.000000000003369
1.000000000002497
1.000000000001844
1.000000000001355
1.000000000000992
1.000000000000723
1.000000000000524
1.000000000000379
1.000000000000273
1.000000000000196
1.00000000000014
1.000000000000099
1.000000000000071
1.00000000000005
1.000000000000035
1.000000000000025
1.000000000000018
1.000000000000012
1.000000000000008
1.000000000000006
1.000000000000003
1.000000000000002
1.000000000000001
1
1
1
1
1
1
1
1
1
1
1
1
1
1
1
1
1
1
1
1
1
1
1
1
1
1
1
1
1
1
1
1
1
1
1
1
1
1
1
1
1
1
1
1
1
1
1
1
1
1
1
1
1
1
1
1
1
1
1
1
1
1
1
1
1
1
1
1
1
1
1
1
1
1
1
1
1
1
1.000000000000001
1.000000000000002
1.000000000000004
1.000000000000007
1.000000000000011
1.000000000000017
1.000000000000026
1.000000000000039
1.000000000000057
1.000000000000083
1.000000000000119
1.000000000000171
1.000000000000243
1.000000000000343
1.00000000000048
1.000000000000669
1.000000000000926
1.000000000001275
1.000000000001745
1.000000000002375
1.000000000003216
1.000000000004332
1.000000000005807
1.000000000007747
1.000000000010285
1.000000000013591
1.000000000028614
1.000000000037468
1.000000000048841
1.000000000063382
1.000000000081888
1.000000000105327
1.000000000134879
1.00000000017196
1.000000000218272
1.00000000027584
1.00000000034706
1.000000000434753
1.000000000542214
1.000000000673269
1.000000000832331
1.000000001024458
1.000000001255397
1.000000001531643
1.000000001860472
1.000000002249971
1.000000002709063
1.000000003247498
1.000000003875843
1.000000004605435
1.00000000544831
1.000000006417109
1.00000000752494
1.000000008785216
1.000000010211447
1.000000011816999
1.000000013614821
1.00000001561713
1.000000017835067
1.000000020278332
1.000000022954795
1.000000025870097
1.000000029027251
1.000000032426249
1.000000036063697
1.000000039932483
1.000000044021483
1.00000004831535
1.000000052794357
1.000000057434335
1.000000062206712
1.000000067078644
1.00000007201327
1.000000076970067
1.000000081905326
1.000000086772725
1.000000091524005
1.000000096109735
1.000000100480138
1.000000104585976
1.000000108379461
1.000000111815176
1.000000114850974
1.000000117448837
1.00000011957567
1.000000121204
1.000000122312567
1.000000122886788
1.000000122919073
1.000000122408995
1.000000121363299
1.000000119795751
1.000000117726839
1.000000115183328
1.000000112197681
1.000000108807369
1.000000105054093
1.000000100982927
1.000000096641427
1.000000092078706
1.000000087344523
1.000000082488396
1.000000077558762
1.000000072602211
1.000000067662794
1.000000062781439
1.000000057995464
1.000000053338201
1.000000048838742
1.000000044521782
1.000000040407571
1.000000036511974
1.000000032846603
1.000000029419034
1.000000026233087
1.000000023289151
1.000000020584554
1.000000018113946
1.000000015869701
1.000000013842316
1.000000012020802
1.000000010393051
1.000000008946186
1.000000007666875
1.000000006541612
1.000000005556962
1.00000000469977
1.000000003957335
1.000000003317541
1.000000002768965
1.000000002300947
1.000000001903638
1.000000001568018
1.000000001285899
1.000000001049911
1.00000000085347
1.00000000069074
1.000000000556586
1.00000000044652
1.000000000356649
1.000000000283619
1.000000000224554
1.000000000177011
1.000000000138923
1.000000000108553
1.000000000084451
1.000000000065413
1.000000000050445
1.000000000038732
1.000000000029609
1.000000000022536
1.000000000017077
1.000000000012885
1.000000000009679
1.000000000007239
1.000000000005391
1.000000000003997
1.00000000000295
1.000000000002169
1.000000000001587
1.000000000001156
1.000000000000839
1.000000000000606
1.000000000000436
1.000000000000313
1.000000000000223
1.000000000000159
1.000000000000113
1.000000000000079
1.000000000000056
1.00000000000004
1.000000000000028
1.00000000000002
1.000000000000013
1.000000000000009
1.000000000000006
1.000000000000004
1.000000000000002
1.000000000000001
1
1
1
1
1
1
1
1
1
1
1
1
1
1
1
1
1
1
1
1
1
1
1
1
1
1
1
1
1
1
1
1
1
1
1
1
1
1
1
1
1
1
1
1
1
1
1
1
1
1
1
1
1
1
1
1
1
1
1
1
1
1
1
1
1
1
1
1
1
1
1
1
1
1
1
1
1.000000000000001
1.000000000000002
1.000000000000005
1.000000000000008
1.000000000000012
1.000000000000018
1.000000000000028
1.000000000000042
1.000000000000062
1.000000000000091
1.000000000000132
1.000000000000191
1.000000000000273
1.000000000000388
1.000000000000548
1.000000000000769
1.000000000001071
1.000000000001483
1.000000000002041
1.000000000002793
1.000000000003801
1.000000000005147
1.000000000006934
1.000000000009294
1.000000000012399
1.000000000016461
1.000000000021753
1.000000000045307
1.000000000059326
1.000000000077334
1.000000000100358
1.000000000129658
1.000000000166771
1.00000000021356
1.000000000272273
1.0000000003456
1.000000000436748
1.000000000549513
1.000000000688358
1.000000000858501
1.000000001066
1.000000001317844
1.000000001622036
1.00000000198768
1.000000002425057
1.000000002945684
1.00000000356237
1.000000004289237
1.000000005141725
1.000000006136564
1.000000007291699
1.000000008626189
1.000000010160045
1.000000011914023
1.000000013909355
1.00000001616743
1.000000018709411
1.000000021555797
1.000000024725929
1.000000028237445
1.000000032105704
1.000000036343162
1.00000004095875
1.000000045957236
1.000000051338609
1.000000057097494
1.000000063222627
1.0000000696964
1.000000076494512
1.000000083585731
1.000000090931792
1.000000098487458
1.000000106200732
1.000000114013254
1.000000121860868
1.000000129674372
1.00000013738043
1.00000014490264
1.000000152162742
1.00000015908193
1.000000165582251
1.000000171588048
1.000000177027418
1.000000181833633
1.000000185946507
1.000000189313644
1.00000019189155
1.000000193646566
1.000000194555605
1.000000194606654
1.000000193799036
1.00000019214343
1.000000189661632
1.000000186386081
1.000000182359147
1.000000177632227
1.000000172264647
1.000000166322426
1.000000159876927
1.000000153003438
1.000000145779715
1.000000138284536
1.000000130596297
1.000000122791685
1.000000114944457
1.000000107124358
1.000000099396182
1.00000009181901
1.000000084445617
1.000000077322058
1.000000070487428
1.000000063973792
1.000000057806263
1.000000052003227
1.000000046576678
1.000000041532663
1.000000036871801
1.000000032589858
1.000000028678367
1.000000025125253
1.000000021915473
1.000000019031627
1.000000016454548
1.000000014163849
1.000000012138421
1.000000010356882
1.000000008797963
1.000000007440838
1.000000006265396
1.000000005252458
1.000000004383937
1.000000003642958
1.000000003013926
1.00000000248256
1.000000002035899
1.000000001662274
1.00000000135126
1.000000001093619
1.00000000088122
1.000000000706958
1.000000000564671
1.000000000449045
1.00000000035553
1.000000000280257
1.000000000219954
1.00000000017187
1.00000000013371
1.000000000103568
1.000000000079869
1.000000000061324
1.000000000046879
1.00000000003568
1.000000000027038
1.0000000000204
1.000000000015324
1.000000000011461
1.000000000008535
1.000000000006328
1.000000000004671
1.000000000003433
1.000000000002512
1.000000000001831
1.000000000001328
1.000000000000959
1.00000000000069
1.000000000000494
1.000000000000353
1.000000000000251
1.000000000000177
1.000000000000125
1.000000000000088
1.000000000000062
1.000000000000044
1.000000000000031
1.000000000000021
1.000000000000014
1.00000000000001
1.000000000000006
1.000000000000004
1.000000000000002
1.000000000000001
1
1
1
1
1
1
1
1
1
1
1
1
1
1
1
1
1
1
1
1
1
1
1
1
1
1
1
1
1
1
1
1
1
1
1
1
1
1
1
1
1
1
1
1
1
1
1
1
1
1
1
1
1
1
1
1
1
1
1
1
1
1
1
1
1
1
1
1
1
1
1
1
1
1
1.000000000000001
1.000000000000002
1.000000000000005
1.000000000000008
1.000000000000012
1.000000000000019
1.00000000000003
1.000000000000044
1.000000000000066
1.000000000000098
1.000000000000144
1.000000000000209
1.000000000000302
1.000000000000433
1.000000000000615
1.000000000000868
1.000000000001217
1.000000000001696
1.000000000002347
1.000000000003231
1.000000000004422
1.000000000006019
1.00000000000815
1.000000000010979
1.000000000014717
1.000000000019632
1.000000000026064
1.000000000034443
1.000000000070985
1.00000000009295
1.000000000121165
1.000000000157237
1.000000000203143
1.000000000261289
1.000000000334595
1.000000000426582
1.000000000541465
1.000000000684269
1.000000000860939
1.000000001078469
1.000000001345033
1.000000001670123
1.000000002064686
1.000000002541262
1.000000003114113
1.000000003799345
1.000000004615003
1.000000005581153
1.000000006719919
1.00000000805549
1.000000009614074
1.000000011423786
1.000000013514484
1.000000015917517
1.0000000186654
1.000000021791397
1.000000025329016
1.000000029311411
1.000000033770696
1.000000038737166
1.000000044238458
1.000000050298627
1.000000056937189
1.000000064168135
1.000000071998931
1.000000080429559
1.000000089451597
1.000000099047398
1.000000109189376
1.000000119839459
1.000000130948715
1.000000142457202
1.000000154294044
1.000000166377785
1.000000178616994
1.000000190911167
1.000000203151889
1.000000215224271
1.000000227008623
1.00000023838234
1.000000249221965
1.000000259405378
1.000000268814056
1.000000277335352
1.000000284864737
1.000000291307921
1.00000029658282
1.0000003006213
1.000000303370632
1.000000304794649
1.00000030487453
1.000000303609219
1.000000301015445
1.000000297127355
1.000000291995768
1.000000285687064
1.000000278281761
1.000000269872798
1.000000260563603
1.000000250465974
1.000000239697855
1.000000228381061
1.000000216639004
1.000000204594501
1.000000192367689
1.000000180074116
1.000000167823044
1.000000155715981
1.000000143845482
1.000000132294223
1.000000121134356
1.000000110427127
1.000000100222769
1.000000090560626
1.000000081469498
1.000000072968177
1.000000065066137
1.000000057764347
1.000000051056175
1.000000044928356
1.000000039361975
1.000000034333465
1.000000029815566
1.000000025778252
1.000000022189585
1.000000019016496
1.000000016225488
1.00000001378324
1.000000011657126
1.000000009815641
1.000000008228737
1.000000006868082
1.000000005707236
1.000000004721769
1.00000000388931
1.000000003189552
1.000000002604214
1.000000002116965
1.000000001713331
1.000000001380576
1.000000001107568
1.000000000884653
1.000000000703506
1.000000000557
1.000000000439073
1.000000000344597
1.000000000269266
1.000000000209482
1.000000000162258
1.000000000125131
1.000000000096076
1.000000000073446
1.0000000000559
1.000000000042361
1.00000000003196
1.000000000024008
1.000000000017956
1.000000000013371
1.000000000009913
1.000000000007318
1.000000000005378
1.000000000003936
1.000000000002867
1.00000000000208
1.000000000001503
1.000000000001081
1.000000000000774
1.000000000000552
1.000000000000392
1.000000000000278
1.000000000000195
1.000000000000137
1.000000000000096
1.000000000000068
1.000000000000047
1.000000000000033
1.000000000000022
1.000000000000015
1.00000000000001
1.000000000000006
1.000000000000004
1.000000000000002
1.000000000000001
1
1
1
1
1
1
1
1
1
1
1
1
1
1
1
1
1
1
1
1
1
1
1
1
1
1
1
1
1
1
1
1
1
1
1
1
1
1
1
1
1
1
1
1
1
1
1
1
1
1
1
1
1
1
1
1
1
1
1
1
1
1
1
1
1
1
1
1
1
1
1
1
1.000000000000001
1.000000000000002
1.000000000000005
1.000000000000008
1.000000000000012
1.000000000000019
1.00000000000003
1.000000000000046
1.00000000000007
1.000000000000104
1.000000000000154
1.000000000000226
1.000000000000328
1.000000000000473
1.000000000000678
1.000000000000964
1.00000000000136
1.000000000001907
1.000000000002657
1.000000000003678
1.000000000005062
1.000000000006928
1.00000000000943
1.000000000012769
1.000000000017202
1.000000000023058
1.000000000030759
1.000000000040837
1.000000000053965
1.000000000110078
1.000000000144138
1.00000000018789
1.000000000243827
1.000000000315012
1.000000000405177
1.000000000518851
1.000000000661491
1.000000000839636
1.000000001061076
1.000000001335029
1.000000001672342
1.000000002085687
1.000000002589785
1.000000003201608
1.000000003940602
1.000000004828882
1.00000000589142
1.000000007156199
1.000000008654329
1.000000010420117
1.000000012491073
1.000000014907829
1.000000017713983
1.00000002095583
1.000000024681978
1.000000028942845
1.000000033790008
1.000000039275422
1.000000045450494
1.000000052365017
1.000000060065967
1.000000068596192
1.000000077992991
1.000000088286624
1.000000099498781
1.000000111641039
1.000000124713367
1.000000138702706
1.000000153581687
1.00000016930754
1.000000185821226
1.000000203046874
1.000000220891536
1.000000239245317
1.00000025798191
1.000000276959548
1.000000296022391
1.000000315002337
1.000000333721243
1.000000351993523
1.000000369629072
1.000000386436465
1.000000402226348
1.000000416814945
1.000000430027597
1.000000441702222
1.000000451692624
1.000000459871529
1.00000046613329
1.000000470396155
1.000000472604044
1.000000472727776
1.000000470765715
1.000000466743802
1.000000460714986
1.000000452758064
1.000000442975964
1.000000431493531
1.000000418454877
1.000000404020368
1.000000388363356
1.000000371666718
1.000000354119334
1.000000335912562
1.000000317236833
1.000000298278426
1.000000279216506
1.000000260220487
1.000000241447762
1.000000223041842
1.000000205130923
1.000000187826876
1.00000017122467
1.000000155402191
1.000000140420444
1.000000126324088
1.000000113142259
1.000000100889648
1.000000089567757
1.000000079166305
1.000000069664721
1.000000061033679
1.000000053236635
1.000000046231326
1.000000039971192
1.000000034406711
1.00000002948661
1.00000002515895
1.000000021372064
1.000000018075365
1.000000015220001
1.000000012759383
1.000000010649578
1.000000008849592
1.000000007321544
1.000000006030745
1.00000000494571
1.000000004038091
1.000000003282568
1.000000002656698
1.000000002140728
1.000000001717404
1.000000001371752
1.000000001090865
1.000000000863693
1.000000000680834
1.000000000534339
1.00000000041753
1.000000000324828
1.000000000251602
1.000000000194031
1.000000000148979
1.000000000113888
1.000000000086682
1.000000000065687
1.000000000049559
1.000000000037228
1.000000000027843
1.000000000020733
1.000000000015372
1.000000000011347
1.00000000000834
1.000000000006103
1.000000000004446
1.000000000003225
1.00000000000233
1.000000000001676
1.0000000000012
1.000000000000856
1.000000000000608
1.00000000000043
1.000000000000303
1.000000000000212
1.000000000000149
1.000000000000104
1.000000000000072
1.00000000000005
1.000000000000035
1.000000000000024
1.000000000000016
1.00000000000001
1.000000000000006
1.000000000000004
1.000000000000002
1.000000000000001
1
1
1
1
1
1
1
1
1
1
1
1
1
1
1
1
1
1
1
1
1
1
1
1
1
1
1
1
1
1
1
1
1
1
1
1
1
1
1
1
1
1
1
1
1
1
1
1
1
1
1
1
1
1
1
1
1
1
1
1
1
1
1
1
1
1
1
1
1
1
1.000000000000001
1.000000000000002
1.000000000000004
1.000000000000008
1.000000000000012
1.00000000000002
1.000000000000031
1.000000000000047
1.000000000000072
1.000000000000108
1.000000000000161
1.000000000000239
1.00000000000035
1.000000000000509
1.000000000000735
1.000000000001052
1.000000000001495
1.000000000002109
1.000000000002957
1.00000000000412
1.000000000005704
1.000000000007851
1.000000000010744
1.000000000014625
1.000000000019802
1.000000000026675
1.000000000035757
1.000000000047698
1.000000000063327
1.000000000083684
1.00000000016899
1.000000000221279
1.000000000288445
1.000000000374318
1.000000000483598
1.000000000622016
1.000000000796523
1.000000001015496
1.000000001288975
1.000000001628915
1.000000002049471
1.00000000256729
1.000000003201829
1.000000003975682
1.000000004914906
1.000000006049351
1.000000007412965
1.000000009044082
1.000000010985657
1.000000013285449
1.000000015996121
1.00000001917525
1.000000022885213
1.000000027192933
1.000000032169477
1.000000037889462
1.000000044430279
1.000000051871102
1.000000060291685
1.00000006977094
1.000000080385298
1.000000092206873
1.000000105301434
1.000000119726237
1.000000135527729
1.000000152739203
1.000000171378429
1.000000191445357
1.000000212919937
1.000000235760155
1.00000025990035
1.000000285249896
1.000000311692324
1.000000339084949
1.000000367259077
1.000000396020817
1.000000425152549
1.00000045441505
1.000000483550272
1.000000512284758
1.000000540333624
1.000000567405051
1.000000593205191
1.000000617443378
1.000000639837512
1.00000066011948
1.000000678040484
1.000000693376105
1.000000705930977
1.000000715542928
1.000000722086468
1.000000725475511
1.00000072566527
1.000000722653232
1.000000716479222
1.000000707224521
1.000000695010085
1.000000679993917
1.000000662367662
1.000000642352536
1.000000620194712
1.000000596160291
1.00000057053
1.000000543593776
1.000000515645366
1.000000486977087
1.000000457874888
1.000000428613794
1.000000399453863
1.0000003706367
1.000000342382602
1.000000314888355
1.000000288325688
1.000000262840378
1.000000238551989
1.000000215554164
1.000000193915457
1.000000173680596
1.00000015487213
1.000000137492365
1.000000121525523
1.000000106940022
1.00000009369085
1.000000081721911
1.000000070968324
1.000000061358623
1.000000052816788
1.000000045264113
1.000000038620867
1.000000032807741
1.000000027747082
1.000000023363899
1.000000019586675
1.000000016347971
1.000000013584861
1.00000001123919
1.000000009257716
1.000000007592102
1.000000006198834
1.000000005039045
1.00000000407828
1.000000003286223
1.000000002636383
1.000000002105776
1.000000001674589
1.000000001325859
1.000000001045153
1.00000000082027
1.000000000640955
1.000000000498648
1.000000000386239
1.000000000297861
1.000000000228701
1.000000000174832
1.000000000133067
1.000000000100837
1.000000000076079
1.00000000005715
1.000000000042743
1.000000000031829
1.000000000023598
1.000000000017419
1.000000000012802
1.000000000009368
1.000000000006825
1.000000000004951
1.000000000003576
1.000000000002572
1.000000000001842
1.000000000001313
1.000000000000932
1.000000000000659
1.000000000000464
1.000000000000326
1.000000000000227
1.000000000000159
1.00000000000011
1.000000000000076
1.000000000000052
1.000000000000036
1.000000000000024
1.000000000000016
1.00000000000001
1.000000000000006
1.000000000000004
1.000000000000002
1
1
1
1
1
1
1
1
1
1
1
1
1
1
1
1
1
1
1
1
1
1
1
1
1
1
1
1
1
1
1
1
1
1
1
1
1
1
1
1
1
1
1
1
1
1
1
1
1
1
1
1
1
1
1
1
1
1
1
1
1
1
1
1
1
1
1
1
1
1.000000000000001
1.000000000000002
1.000000000000004
1.000000000000007
1.000000000000012
1.000000000000019
1.00000000000003
1.000000000000047
1.000000000000072
1.00000000000011
1.000000000000166
1.000000000000248
1.000000000000367
1.000000000000538
1.000000000000782
1.000000000001128
1.000000000001615
1.000000000002295
1.000000000003239
1.000000000004541
1.000000000006325
1.000000000008757
1.000000000012052
1.000000000016495
1.000000000022452
1.0000000000304
1.000000000040952
1.000000000054894
1.000000000073227
1.000000000097219
1.000000000128471
1.000000000256904
1.000000000336395
1.000000000438501
1.000000000569046
1.000000000735173
1.000000000945596
1.000000001210881
1.000000001543762
1.000000001959502
1.000000002476275
1.000000003115596
1.000000003902774
1.000000004867386
1.000000006043777
1.000000007471558
1.000000009196104
1.000000011269023
1.000000013748586
1.00000001670009
1.000000020196135
1.000000024316777
1.000000029149538
1.000000034789238
1.00000004133761
1.000000048902682
1.00000005759788
1.000000067540847
1.000000078851936
1.000000091652381
1.000000106062134
1.00000012219738
1.000000140167734
1.000000160073173
1.000000182000728
1.000000206021003
1.000000232184602
1.000000260518535
1.00000029102272
1.000000323666678
1.000000358386538
1.000000395082487
1.000000433616757
1.000000473812299
1.000000515452216
1.000000558280071
1.000000602001128
1.000000646284578
1.000000690766774
1.000000735055459
1.000000778734945
1.000000821372179
1.000000862523568
1.000000901742435
1.000000938586935
1.000000972628249
1.000001003458823
1.00000103070046
1.000001054012023
1.000001073096538
1.000001087707491
1.000001097654126
1.000001102805591
1.000001103093804
1.00000109851495
1.00000108912957
1.00000107506122
1.00000105649377
1.000001033667401
1.000001006873434
1.000000976448143
1.000000942765737
1.000000906230714
1.000000867269812
1.000000826323763
1.00000078383909
1.000000740260149
1.000000696021608
1.000000651541534
1.00000060721524
1.000000563409991
1.000000520460662
1.000000478666386
1.000000438288207
1.000000399547726
1.000000362626688
1.000000327667443
1.000000294774199
1.000000264014948
1.000000235423967
1.000000209004765
1.000000184733352
1.000000162561729
1.000000142421467
1.000000124227296
1.000000107880596
1.000000093272725
1.000000080288128
1.000000068807164
1.000000058708634
1.000000049871981
1.000000042179161
1.000000035516184
1.000000029774334
1.000000024851099
1.00000002065082
1.000000017085102
1.000000014073004
1.000000011541053
1.000000009423101
1.000000007660066
1.000000006199574
1.000000004995539
1.000000004007693
1.000000003201095
1.000000002545629
1.00000000201551
1.000000001588796
1.00000000124694
1.000000000974355
1.000000000758026
1.000000000587147
1.000000000452799
1.000000000347665
1.000000000265775
1.000000000202285
1.00000000015329
1.000000000115654
1.000000000086878
1.000000000064977
1.000000000048385
1.000000000035872
1.00000000002648
1.000000000019462
1.000000000014241
1.000000000010376
1.000000000007527
1.000000000005436
1.00000000000391
1.0000000000028
1.000000000001996
1.000000000001417
1.000000000001001
1.000000000000705
1.000000000000494
1.000000000000345
1.00000000000024
1.000000000000166
1.000000000000115
1.000000000000079
1.000000000000054
1.000000000000037
1.000000000000024
1.000000000000016
1.00000000000001
1.000000000000006
1.000000000000003
1.000000000000001
1
1
1
1
1
1
1
1
1
1
1
1
1
1
1
1
1
1
1
1
1
1
1
1
1
1
1
1
1
1
1
1
1
1
1
1
1
1
1
1
1
1
1
1
1
1
1
1
1
1
1
1
1
1
1
1
1
1
1
1
1
1
1
1
1
1
1
1
1.000000000000002
1.000000000000004
1.000000000000007
1.000000000000011
1.000000000000018
1.000000000000029
1.000000000000046
1.000000000000072
1.00000000000011
1.000000000000168
1.000000000000252
1.000000000000377
1.000000000000557
1.000000000000817
1.000000000001189
1.000000000001715
1.000000000002455
1.000000000003489
1.000000000004924
1.000000000006903
1.000000000009616
1.000000000013313
1.000000000018323
1.000000000025077
1.000000000034133
1.000000000046216
1.000000000062258
1.000000000083453
1.000000000111322
1.000000000147796
1.000000000195306
1.000000000386857
1.000000000506558
1.000000000660311
1.000000000856888
1.000000001107045
1.000000001423903
1.000000001823372
1.000000002324627
1.000000002950649
1.000000003728807
1.000000004691497
1.000000005876825
1.000000007329331
1.000000009100728
1.000000011250663
1.000000013847459
1.000000016968825
1.000000020702502
1.000000025146812
1.00000003041107
1.000000036615823
1.000000043892856
1.000000052384943
1.000000062245267
1.000000073636489
1.0000000867294
1.000000101701137
1.000000118732918
1.000000138007289
1.000000159704866
1.000000184000586
1.000000211059501
1.000000241032146
1.000000274049561
1.000000310218054
1.000000349613817
1.000000392277516
1.000000438209022
1.000000487362436
1.000000539641583
1.000000594896164
1.000000652918734
1.000000713442699
1.000000776141468
1.000000840628912
1.000000906461233
1.000000973140321
1.00000104011862
1.000001106805493
1.00000117257503
1.000001236775169
1.000001298737979
1.000001357790887
1.0000014132686
1.000001464525433
1.000001510947725
1.000001551966018
1.000001587066656
1.000001615802484
1.000001637802321
1.000001652778947
1.000001660535336
1.000001660968982
1.000001654074147
1.000001639941987
1.000001618758551
1.0000015908007
1.000001556430082
1.000001516085349
1.000001470272838
1.000001419556008
1.000001364543924
1.000001305879135
1.000001244225263
1.00000118025465
1.000001114636375
1.000001048024926
1.0000009810498
1.000000914306228
1.000000848347211
1.00000078367698
1.000000720745944
1.000000659947167
1.000000601614319
1.000000546021057
1.000000493381723
1.000000443853225
1.000000397537943
1.00000035448749
1.000000314707146
1.000000278160795
1.00000024477616
1.00000021445021
1.00000018705455
1.000000162440685
1.000000140445034
1.0000001208936
1.000000103606238
1.000000088400456
1.000000075094727
1.00000006351131
1.000000053478565
1.000000044832798
1.000000037419651
1.000000031095089
1.00000002572601
1.000000021190542
1.000000017378052
1.000000014188939
1.000000011534241
1.000000009335096
1.000000007522111
1.000000006034653
1.00000000482011
1.000000003833134
1.000000003034899
1.000000002392368
1.000000001877612
1.000000001467163
1.000000001141421
1.000000000884115
1.000000000681818
1.000000000523509
1.0000000004002
1.000000000304599
1.000000000230823
1.000000000174151
1.000000000130821
1.000000000097842
1.000000000072858
1.000000000054017
1.000000000039873
1.000000000029305
1.000000000021444
1.000000000015623
1.000000000011333
1.000000000008186
1.000000000005886
1.000000000004215
1.000000000003005
1.000000000002133
1.000000000001507
1.000000000001061
1.000000000000744
1.000000000000519
1.000000000000361
1.00000000000025
1.000000000000172
1.000000000000118
1.000000000000081
1.000000000000055
1.000000000000037
1.000000000000024
1.000000000000016
1.00000000000001
1.000000000000006
1.000000000000003
1.000000000000001
1
1
1
1
1
1
1
1
1
1
1
1
1
1
1
1
1
1
1
1
1
1
1
1
1
1
1
1
1
1
1
1
1
1
1
1
1
1
1
1
1
1
1
1
1
1
1
1
1
1
1
1
1
1
1
1
1
1
1
1
1
1
1
1
1
1
1.000000000000001
1.000000000000003
1.000000000000006
1.00000000000001
1.000000000000017
1.000000000000028
1.000000000000044
1.00000000000007
1.000000000000108
1.000000000000166
1.000000000000252
1.000000000000381
1.000000000000568
1.00000000000084
1.000000000001231
1.00000000000179
1.000000000002582
1.000000000003697
1.000000000005254
1.000000000007415
1.000000000010395
1.00000000001448
1.000000000020047
1.000000000027592
1.000000000037762
1.0000000000514
1.000000000069595
1.000000000093752
1.000000000125668
1.000000000167635
1.000000000222559
1.000000000294101
1.000000000577203
1.000000000755798
1.0000000009852
1.000000001278494
1.000000001651731
1.000000002124485
1.000000002720492
1.000000003468364
1.000000004402386
1.000000005563392
1.000000006999715
1.00000000876821
1.000000010935327
1.000000013578221
1.000000016785882
1.000000020660245
1.000000025317247
1.000000030887794
1.000000037518578
1.000000045372692
1.000000054629981
1.000000065487065
1.000000078156951
1.000000092868179
1.000000109863429
1.000000129397509
1.000000151734694
1.00000017714535
1.00000020590182
1.000000238273566
1.000000274521584
1.000000314892114
1.00000035960974
1.00000040886996
1.000000462831375
1.000000521607649
1.000000585259448
1.000000653786576
1.000000727120545
1.000000805117863
1.000000887554288
1.000000974120321
1.000001064418216
1.000001157960716
1.000001254171738
1.000001352389166
1.000001451869848
1.000001551796868
1.000001651289038
1.000001749412542
1.000001845194552
1.000001937638564
1.000002025741149
1.000002108509744
1.000002184981035
1.00000225423949
1.000002315435523
1.000002367802804
1.000002410674216
1.000002443495993
1.000002465839624
1.000002477411173
1.00000247805771
1.00000246777068
1.000002446686089
1.00000241508151
1.000002373370003
1.000002322091125
1.000002261899314
1.000002193549989
1.000002117883789
1.000002035809398
1.00000194828545
1.000001856302019
1.000001760862191
1.000001662964179
1.000001563584434
1.000001463662114
1.000001364085262
1.000001265678912
1.000001169195339
1.000001075306521
1.000000984598879
1.000000897570223
1.000000814628831
1.000000736094487
1.000000662201286
1.000000593101971
1.000000528873546
1.000000469523892
1.000000414999124
1.000000365191414
1.000000319947047
1.000000279074469
1.000000242352137
1.000000209536
1.00000018036647
1.000000154574782
1.000000131888671
1.000000112037315
1.000000094755537
1.000000079787262
1.000000066888268
1.000000055828268
1.000000046392368
1.000000038381993
1.000000031615314
1.000000025927275
1.00000002116928
1.000000017208602
1.000000013927584
1.000000011222694
1.000000009003474
1.000000007191428
1.000000005718904
1.000000004527969
1.000000003569338
1.000000002801341
1.000000002188965
1.00000000170297
1.000000001319078
1.000000001017256
1.000000000781065
1.000000000597091
1.000000000454457
1.000000000344384
1.000000000259832
1.000000000195183
1.000000000145979
1.000000000108703
1.000000000080592
1.000000000059491
1.000000000043723
1.000000000031994
1.00000000002331
1.000000000016909
1.000000000012212
1.000000000008782
1.000000000006288
1.000000000004483
1.000000000003182
1.000000000002249
1.000000000001582
1.000000000001109
1.000000000000774
1.000000000000538
1.000000000000372
1.000000000000256
1.000000000000176
1.00000000000012
1.000000000000081
1.000000000000055
1.000000000000037
1.000000000000024
1.000000000000015
1.00000000000001
1.000000000000005
1.000000000000003
1.000000000000001
1
1
1
1
1
1
1
1
1
1
1
1
1
1
1
1
1
1
1
1
1
1
1
1
1
1
1
1
1
1
1
1
1
1
1
1
1
1
1
1
1
1
1
1
1
1
1
1
1
1
1
1
1
1
1
1
1
1
1
1
1
1
1
1
1.000000000000001
1.000000000000002
1.000000000000005
1.000000000000009
1.000000000000016
1.000000000000026
1.000000000000042
1.000000000000066
1.000000000000104
1.000000000000161
1.000000000000248
1.000000000000377
1.000000000000568
1.000000000000847
1.000000000001253
1.000000000001837
1.000000000002671
1.000000000003853
1.000000000005516
1.000000000007839
1.000000000011063
1.00000000001551
1.000000000021606
1.000000000029912
1.000000000041169
1.000000000056343
1.000000000076691
1.000000000103839
1.000000000139882
1.000000000187502
1.000000000250119
1.000000000332066
1.00000000043881
1.000000000853567
1.00000000111767
1.000000001456905
1.000000001890623
1.000000002442556
1.000000003141652
1.00000000402301
1.000000005128939
1.000000006510139
1.000000008226991
1.00000001035097
1.000000012966147
1.000000016170785
1.000000020078975
1.00000002482231
1.000000030551524
1.000000037438056
1.000000045675481
1.000000055480714
1.000000067094925
1.000000080784055
1.000000096838846
1.000000115574277
1.000000137328295
1.000000162459748
1.000000191345427
1.000000224376116
1.000000261951605
1.000000304474607
1.000000352343579
1.000000405944449
1.000000465641333
1.000000531766317
1.000000604608482
1.000000684402345
1.000000771315974
1.000000865439069
1.000000966771329
1.000001075211477
1.000001190547318
1.000001312447254
1.000001440453621
1.00000157397826
1.000001712300653
1.000001854568937
1.000001999804029
1.000002146907024
1.000002294669939
1.000002441789751
1.000002586885625
1.000002728519031
1.000002865216437
1.000002995494071
1.000003117884227
1.000003230962454
1.000003333374958
1.000003423865458
1.000003501300787
1.000003564694482
1.000003613227695
1.000003646266796
1.000003663377145
1.000003664332614
1.000003649120557
1.000003617942095
1.000003571207682
1.000003509528117
1.000003433701246
1.000003344694795
1.000003243625807
1.000003131737341
1.000003010373069
1.000002880950527
1.000002744933743
1.000002603805984
1.000002459043311
1.0000023120896
1.000002164333591
1.000002017088433
1.000001871574107
1.000001728903003
1.000001590068779
1.000001455938575
1.000001327248507
1.000001204602297
1.000001088472811
1.000000979206207
1.000000877028349
1.000000782053103
1.000000694292125
1.000000613665734
1.00000054001449
1.000000473111093
1.000000412672292
1.000000358370494
1.000000309844819
1.000000266711414
1.000000228572856
1.000000195026547
1.000000165672021
1.000000140117159
1.000000117983301
1.000000098909317
1.000000082554677
1.000000068601619
1.000000056756505
1.000000046750464
1.000000038339429
1.000000031303665
1.000000025446908
1.000000020595179
1.000000016595384
1.000000013313758
1.000000010634232
1.000000008456763
1.000000006695689
1.000000005278129
1.000000004142464
1.000000003236921
1.00000000251826
1.000000001950584
1.000000001504267
1.000000001155
1.000000000882951
1.00000000067203
1.00000000050926
1.000000000384228
1.000000000288628
1.000000000215868
1.000000000160746
1.000000000119177
1.000000000087973
1.000000000064656
1.000000000047312
1.00000000003447
1.000000000025004
1.000000000018059
1.000000000012986
1.000000000009298
1.000000000006628
1.000000000004705
1.000000000003325
1.000000000002339
1.000000000001639
1.000000000001144
1.000000000000794
1.00000000000055
1.000000000000378
1.00000000000026
1.000000000000177
1.00000000000012
1.000000000000081
1.000000000000054
1.000000000000036
1.000000000000023
1.000000000000014
1.000000000000009
1.000000000000005
1.000000000000002
1.000000000000001
1
1
1
1
1
1
1
1
1
1
1
1
1
1
1
1
1
1
1
1
1
1
1
1
1
1
1
1
1
1
1
1
1
1
1
1
1
1
1
1
1
1
1
1
1
1
1
1
1
1
1
1
1
1
1
1
1
1
1
1
1
1
1.000000000000001
1.000000000000002
1.000000000000005
1.000000000000008
1.000000000000014
1.000000000000024
1.000000000000039
1.000000000000062
1.000000000000098
1.000000000000154
1.000000000000239
1.000000000000367
1.000000000000558
1.00000000000084
1.000000000001253
1.000000000001853
1.000000000002716
1.00000000000395
1.000000000005697
1.000000000008157
1.000000000011593
1.000000000016361
1.000000000022937
1.000000000031951
1.000000000044235
1.000000000060882
1.000000000083322
1.000000000113412
1.000000000153559
1.000000000206859
1.000000000277281
1.000000000369878
1.000000000491061
1.000000000648912
1.000000001251452
1.000000001638661
1.000000002136024
1.000000002771909
1.000000003581112
1.000000004606072
1.000000005898248
1.00000000751967
1.000000009544667
1.000000012061766
1.000000015175754
1.000000019009888
1.000000023708228
1.000000029438044
1.00000003639226
1.000000044791865
1.000000054888204
1.00000006696507
1.000000081340479
1.000000098368004
1.000000118437533
1.000000141975317
1.000000169443134
1.000000201336436
1.000000238181322
1.000000280530188
1.000000328955948
1.000000384044718
1.000000446386899
1.000000516566647
1.000000595149757
1.000000682670036
1.00000077961434
1.00000088640647
1.000001003390232
1.000001130812016
1.00000126880332
1.000001417363689
1.000001576344632
1.00000174543505
1.000001924148786
1.000002111814865
1.000002307571
1.000002510360856
1.000002718935541
1.00000293185965
1.000003147522118
1.000003364151957
1.000003579838858
1.000003792558428
1.000004000201696
1.000004200608375
1.000004391603171
1.00000457103434
1.000004736813561
1.000004886956094
1.000005019620168
1.0000051331445
1.000005226082885
1.000005297234854
1.000005345671477
1.000005370755559
1.000005372155589
1.000005349853039
1.000005304142771
1.000005235626545
1.000005145199831
1.00000503403233
1.000004903542785
1.000004755368854
1.000004591332935
1.000004413404936
1.000004223663048
1.000004024253624
1.000003817351219
1.000003605119826
1.000003389676254
1.000003173056476
1.000002957185643
1.000002743852322
1.000002534687341
1.000002331147461
1.000002134503962
1.000001945836032
1.000001766028765
1.000001595775412
1.000001435583463
1.000001285784049
1.000001146544105
1.000001017880723
1.000000899677088
1.00000079169945
1.000000693614579
1.000000605007213
1.000000525397082
1.000000454255116
1.000000391018563
1.000000335104781
1.000000285923535
1.000000242887718
1.000000205422461
1.000000172972627
1.000000145008775
1.000000121031666
1.000000100575443
1.000000083209614
1.000000068539996
1.000000056208769
1.000000045893791
1.000000037307322
1.000000030194299
1.000000024330275
1.000000019519142
1.000000015590734
1.000000012398381
1.000000009816496
1.000000007738229
1.000000006073244
1.000000004745637
1.000000003692015
1.00000000285975
1.000000002205407
1.000000001693349
1.000000001294498
1.000000000985267
1.00000000074663
1.000000000563321
1.000000000423161
1.000000000316488
1.000000000235672
1.000000000174727
1.000000000128978
1.000000000094793
1.000000000069365
1.000000000050536
1.000000000036658
1.000000000026476
1.000000000019039
1.000000000013632
1.000000000009717
1.000000000006897
1.000000000004874
1.00000000000343
1.000000000002403
1.000000000001676
1.000000000001164
1.000000000000805
1.000000000000554
1.00000000000038
1.000000000000259
1.000000000000176
1.000000000000119
1.000000000000079
1.000000000000053
1.000000000000035
1.000000000000022
1.000000000000014
1.000000000000009
1.000000000000005
1.000000000000002
1.000000000000001
1
1
1
1
1
1
1
1
1
1
1
1
1
1
1
1
1
1
1
1
1
1
1
1
1
1
1
1
1
1
1
1
1
1
1
1
1
1
1
1
1
1
1
1
1
1
1
1
1
1
1
1
1
1
1
1
1
1
1
1
1
1.000000000000002
1.000000000000004
1.000000000000007
1.000000000000013
1.000000000000021
1.000000000000035
1.000000000000057
1.000000000000091
1.000000000000144
1.000000000000226
1.00000000000035
1.000000000000538
1.000000000000817
1.000000000001231
1.000000000001837
1.000000000002716
1.000000000003982
1.00000000000579
1.000000000008354
1.00000000001196
1.000000000016998
1.000000000023989
1.000000000033631
1.000000000046846
1.000000000064856
1.000000000089263
1.000000000122163
1.000000000166281
1.000000000225142
1.000000000303289
1.000000000406536
1.000000000542298
1.000000000719969
1.0000000009514
1.000000001819692
1.000000002382716
1.000000003105908
1.000000004030517
1.000000005207137
1.000000006697475
1.000000008576355
1.00000001093397
1.000000013878396
1.000000017538352
1.0000000220662
1.00000002764116
1.000000034472696
1.00000004280402
1.000000052915649
1.000000065128898
1.000000079809228
1.000000097369276
1.000000118271437
1.000000143029808
1.000000172211288
1.000000206435644
1.000000246374301
1.000000292747645
1.00000034632062
1.000000407896408
1.000000478308019
1.00000055840766
1.000000649053766
1.000000751095693
1.000000865356094
1.000000992611116
1.000001133568632
1.000001288844837
1.000001458939612
1.000001644211193
1.000001844850762
1.000002060857646
1.000002292015922
1.000002537873243
1.000002797722722
1.000003070588757
1.000003355217571
1.000003650073251
1.000003953339907
1.000004262930463
1.000004576502432
1.00000489148081
1.00000520508802
1.000005514380607
1.000005816292152
1.000006107681615
1.000006385386144
1.000006646277132
1.000006887318186
1.000007105623523
1.000007298515238
1.000007463577852
1.000007598708612
1.000007702162059
1.000007772587555
1.000007809058634
1.000007811093298
1.000007778664619
1.000007712201332
1.0000076125784
1.000007481097839
1.000007319460387
1.000007129728888
1.000006914284484
1.000006675776928
1.000006417070445
1.000006141186708
1.00000585124649
1.00000555041157
1.000005241828373
1.000004928574716
1.00000461361088
1.000004299736015
1.000003989550678
1.000003685426072
1.000003389480317
1.000003103561838
1.000002829239765
1.000002567801015
1.000002320253571
1.000002087335319
1.000001869527722
1.000001667073505
1.00000147999752
1.000001308129923
1.000001151130847
1.000001008515779
1.000000879680937
1.000000763928013
1.000000660487746
1.000000568541904
1.00000048724333
1.000000415733829
1.000000353159756
1.000000298685252
1.000000251503157
1.000000210843666
1.000000175980892
1.000000146237479
1.000000120987496
1.000000099657804
1.000000081728132
1.000000066730089
1.000000054245302
1.00000004390291
1.000000035376566
1.000000028381131
1.000000022669182
1.000000018027463
1.000000014273368
1.000000011251538
1.000000008830626
1.000000006900263
1.000000005368278
1.000000004158148
1.000000003206721
1.000000002462176
1.000000001882238
1.000000001432609
1.000000001085624
1.000000000819087
1.000000000615291
1.000000000460184
1.000000000342676
1.000000000254061
1.00000000018754
1.000000000137832
1.000000000100859
1.000000000073482
1.000000000053303
1.000000000038497
1.000000000027683
1.000000000019821
1.000000000014129
1.000000000010029
1.000000000007087
1.000000000004987
1.000000000003494
1.000000000002437
1.000000000001693
1.000000000001171
1.000000000000806
1.000000000000552
1.000000000000377
1.000000000000256
1.000000000000173
1.000000000000116
1.000000000000077
1.000000000000051
1.000000000000033
1.000000000000022
1.000000000000013
1.000000000000008
1.000000000000004
1.000000000000002
1.000000000000001
1
1
1
1
1
1
1
1
1
1
1
1
1
1
1
1
1
1
1
1
1
1
1
1
1
1
1
1
1
1
1
1
1
1
1
1
1
1
1
1
1
1
1
1
1
1
1
1
1
1
1
1
1
1
1
1
1
1
1
1.000000000000001
1.000000000000003
1.000000000000006
1.000000000000011
1.000000000000019
1.000000000000031
1.000000000000051
1.000000000000083
1.000000000000132
1.000000000000209
1.000000000000328
1.000000000000509
1.000000000000782
1.000000000001189
1.00000000000179
1.000000000002671
1.00000000000395
1.00000000000579
1.00000000000842
1.000000000012147
1.000000000017391
1.000000000024716
1.000000000034883
1.000000000048902
1.000000000068119
1.000000000094307
1.000000000129798
1.000000000177636
1.000000000241787
1.000000000327375
1.000000000441006
1.000000000591135
1.000000000788541
1.000000001046886
1.000000001383401
1.000000002625006
1.000000003437193
1.000000004480429
1.000000005814214
1.000000007511533
1.000000009661401
1.00000001237175
1.000000015772687
1.000000020020112
1.000000025299705
1.000000031831251
1.000000039873274
1.000000049727929
1.000000061746052
1.000000076332288
1.000000093950138
1.000000115126778
1.000000140457439
1.000000170609127
1.000000206323423
1.000000248418078
1.000000297787104
1.000000355399025
1.000000422292996
1.000000499572439
1.000000588395935
1.000000689965094
1.000000805509209
1.000000936266562
1.000001083462332
1.000001248283179
1.000001431848677
1.000001635179916
1.000001859165734
1.000002104527189
1.00000237178102
1.000002661202984
1.000002972792092
1.000003306236861
1.000003660884763
1.000004035716106
1.000004429323573
1.00000483989859
1.000005265225604
1.000005702685197
1.000006149266777
1.000006601591324
1.000007055944417
1.000007508319428
1.000007954470459
1.000008389974238
1.000008810299858
1.00000921088495
1.000009587216547
1.000009934914701
1.000010249816722
1.000010528059777
1.000010766159588
1.000010961082978
1.000011110312163
1.00001121189888
1.000011264506733
1.000011267440462
1.000011220661239
1.000011124787524
1.000010981081451
1.000010791421171
1.000010558259984
1.000010284573523
1.000009973796561
1.000009629751333
1.000009256569447
1.000008858609625
1.000008440373544
1.000008006422025
1.000007561293741
1.000007109428401
1.000006655096169
1.000006202334778
1.000005754895495
1.000005316198749
1.000004889299895
1.000004476865264
1.000004081158305
1.00000370403538
1.000003346950491
1.000003010968031
1.000002696782506
1.000002404744049
1.00000213488851
1.000001886970894
1.000001660500952
1.000001454779781
1.000001268936439
1.000001101963625
1.000000952751696
1.000000820120363
1.000000702847615
1.000000599695517
1.000000509432697
1.000000430853442
1.000000362793432
1.000000304142233
1.000000253852759
1.000000210947934
1.000000174524858
1.000000143756783
1.000000117893225
1.000000096258529
1.0000000782492
1.000000063330271
1.000000051030989
1.000000040940043
1.000000032700526
1.000000026004817
1.000000020589508
1.000000016230494
1.000000012738305
1.000000009953737
1.00000000774383
1.000000005998203
1.000000004625757
1.00000000355174
1.00000000271517
1.000000002066573
1.00000000156604
1.000000001181556
1.000000000887575
1.000000000663829
1.000000000494321
1.00000000036649
1.000000000270532
1.000000000198828
1.000000000145492
1.000000000106
1.000000000076892
1.000000000055534
1.000000000039934
1.000000000028591
1.000000000020382
1.000000000014466
1.000000000010223
1.000000000007193
1.00000000000504
1.000000000003515
1.000000000002442
1.000000000001688
1.000000000001162
1.000000000000796
1.000000000000544
1.000000000000369
1.00000000000025
1.000000000000168
1.000000000000112
1.000000000000075
1.000000000000049
1.000000000000032
1.00000000000002
1.000000000000012
1.000000000000008
1.000000000000004
1.000000000000002
1
1
1
1
1
1
1
1
1
1
1
1
1
1
1
1
1
1
1
1
1
1
1
1
1
1
1
1
1
1
1
1
1
1
1
1
1
1
1
1
1
1
1
1
1
1
1
1
1
1
1
1
1
1
1
1
1
1
1
1.000000000000002
1.000000000000005
1.000000000000009
1.000000000000016
1.000000000000027
1.000000000000045
1.000000000000074
1.000000000000119
1.000000000000191
1.000000000000302
1.000000000000473
1.000000000000735
1.000000000001128
1.000000000001715
1.000000000002582
1.000000000003852
1.000000000005698
1.000000000008354
1.000000000012147
1.000000000017524
1.000000000025088
1.000000000035655
1.000000000050321
1.000000000070546
1.000000000098268
1.000000000136046
1.000000000187243
1.000000000256254
1.000000000348795
1.000000000472262
1.000000000636181
1.00000000085275
1.000000001137519
1.000000001510196
1.000000001995634
1.000000003757955
1.000000004920673
1.000000006414157
1.000000008323585
1.000000010753441
1.000000013831153
1.000000017711236
1.000000022579945
1.000000028660462
1.000000036218598
1.000000045568988
1.000000057081727
1.000000071189364
1.000000088394143
1.000000109275333
1.000000134496463
1.00000016481221
1.000000201074678
1.000000244238719
1.000000295365941
1.000000355626994
1.000000426301693
1.000000508776527
1.000000604539087
1.000000715168969
1.000000842324728
1.000000987726513
1.000001153134102
1.00000134032014
1.000001551038511
1.000001786987957
1.000002049771179
1.000002340849891
1.000002661496485
1.000003012743166
1.000003395329642
1.000003809650649
1.000004255704749
1.000004733046016
1.000005240740307
1.000005777327866
1.000006340794042
1.000006928549769
1.000007537423373
1.00000816366504
1.000008802964971
1.000009450485957
1.000010100910651
1.000010748503405
1.00001138718605
1.000012010626501
1.0000126123386
1.000013185791147
1.00001372452367
1.000014222266122
1.00001467305947
1.000015071373943
1.000015412221686
1.000015691260612
1.000015904886441
1.000016050310183
1.000016125618761
1.000016129816905
1.000016062849049
1.000015925600559
1.000015719878246
1.000015448370764
1.000015114590117
1.000014722796044
1.000014277905557
1.000013785390331
1.000013251164924
1.000012681469008
1.000012082746901
1.000011461527589
1.000010824308349
1.000010177444787
1.000009527049798
1.000008878903547
1.00000823837611
1.000007610363956
1.000006999240941
1.000006408824015
1.00000584235339
1.00000530248652
1.000004791304864
1.000004310332144
1.000003860562575
1.000003442497386
1.000003056187905
1.000002701283416
1.00000237708211
1.00000208258349
1.000001816540768
1.000001577511963
1.000001363908579
1.000001174040991
1.000001006159847
1.000000858492996
1.000000729277686
1.00000061678789
1.00000051935684
1.000000435394908
1.00000036340315
1.000000301982841
1.000000249841445
1.000000205795437
1.000000168770469
1.000000137799315
1.000000112018041
1.000000090660822
1.000000073053755
1.000000058608028
1.000000046812714
1.000000037227439
1.000000029475123
1.000000023234947
1.000000018235677
1.000000014249405
1.000000011085792
1.000000008586821
1.000000006622079
1.000000005084557
1.000000003886953
1.000000002958444
1.000000002241898
1.000000001691483
1.00000000127063
1.000000000950322
1.000000000707658
1.000000000524659
1.000000000387288
1.000000000284638
1.000000000208284
1.000000000151748
1.000000000110077
1.000000000079501
1.000000000057168
1.000000000040931
1.000000000029178
1.000000000020709
1.000000000014635
1.000000000010298
1.000000000007214
1.000000000005032
1.000000000003495
1.000000000002417
1.000000000001664
1.00000000000114
1.000000000000778
1.000000000000529
1.000000000000357
1.00000000000024
1.000000000000161
1.000000000000107
1.000000000000071
1.000000000000046
1.00000000000003
1.000000000000019
1.000000000000012
1.000000000000007
1.000000000000003
1.000000000000001
1
1
1
1
1
1
1
1
1
1
1
1
1
1
1
1
1
1
1
1
1
1
1
1
1
1
1
1
1
1
1
1
1
1
1
1
1
1
1
1
1
1
1
1
1
1
1
1
1
1
1
1
1
1
1
1
1
1.000000000000002
1.000000000000004
1.000000000000008
1.000000000000014
1.000000000000023
1.000000000000039
1.000000000000064
1.000000000000105
1.000000000000171
1.000000000000273
1.000000000000433
1.000000000000678
1.000000000001052
1.000000000001615
1.000000000002454
1.000000000003696
1.000000000005516
1.000000000008157
1.00000000001196
1.000000000017391
1.000000000025088
1.000000000035917
1.000000000051046
1.000000000072042
1.000000000100996
1.000000000140683
1.000000000194767
1.000000000268062
1.000000000366858
1.00000000049934
1.000000000676097
1.000000000910763
1.000000001220804
1.000000001628478
1.000000002162001
1.000000002856952
1.000000005340733
1.000000006993157
1.000000009115652
1.000000011829273
1.000000015282505
1.000000019656444
1.000000025170679
1.000000032089906
1.000000040731301
1.000000051472619
1.000000064761003
1.000000081122412
1.000000101171559
1.000000125622204
1.000000155297571
1.000000191140625
1.000000234223869
1.000000285758257
1.000000347100763
1.000000419760076
1.000000505399846
1.000000605838859
1.000000723047498
1.000000859139823
1.000001016360641
1.000001197066972
1.000001403703364
1.000001638770683
1.000001904788072
1.000002204248018
1.000002539564632
1.000002913015542
1.000003326678012
1.00000378236025
1.000004281529125
1.000004825235832
1.00000541404131
1.000006047943487
1.000006726308613
1.00000744780912
1.000008210370481
1.000009011129588
1.000009846407022
1.000010711695406
1.000011601665755
1.00001251019328
1.000013430403676
1.000014354740308
1.00001527505209
1.000016182701172
1.000017068688862
1.000017923797517
1.000018738745492
1.000019504351653
1.000020211705496
1.000020852338504
1.000021418392203
1.000021902778248
1.000022299326018
1.000022602913405
1.000022809576933
1.000022916597908
1.000022922561951
1.000022827390123
1.000022632340661
1.000022339981291
1.000021954132946
1.000021479786638
1.000020922996
1.000020290748734
1.00001959082078
1.00001883161747
1.000018022006164
1.000017171145041
1.000016288312609
1.000015382742309
1.000014463466252
1.000013539171624
1.000012618072759
1.000011707801206
1.00001081531546
1.000009946831315
1.000009107773136
1.000008302745671
1.000007535525497
1.000006809070629
1.000006125546473
1.000005486365935
1.000004892241332
1.000004343245607
1.000003838880358
1.000003378148229
1.000002959627394
1.000002581546018
1.000002241854865
1.000001938296488
1.000001668469722
1.000001429888519
1.000001220034432
1.000001036402367
1.000000876539427
1.00000073807692
1.000000618755788
1.000000516445838
1.000000429159307
1.000000355059332
1.000000292463975
1.000000239846447
1.000000195832195
1.000000159193459
1.000000128841898
1.000000103819811
1.000000083290416
1.000000066527621
1.000000052905593
1.000000041888451
1.000000033020272
1.000000025915591
1.000000020250523
1.00000001575457
1.000000012203167
1.00000000941098
1.000000007225933
1.000000005523958
1.000000004204407
1.000000003186088
1.000000002403864
1.000000001805766
1.000000001350559
1.000000001005696
1.000000000745626
1.0000000005504
1.000000000404518
1.000000000296006
1.000000000215659
1.000000000156437
1.000000000112985
1.000000000081246
1.000000000058169
1.000000000041467
1.000000000029431
1.000000000020798
1.000000000014634
1.000000000010252
1.000000000007151
1.000000000004966
1.000000000003434
1.000000000002364
1.00000000000162
1.000000000001106
1.000000000000751
1.000000000000508
1.000000000000342
1.000000000000229
1.000000000000153
1.000000000000101
1.000000000000066
1.000000000000043
1.000000000000028
1.000000000000017
1.000000000000011
1.000000000000006
1.000000000000003
1.000000000000001
1
1
1
1
1
1
1
1
1
1
1
1
1
1
1
1
1
1
1
1
1
1
1
1
1
1
1
1
1
1
1
1
1
1
1
1
1
1
1
1
1
1
1
1
1
1
1
1
1
1
1
1
1
1
1
1.000000000000001
1.000000000000003
1.000000000000006
1.000000000000011
1.000000000000019
1.000000000000033
1.000000000000055
1.000000000000091
1.00000000000015
1.000000000000242
1.000000000000388
1.000000000000615
1.000000000000964
1.000000000001495
1.000000000002295
1.000000000003489
1.000000000005254
1.000000000007839
1.000000000011593
1.000000000016997
1.000000000024716
1.000000000035655
1.000000000051046
1.000000000072547
1.000000000102387
1.000000000143537
1.00000000019994
1.000000000276804
1.000000000380969
1.000000000521378
1.00000000070966
1.000000000960865
1.000000001294368
1.000000001734993
1.000000002314372
1.000000003072603
1.000000004060251
1.000000007537269
1.000000009869289
1.000000012864705
1.000000016694354
1.000000021567788
1.000000027740581
1.000000035522625
1.000000045287477
1.000000057482748
1.000000072641547
1.000000091394903
1.000000114485073
1.000000142779569
1.00000017728568
1.000000219165175
1.000000269748807
1.000000330550135
1.000000403278107
1.000000489847737
1.000000592388143
1.000000713247129
1.000000854991432
1.000001020401723
1.000001212461433
1.000001434338512
1.000001689359254
1.000001980973483
1.000002312710491
1.000002688125365
1.000003110735563
1.000003583947943
1.00000411097674
1.00000469475343
1.000005337829786
1.000006042275868
1.00000680957512
1.00000764051912
1.000008535104905
1.00000949243807
1.000010510645067
1.000011586798221
1.000012716856987
1.000013895628816
1.000015116752731
1.000016372708268
1.000017654851914
1.000018953482419
1.000020257935614
1.000021556708425
1.000022837610854
1.000024087943677
1.000025294698684
1.00002644477735
1.000027525223004
1.000028523460895
1.00002942754003
1.000030226370321
1.000030909948523
1.000031469566502
1.000031897995824
1.000032189643154
1.000032340671821
1.000032349085847
1.000032214773861
1.000031939511557
1.000031526922609
1.000030982399252
1.000030312984971
1.000029527222843
1.000028634974133
1.000027647212485
1.000026575799754
1.000025433249823
1.000024232486985
1.000022986605341
1.000021708635393
1.000020411323516
1.000019106929321
1.000017807045114
1.000016522440758
1.000015262936282
1.0000140373036
1.000012853197732
1.000011717117037
1.000010634391131
1.00000960919446
1.000008644582909
1.000007742550419
1.000006904102239
1.000006129341316
1.000005417564293
1.000004767363682
1.000004176732964
1.000003643171678
1.000003163787889
1.000002735395825
1.000002354606894
1.00000201791271
1.000001721759173
1.00000146261102
1.000001237006647
1.000001041603288
1.000000873212886
1.000000728829251
1.000000605647188
1.000000501074458
1.000000412737455
1.000000338481527
1.000000276366856
1.000000224660787
1.000000181827418
1.000000146515204
1.000000117543254
1.000000093886876
1.000000074662876
1.000000059114997
1.000000046599822
1.000000036573371
1.000000028578563
1.00000002223366
1.000000017221749
1.000000013281277
1.000000010197629
1.000000007795715
1.000000005933497
1.00000000449639
1.000000003392473
1.000000002548405
1.000000001905991
1.0000000014193
1.000000001052275
1.000000000776759
1.000000000570882
1.000000000417744
1.000000000304353
1.000000000220775
1.000000000159452
1.000000000114661
1.000000000082093
1.00000000005852
1.000000000041535
1.000000000029352
1.000000000020652
1.000000000014468
1.000000000010092
1.000000000007009
1.000000000004846
1.000000000003336
1.000000000002287
1.000000000001561
1.000000000001061
1.000000000000717
1.000000000000483
1.000000000000324
1.000000000000216
1.000000000000143
1.000000000000094
1.000000000000062
1.00000000000004
1.000000000000025
1.000000000000016
1.000000000000009
1.000000000000005
1.000000000000002
1.000000000000001
1
1
1
1
1
1
1
1
1
1
1
1
1
1
1
1
1
1
1
1
1
1
1
1
1
1
1
1
1
1
1
1
1
1
1
1
1
1
1
1
1
1
1
1
1
1
1
1
1
1
1
1
1
1
1.000000000000002
1.000000000000005
1.000000000000009
1.000000000000016
1.000000000000028
1.000000000000047
1.000000000000078
1.000000000000129
1.000000000000212
1.000000000000342
1.000000000000548
1.000000000000868
1.00000000000136
1.00000000000211
1.000000000003239
1.000000000004924
1.000000000007415
1.000000000011063
1.000000000016361
1.000000000023989
1.000000000034883
1.000000000050321
1.000000000072042
1.000000000102387
1.0000000001445
1.000000000202574
1.000000000282176
1.000000000390654
1.000000000537662
1.000000000735819
1.000000001001539
1.00000000135606
1.000000001826729
1.000000002448574
1.000000003266239
1.000000004336313
1.000000005730157
1.000000010566276
1.00000001383545
1.00000001803461
1.000000023403245
1.000000030235115
1.000000038888494
1.000000049797806
1.000000063486716
1.000000080582708
1.000000101833116
1.000000128122541
1.000000160491511
1.000000200156137
1.000000248528475
1.000000307237138
1.000000378147621
1.000000463381685
1.000000565334991
1.00000068669207
1.000000830437588
1.000000999862769
1.000001198565744
1.000001430444537
1.000001699681409
1.000002010717274
1.000002368215024
1.000002777010706
1.00000324205177
1.000003768321814
1.000004360751691
1.0000050241172
1.000005762924114
1.000006581281824
1.000007482767434
1.00000847028277
1.000009545907319
1.000010710750691
1.000011964808681
1.000013306827438
1.000014734180524
1.000016242763797
1.000017826913066
1.000019479349236
1.00002119115528
1.000022951788782
1.000024749133007
1.000026569588469
1.000028398205841
1.000030218859809
1.000032014462117
1.00003376721067
1.000035458870242
1.000037071079006
1.000038585673995
1.000039985027638
1.000041252386765
1.000042372205055
1.000043330459747
1.00004411494361
1.000044715523688
1.000045124359149
1.000045336071701
1.000045347863372
1.000045159578082
1.000044773705078
1.000044195324147
1.000043431994291
1.000042493589259
1.000041392084973
1.000040141305206
1.000038756633099
1.000037254696896
1.000035653038873
1.000033969776622
1.000032223265775
1.000030431772806
1.000028613165895
1.000026784630863
1.000024962418085
1.000023161625018
1.000021396017617
1.000019677892565
1.000018017980857
1.000016425392058
1.000014907597355
1.000013470448594
1.000012118229598
1.000010853735527
1.000009678375572
1.000008592294052
1.000007594504998
1.000006683035361
1.000005855072363
1.000005107110803
1.0000044350967
1.000003834564165
1.000003300762992
1.000002828775041
1.000002413618088
1.000002050336312
1.000001734077154
1.000001460154636
1.000001224099662
1.000001021698073
1.000000849017474
1.000000702423995
1.000000578590251
1.000000474495789
1.000000387421321
1.000000314937961
1.000000254892636
1.000000205390713
1.000000164776781
1.000000131614396
1.00000010466547
1.00000008286986
1.000000065325602
1.000000051270126
1.000000040062682
1.000000031168137
1.000000024142231
1.000000018618309
1.000000014295518
1.000000010928409
1.000000008317867
1.000000006303265
1.000000004755741
1.000000003572487
1.00000000267192
1.000000001989652
1.000000001475138
1.000000001088905
1.000000000800296
1.000000000585618
1.000000000426661
1.000000000309497
1.000000000223529
1.000000000160738
1.000000000115083
1.000000000082038
1.000000000058227
1.000000000041147
1.000000000028952
1.000000000020282
1.000000000014147
1.000000000009825
1.000000000006794
1.000000000004677
1.000000000003206
1.000000000002188
1.000000000001487
1.000000000001006
1.000000000000677
1.000000000000454
1.000000000000303
1.000000000000201
1.000000000000133
1.000000000000087
1.000000000000057
1.000000000000037
1.000000000000023
1.000000000000014
1.000000000000008
1.000000000000004
1.000000000000002
1
1
1
1
1
1
1
1
1
1
1
1
1
1
1
1
1
1
1
1
1
1
1
1
1
1
1
1
1
1
1
1
1
1
1
1
1
1
1
1
1
1
1
1
1
1
1
1
1
1
1
1
1
1.000000000000001
1.000000000000004
1.000000000000007
1.000000000000013
1.000000000000023
1.000000000000039
1.000000000000066
1.00000000000011
1.000000000000181
1.000000000000297
1.00000000000048
1.000000000000769
1.000000000001217
1.000000000001907
1.000000000002958
1.000000000004541
1.000000000006903
1.000000000010395
1.00000000001551
1.000000000022937
1.00000000003363
1.000000000048902
1.000000000070546
1.000000000100996
1.000000000143537
1.000000000202574
1.000000000283988
1.000000000395581
1.000000000547654
1.000000000753742
1.000000001031535
1.000000001404042
1.000000001901036
1.000000002560854
1.000000003432602
1.000000004578862
1.000000006078965
1.000000008032948
1.000000014718022
1.000000019271714
1.000000025120793
1.000000032598847
1.000000042115054
1.000000054168455
1.000000069364161
1.000000088431585
1.000000112244749
1.000000141844612
1.000000178463336
1.000000223550264
1.000000278799315
1.000000346177334
1.000000427952802
1.000000526724157
1.00000064544678
1.000000787457565
1.000000956495769
1.000001156718699
1.000001392710664
1.000001669483451
1.000001992466567
1.000002367485422
1.000002800725699
1.000003298682259
1.000003868091154
1.000004515843591
1.000005248881132
1.000006074071857
1.000006998067871
1.00000802714516
1.000009167027587
1.000010422697597
1.000011798197044
1.000013296422356
1.000014918919031
1.00001666568115
1.000018534962182
1.000020523103736
1.000022624389159
1.000024830928833
1.000027132583766
1.000029516933527
1.000031969293712
1.000034472787086
1.000037008471118
1.000039555523118
1.000042091482397
1.000044592547005
1.000047033920716
1.000049390204007
1.000051635821026
1.000053745472923
1.000055694606596
1.00005745988689
1.000059019659656
1.000060354392888
1.000061447083405
1.000062283617249
1.000062853073121
1.000063147959747
1.000063164379938
1.000062902116343
1.000062364636237
1.000061559015208
1.000060495782088
1.000059188689881
1.000057654419658
1.000055912226327
1.000053983536802
1.00005189151228
1.000049660587086
1.000047315996894
1.000044883308932
1.000042387966245
1.000039854857097
1.000037307919304
1.00003476978772
1.000032261491317
1.000029802204447
1.000027409054939
1.000025096989804
1.000022878697592
1.000020764584796
1.000018762802348
1.000016879317117
1.000015118022443
1.000013480881169
1.000011968094328
1.000010578288586
1.000009308715734
1.000008155457911
1.000007113632792
1.000006177593669
1.000005341120089
1.00000459759558
1.000003940169759
1.000003361902971
1.000002855892346
1.000002415378837
1.000002033835427
1.000001705037187
1.000001423114286
1.000001182589353
1.00000097840083
1.000000805914052
1.000000660921878
1.000000539636651
1.000000438675211
1.000000355038572
1.000000286087725
1.000000229516872
1.000000183325208
1.000000145788213
1.000000115429228
1.000000090991917
1.000000071414105
1.000000055803296
1.000000043414111
1.000000033627742
1.000000025933479
1.000000019912267
1.000000015222221
1.000000011585994
1.000000008779851
1.000000006624302
1.000000004976143
1.000000003721739
1.000000002771405
1.000000002054734
1.000000001516749
1.000000001114742
1.000000000815715
1.000000000594302
1.000000000431102
1.000000000311358
1.000000000223895
1.000000000160301
1.000000000114271
1.000000000081105
1.000000000057315
1.000000000040327
1.000000000028251
1.000000000019705
1.000000000013685
1.000000000009463
1.000000000006515
1.000000000004466
1.000000000003048
1.000000000002071
1.000000000001401
1.000000000000944
1.000000000000633
1.000000000000422
1.000000000000281
1.000000000000186
1.000000000000122
1.00000000000008
1.000000000000052
1.000000000000033
1.000000000000021
1.000000000000012
1.000000000000007
1.000000000000004
1.000000000000002
1
1
1
1
1
1
1
1
1
1
1
1
1
1
1
1
1
1
1
1
1
1
1
1
1
1
1
1
1
1
1
1
1
1
1
1
1
1
1
1
1
1
1
1
1
1
1
1
1
1
1
1.000000000000001
1.000000000000003
1.000000000000005
1.00000000000001
1.000000000000018
1.000000000000032
1.000000000000054
1.000000000000091
1.000000000000153
1.000000000000252
1.000000000000413
1.000000000000669
1.000000000001071
1.000000000001696
1.000000000002657
1.00000000000412
1.000000000006325
1.000000000009616
1.00000000001448
1.000000000021606
1.000000000031951
1.000000000046846
1.000000000068119
1.000000000098268
1.000000000140683
1.00000000019994
1.000000000282176
1.00000000039558
1.000000000551022
1.00000000076285
1.000000001049918
1.000000001436865
1.000000001955741
1.000000002648018
1.000000003567096
1.000000004781377
1.000000006378029
1.000000008467556
1.000000011189301
1.000000020375761
1.000000026679906
1.000000034777382
1.000000045130004
1.000000058304235
1.000000074990943
1.000000096027834
1.000000122424699
1.000000155391523
1.000000196369394
1.000000247064095
1.000000309482075
1.000000385968365
1.000000479245828
1.000000592454905
1.000000729192819
1.000000893550941
1.000001090148791
1.000001324162908
1.000001601348575
1.000001928052193
1.000002311211957
1.000002758344333
1.000003277513864
1.000003877283837
1.000004566645553
1.000005354924205
1.000006251659772
1.000007266461933
1.000008408838638
1.000009687998836
1.00001111263078
1.000012690658372
1.000014428979109
1.000016333188356
1.000018407295774
1.000020653440828
1.000023071615248
1.000025659401103
1.000028411733741
1.000031320699109
1.000034375374966
1.000037561725111
1.000040862554984
1.000044257535864
1.000047723303337
1.000051233633871
1.000054759701108
1.0000582704111
1.000061732813115
1.000065112579984
1.000068374549365
1.000071483314826
1.000074403853418
1.000077102174597
1.000079545973916
1.000081705274072
1.000083553035601
1.000085065719872
1.000086223788011
1.000087012120972
1.000087420348126
1.000087443074391
1.000087079998936
1.000086335921813
1.000085220638308
1.000083748724269
1.000081939218984
1.00007981521526
1.000077403369045
1.000074733343137
1.000071837201216
1.000068748769441
1.000065502983327
1.00006213523738
1.000058680754188
1.000055173988315
1.000051648078554
1.000048134359914
1.000044661944271
1.000041257376024
1.000037944366422
1.000034743607666
1.000031672665408
1.00002874594609
1.000025974733628
1.000023367288385
1.000020929000197
1.000018662586376
1.000016568325241
1.000014644315599
1.000012886752927
1.000011290213464
1.000009847938279
1.000008552110245
1.000007394117962
1.000006364801788
1.00000545467826
1.000004654140331
1.000003953631873
1.000003343795861
1.000002815596482
1.000002360416127
1.000001970128768
1.00000163715169
1.000001354477812
1.000001115691034
1.000000914967105
1.000000747062495
1.000000607293647
1.000000491508844
1.000000396054712
1.00000031773916
1.000000253792325
1.000000201826827
1.00000015979841
1.000000125967837
1.000000098864655
1.000000077253314
1.000000060101926
1.000000046553829
1.000000035902006
1.000000027566325
1.000000021073488
1.000000016039542
1.000000012154751
1.000000009170633
1.000000006888939
1.000000005152354
1.00000000383672
1.000000002844566
1.000000002099782
1.000000001543246
1.000000001129276
1.000000000822752
1.000000000596819
1.000000000431044
1.000000000309961
1.000000000221922
1.000000000158198
1.000000000112282
1.000000000079347
1.000000000055828
1.00000000003911
1.00000000002728
1.000000000018946
1.0000000000131
1.000000000009019
1.000000000006183
1.00000000000422
1.000000000002868
1.00000000000194
1.000000000001307
1.000000000000876
1.000000000000585
1.000000000000389
1.000000000000257
1.000000000000169
1.000000000000111
1.000000000000072
1.000000000000046
1.000000000000029
1.000000000000018
1.000000000000011
1.000000000000006
1.000000000000003
1.000000000000001
1
1
1
1
1
1
1
1
1
1
1
1
1
1
1
1
1
1
1
1
1
1
1
1
1
1
1
1
1
1
1
1
1
1
1
1
1
1
1
1
1
1
1
1
1
1
1
1
1
1
1.000000000000002
1.000000000000004
1.000000000000008
1.000000000000014
1.000000000000025
1.000000000000043
1.000000000000075
1.000000000000126
1.000000000000211
1.00000000000035
1.000000000000572
1.000000000000926
1.000000000001483
1.000000000002348
1.000000000003678
1.000000000005704
1.000000000008757
1.000000000013313
1.000000000020047
1.000000000029912
1.000000000044235
1.000000000064856
1.000000000094307
1.000000000136046
1.000000000194767
1.000000000276804
1.000000000390654
1.000000000547654
1.000000000762851
1.000000001056111
1.000000001453532
1.000000001989228
1.000000002707567
1.000000003665965
1.000000004938347
1.000000006619409
1.000000008829828
1.000000011722585
1.000000015490583
1.000000028042964
1.000000036719264
1.00000004786369
1.000000062111823
1.000000080243275
1.000000103208865
1.000000132161505
1.000000168490941
1.000000213862436
1.000000270259316
1.000000340029194
1.000000425933477
1.000000531199553
1.0000006595748
1.000000815381297
1.000001003569768
1.000001229771013
1.000001500342702
1.000001822409104
1.000002203890984
1.000002653522639
1.000003180852818
1.000003796226121
1.000004510741432
1.00000533618403
1.000006284928248
1.000007369807926
1.000008603952502
1.000010000587325
1.000011572797733
1.000013333257551
1.000015293923984
1.000017465702281
1.000019858085091
1.000022478772984
1.00002533328419
1.000028424563064
1.000031752598122
1.000035314061571
1.00003910198305
1.000043105470695
1.000047309492612
1.000051694731306
1.000056237522584
1.000060909888852
1.000065679674646
1.000070510789632
1.000075363561344
1.000080195196549
1.000084960346616
1.00008961176861
1.0000941010702
1.000098379523137
1.000102398926961
1.000106112502078
1.000109475789405
1.00011244753261
1.000114990518586
1.00011707235227
1.000118666143286
1.000119751084067
1.000120312902078
1.000120344172399
1.000119844481092
1.000118820434323
1.000117285512969
1.000115259777165
1.000112769429869
1.000109846252703
1.000106526931066
1.000102852288545
1.000098866452938
1.000094615977658
1.000090148942872
1.000085514060427
1.000080759805563
1.000075933596525
1.000071081040719
1.000066245263084
1.000061466328968
1.000056780770215
1.000052221219539
1.000047816154673
1.000043589750431
1.00003956183375
1.00003574793418
1.000032159420098
1.0000288037093
1.000025684541517
1.000022802299799
1.000020154367642
1.000017735509065
1.00001553825961
1.00001355331728
1.000011769923731
1.000010176227493
1.000008759622576
1.000007507057326
1.000006405310002
1.000005441228939
1.000004601936487
1.000003874997064
1.000003248550636
1.000002711413713
1.000002253150539
1.000001864117575
1.000001535484622
1.000001259236016
1.00000102815531
1.000000835796725
1.000000676446428
1.000000545076432
1.000000437293597
1.000000349285873
1.000000277767606
1.00000021992537
1.00000017336552
1.000000136064332
1.000000106321367
1.000000082716476
1.000000064070667
1.0000000494109
1.000000037938761
1.000000029002867
1.000000022074797
1.000000016728271
1.000000012621314
1.000000009481081
1.000000007091065
1.000000005280391
1.000000003914915
1.000000002889887
1.00000000212394
1.000000001554201
1.000000001132339
1.000000000821392
1.000000000593239
1.000000000426595
1.000000000305428
1.000000000217726
1.000000000154532
1.000000000109204
1.000000000076836
1.000000000053828
1.000000000037545
1.000000000026074
1.00000000001803
1.000000000012413
1.000000000008509
1.000000000005808
1.000000000003947
1.00000000000267
1.000000000001799
1.000000000001206
1.000000000000805
1.000000000000535
1.000000000000354
1.000000000000233
1.000000000000153
1.000000000000099
1.000000000000064
1.000000000000041
1.000000000000026
1.000000000000016
1.000000000000009
1.000000000000005
1.000000000000002
1
1
1
1
1
1
1
1
1
1
1
1
1
1
1
1
1
1
1
1
1
1
1
1
1
1
1
1
1
1
1
1
1
1
1
1
1
1
1
1
1
1
1
1
1
1
1
1
1
1.000000000000001
1.000000000000003
1.000000000000006
1.000000000000011
1.00000000000002
1.000000000000034
1.00000000000006
1.000000000000102
1.000000000000174
1.000000000000291
1.000000000000481
1.000000000000788
1.000000000001275
1.00000000000204
1.000000000003231
1.000000000005062
1.000000000007851
1.000000000012053
1.000000000018323
1.000000000027592
1.000000000041169
1.000000000060882
1.000000000089263
1.000000000129798
1.000000000187243
1.000000000268061
1.000000000380969
1.000000000537662
1.000000000753742
1.000000001049918
1.000000001453532
1.000000002000502
1.000000002737779
1.000000003726427
1.000000005045464
1.000000006796635
1.000000009110266
1.000000012152444
1.000000016133713
1.000000021319561
1.000000038377723
1.000000050251481
1.000000065502928
1.000000085001866
1.000000109815207
1.000000141244164
1.000000180866511
1.000000230584138
1.000000292675978
1.000000369856239
1.000000465337655
1.000000582899242
1.000000726957712
1.000000902641388
1.00000111586507
1.000001373403864
1.000001682963556
1.000002053244662
1.000002493996782
1.000003016059521
1.000003631385803
1.000004353043126
1.000005195188104
1.000006173009583
1.000007302635739
1.000008601000854
1.000010085668039
1.000011774604922
1.000013685910371
1.000015837491639
1.000018246692808
1.000020929877256
1.000023901968742
1.000027175957871
1.000030762382775
1.000034668795041
1.000038899223901
1.000043453653511
1.000048327529651
1.000053511313244
1.000058990098639
1.000064743314548
1.00007074452485
1.000076961344971
1.000083355487462
1.000089882947469
1.000096494335288
1.000103135359081
1.000109747456261
1.000116268567203
1.000122634039943
1.000128777649591
1.000134632711575
1.000140133263623
1.00014521528793
1.000149817942328
1.00015388476763
1.000157364837807
1.000160213820332
1.000162394915845
1.000163879649311
1.000164648488882
1.000164691273667
1.000164007437293
1.000162606020396
1.000160505471635
1.000157733243375
1.000154325194419
1.000150324817959
1.000145782317992
1.000140753561616
1.000135298937727
1.000129482154672
1.000123369010143
1.000117026166289
1.000110519961455
1.000103915287485
1.000097274558091
1.000090656789731
1.000084116811812
1.000077704618145
1.000071464866589
1.000065436528913
1.000059652688348
1.00005414047806
1.000048921150245
1.000044010262537
1.000039417966206
1.000035149379092
1.00003120502542
1.000027581324523
1.000024271110985
1.000021264169716
1.000018547770953
1.000016107191918
1.000013926213895
1.000011987585596
1.000010273445843
1.000008765700691
1.000007446352091
1.000006297776977
1.000005302957255
1.000004445662462
1.000003710587986
1.000003083452482
1.000002551058758
1.000002101322672
1.000001723274774
1.000001407039341
1.00000114379531
1.000000925723286
1.000000745942452
1.000000598440783
1.000000478001475
1.000000380128092
1.000000300970454
1.000000237252845
1.000000186205785
1.000000145502215
1.000000113198654
1.000000087681644
1.00000006761957
1.000000051919797
1.000000039690904
1.00000003020974
1.00000002289294
1.000000017272505
1.000000012975044
1.000000009704267
1.000000007226327
1.000000005357647
1.000000003954876
1.000000002906662
1.000000002126962
1.000000001549634
1.000000001124097
1.000000000811865
1.000000000583808
1.000000000417987
1.000000000297964
1.000000000211482
1.000000000149448
1.000000000105153
1.000000000073664
1.000000000051382
1.000000000035684
1.000000000024674
1.000000000016988
1.000000000011645
1.000000000007948
1.000000000005401
1.000000000003655
1.000000000002462
1.000000000001651
1.000000000001102
1.000000000000733
1.000000000000485
1.00000000000032
1.000000000000209
1.000000000000137
1.000000000000088
1.000000000000057
1.000000000000036
1.000000000000023
1.000000000000013
1.000000000000008
1.000000000000004
1.000000000000001
1
1
1
1
1
1
1
1
1
1
1
1
1
1
1
1
1
1
1
1
1
1
1
1
1
1
1
1
1
1
1
1
1
1
1
1
1
1
1
1
1
1
1
1
1
1
1
1
1.000000000000002
1.000000000000004
1.000000000000008
1.000000000000015
1.000000000000027
1.000000000000047
1.000000000000082
1.00000000000014
1.000000000000238
1.000000000000398
1.000000000000659
1.000000000001078
1.000000000001745
1.000000000002792
1.000000000004422
1.000000000006928
1.000000000010744
1.000000000016495
1.000000000025077
1.000000000037762
1.000000000056343
1.000000000083322
1.000000000122163
1.000000000177636
1.000000000256254
1.000000000366858
1.000000000521378
1.000000000735819
1.000000001031535
1.000000001436865
1.000000001989228
1.000000002737779
1.000000003746773
1.000000005099774
1.000000006904926
1.000000009301464
1.000000012467748
1.000000016631067
1.000000022079559
1.00000002917655
1.000000052235939
1.000000068397262
1.000000089155927
1.000000115695809
1.000000149469069
1.000000192246765
1.000000246176383
1.00000031384655
1.000000398359082
1.000000503408236
1.000000633366802
1.000000793378323
1.00000098945429
1.000001228574754
1.000001518790216
1.000001869322115
1.000002290658616
1.000002794641774
1.000003394541527
1.000004105111383
1.000004942620151
1.000005924853648
1.00000707108005
1.000008401972468
1.000009939482493
1.000011706658878
1.00001372740624
1.000016026179759
1.000018627613232
1.000021556079631
1.000024835185405
1.000028487202173
1.000032532442122
1.000036988586258
1.000041869977589
1.000047186894213
1.000052944820042
1.000059143733349
1.000065777435353
1.000072832942534
1.000080289967082
1.000088120509873
1.000096288589333
1.000104750127647
1.000113453012783
1.000122337350944
1.000131335919196
1.00014037482248
1.000149374352977
1.000158250043182
1.000166913897257
1.000175275778537
1.000183244924718
1.000190731556622
1.000197648541648
1.00020391306948
1.000209448295355
1.00021418490554
1.000218062560524
1.000221031173966
1.000223051989511
1.000224098423102
1.000224156645199
1.000223225885061
1.00022131844774
1.000218459443249
1.000214686236259
1.000210047633169
1.000204602831296
1.000198420161817
1.000191575663765
1.000184151530644
1.000176234473948
1.000167914048907
1.000159280987329
1.000150425580299
1.000141436150106
1.000132397646131
1.000123390393858
1.000114489019904
1.00010576156931
1.000097268824514
1.000089063828803
1.000081191610753
1.000073689100498
1.000066585223767
1.000059901155597
1.000053650712594
1.000047840860517
1.000042472312899
1.000037540196229
1.000033034757902
1.000028942094498
1.000025244879947
1.000021923075546
1.000018954606512
1.000016315992658
1.000013982923687
1.00001193077249
1.000010135042471
1.000008571747412
1.000007217724497
1.000006050882929
1.000005050392055
1.000004196813957
1.000003472186321
1.000002860061774
1.00000234551011
1.000001915089766
1.000001556794639
1.000001259981967
1.000001015286464
1.000000814525322
1.000000650598091
1.000000517384795
1.000000409645049
1.000000322920363
1.000000253441271
1.000000198040468
1.000000154072729
1.000000119342018
1.000000092035905
1.000000070667229
1.000000054022697
1.000000041118047
1.000000031159269
1.000000023509383
1.000000017660174
1.000000013208366
1.000000009835676
1.000000007292241
1.000000005382946
1.000000003956234
1.000000002894993
1.000000002109197
1.000000001530002
1.000000001105025
1.000000000794618
1.000000000568921
1.000000000405558
1.000000000287848
1.000000000203415
1.000000000143123
1.000000000100265
1.000000000069936
1.000000000048569
1.000000000033584
1.000000000023122
1.00000000001585
1.000000000010818
1.000000000007352
1.000000000004974
1.000000000003351
1.000000000002248
1.000000000001501
1.000000000000998
1.000000000000661
1.000000000000435
1.000000000000286
1.000000000000186
1.000000000000121
1.000000000000078
1.00000000000005
1.000000000000032
1.00000000000002
1.000000000000012
1.000000000000006
1.000000000000003
1.000000000000001
1
1
1
1
1
1
1
1
1
1
1
1
1
1
1
1
1
1
1
1
1
1
1
1
1
1
1
1
1
1
1
1
1
1
1
1
1
1
1
1
1
1
1
1
1
1
1.000000000000001
1.000000000000003
1.000000000000006
1.000000000000011
1.00000000000002
1.000000000000037
1.000000000000064
1.000000000000111
1.000000000000191
1.000000000000324
1.000000000000542
1.000000000000897
1.000000000001468
1.000000000002375
1.000000000003801
1.000000000006019
1.000000000009431
1.000000000014625
1.000000000022452
1.000000000034133
1.0000000000514
1.000000000076691
1.000000000113412
1.000000000166281
1.000000000241787
1.000000000348795
1.00000000049934
1.00000000070966
1.000000001001539
1.000000001404042
1.000000001955741
1.000000002707567
1.000000003726427
1.000000005099774
1.000000006941352
1.000000009398351
1.000000012660286
1.000000016969919
1.000000022636615
1.000000030052552
1.000000039712251
1.000000070725208
1.000000092606869
1.000000120713094
1.00000015664678
1.000000202374071
1.000000260292876
1.000000333310764
1.000000424932583
1.000000539358002
1.000000681588819
1.000000857545523
1.000001074192144
1.000001339667864
1.000001663423221
1.000002056358074
1.000002530957648
1.000003101422225
1.000003783785159
1.000004596013054
1.000005558081158
1.000006692016325
1.000008021899323
1.000009573817922
1.000011375762062
1.000013457452644
1.000015850096031
1.000018586057353
1.000021698447143
1.000025220617752
1.000029185568374
1.000033625260362
1.000038569847787
1.000044046831766
1.00005008015097
1.000056689224637
1.000063887968396
1.000071683806874
1.000080076710447
1.000089058286202
1.000098610955164
1.00010870724888
1.000119309258334
1.000130368266862
1.000141824596078
1.00015360768987
1.000165636456194
1.000177819879912
1.000190057912336
1.000202242634752
1.000214259684207
1.000225989920676
1.000237311305637
1.000248100953536
1.000258237309925
1.000267602403666
1.000276084115699
1.000283578403919
1.000289991422704
1.000295241476895
1.000299260753389
1.000301996779067
1.000303413561221
1.000303492375828
1.000302232179527
1.00029964963262
1.000295778732387
1.000290670068006
1.000284389719911
1.000277017837071
1.00026864693502
1.000259379965151
1.000249328211556
1.000238609075338
1.000227343807806
1.000215655253259
1.000203665659281
1.000191494607849
1.000179257114262
1.000167061933397
1.000155010104281
1.000143193754967
1.000131695180472
1.000120586197571
1.000109927771707
1.000099769903621
1.000090151756676
1.000081102000363
1.000072639341397
1.000064773210938
1.000057504575092
1.000050826835513
1.000044726787908
1.000039185608085
1.000034179837824
1.000029682346198
1.000025663245566
1.000022090745468
1.000018931931533
1.00001615346044
1.000013722165572
1.000011605571321
1.000009772316896
1.000008192492948
1.000006837896258
1.000005682209273
1.000004701112297
1.00000387233675
1.000003175668189
1.00000259290768
1.000002107799803
1.000001705935002
1.00000137463333
1.000001102815831
1.000000880868985
1.000000700506764
1.000000554634047
1.000000437214339
1.000000343144036
1.000000268134823
1.000000208605243
1.000000161582004
1.0000001246112
1.00000009567931
1.000000073143617
1.000000055671489
1.000000042187893
1.000000031830394
1.000000023910903
1.00000001788341
1.000000013316978
1.000000009873308
1.000000007288228
1.000000005356537
1.000000003919674
1.000000002855748
1.000000002071547
1.000000001496151
1.000000001075876
1.000000000770293
1.000000000549107
1.000000000389733
1.000000000275414
1.000000000193783
1.000000000135755
1.00000000009469
1.000000000065761
1.000000000045472
1.000000000031307
1.00000000002146
1.000000000014647
1.000000000009954
1.000000000006735
1.000000000004537
1.000000000003043
1.000000000002032
1.000000000001351
1.000000000000895
1.00000000000059
1.000000000000387
1.000000000000252
1.000000000000164
1.000000000000106
1.000000000000068
1.000000000000043
1.000000000000027
1.000000000000017
1.00000000000001
1.000000000000005
1.000000000000002
1
1
1
1
1
1
1
1
1
1
1
1
1
1
1
1
1
1
1
1
1
1
1
1
1
1
1
1
1
1
1
1
1
1
1
1
1
1
1
1
1
1
1
1
1
1
1.000000000000002
1.000000000000004
1.000000000000008
1.000000000000016
1.000000000000028
1.000000000000049
1.000000000000087
1.000000000000151
1.000000000000259
1.000000000000438
1.000000000000734
1.000000000001214
1.000000000001987
1.000000000003216
1.000000000005147
1.00000000000815
1.000000000012769
1.000000000019802
1.0000000000304
1.000000000046216
1.000000000069595
1.000000000103839
1.000000000153559
1.000000000225142
1.000000000327376
1.000000000472262
1.000000000676097
1.000000000960864
1.00000000135606
1.000000001901036
1.000000002648019
1.000000003665965
1.000000005045464
1.000000006904926
1.000000009398351
1.00000001272503
1.000000017141556
1.000000022976616
1.000000030649077
1.000000040689925
1.000000053768719
1.000000095271596
1.000000124747568
1.000000162608392
1.000000211013261
1.000000272610671
1.000000350630737
1.000000448990102
1.000000572409978
1.000000726547533
1.000000918140436
1.000001155163877
1.000001446998745
1.000001804608903
1.000002240724678
1.000002770028684
1.000003409339094
1.000004177784335
1.000005096962054
1.000006191074059
1.000007487027883
1.000009014494651
1.000010805912184
1.000012896421802
1.000015323727119
1.000018127863403
1.000021350866886
1.000025036334684
1.00002922886798
1.000033973393673
1.000039314362917
1.000045294828833
1.000051955410028
1.000059333151452
1.000067460299268
1.000076363011762
1.000086060033615
1.00009656136585
1.000107866968303
1.000119965535113
1.000132833386421
1.000146433520851
1.000160714873173
1.000175611819837
1.000191043971437
1.000206916285856
1.000223119528686
1.00023953109875
1.000256016226357
1.000272429540616
1.000288616990032
1.000304418088247
1.000319668444557
1.000334202527307
1.000347856597941
1.000360471744792
1.00037189693921
1.000381992032547
1.000390630611243
1.000397702628907
1.000403116738836
1.000406802257895
1.000408710702712
1.000408816851512
1.000407119299052
1.000403640487611
1.000398426213039
1.000391544621113
1.000383084724914
1.000373154488375
1.000361878533658
1.000349395540417
1.00033585541276
1.000321416294633
1.000306241516348
1.000290496554024
1.000274346079979
1.000257951175837
1.000241466771733
1.000225039364765
1.000208805058479
1.000192887952988
1.000177398902929
1.000162434648338
1.000148077312082
1.000134394247154
1.000121438208172
1.000109247814107
1.000097848263674
1.00008725226106
1.000077461107687
1.000068465915362
1.000060248897424
1.000052784696978
1.000046041714912
1.000039983404821
1.000034569506903
1.000029757198167
1.000025502141669
1.000021759422644
1.000018484364347
1.000015633220845
1.000013163747902
1.000011035656424
1.000009210955539
1.000007654194439
1.000006332613501
1.000005216216036
1.000004277772359
1.000003492767751
1.000002839305486
1.000002297975287
1.000001851696731
1.000001485545995
1.000001186573256
1.000000943616878
1.000000747119425
1.000000588949476
1.000000462232251
1.0000003611912
1.000000281001939
1.000000217659311
1.000000167857791
1.000000128885078
1.000000098528351
1.000000074992496
1.00000005682939
1.000000042877294
1.000000032209319
1.000000024089962
1.00000001793873
1.000000013299917
1.00000000981767
1.000000007215573
1.000000005280036
1.000000003846866
1.000000002790502
1.000000002015409
1.000000001449273
1.000000001037634
1.000000000739684
1.000000000524996
1.000000000371001
1.000000000261039
1.000000000182871
1.000000000127554
1.000000000088585
1.000000000061254
1.000000000042172
1.000000000028909
1.000000000019731
1.000000000013409
1.000000000009073
1.000000000006112
1.0000000000041
1.000000000002738
1.000000000001821
1.000000000001205
1.000000000000794
1.000000000000521
1.00000000000034
1.000000000000221
1.000000000000143
1.000000000000092
1.000000000000059
1.000000000000037
1.000000000000023
1.000000000000014
1.000000000000008
1.000000000000004
1.000000000000002
1
1
1
1
1
1
1
1
1
1
1
1
1
1
1
1
1
1
1
1
1
1
1
1
1
1
1
1
1
1
1
1
1
1
1
1
1
1
1
1
1
1
1
1
1.000000000000001
1.000000000000003
1.000000000000006
1.000000000000011
1.000000000000021
1.000000000000038
1.000000000000067
1.000000000000117
1.000000000000203
1.000000000000349
1.00000000000059
1.000000000000989
1.000000000001636
1.000000000002677
1.000000000004332
1.000000000006934
1.000000000010979
1.000000000017202
1.000000000026675
1.000000000040952
1.000000000062258
1.000000000093752
1.000000000139882
1.000000000206859
1.000000000303289
1.000000000441006
1.000000000636181
1.000000000910763
1.000000001294368
1.000000001826729
1.000000002560854
1.000000003567096
1.000000004938347
1.000000006796635
1.000000009301464
1.000000012660286
1.000000017141556
1.00000002309092
1.000000030951143
1.00000004128646
1.000000054812143
1.000000072430124
1.000000127701845
1.000000167211258
1.000000217959641
1.000000282841146
1.00000036540578
1.000000469983137
1.000000601823022
1.000000767253668
1.000000973857841
1.000001230666588
1.000001548369705
1.000001939541147
1.000002418876656
1.000003003439696
1.000003712910527
1.000004569831858
1.000005599842999
1.000006831892936
1.0000082984212
1.000010035493998
1.000012082881768
1.000014484063349
1.00001728614126
1.000020539652433
1.000024298259067
1.000028618305377
1.000033558227718
1.000039177808245
1.000045537265659
1.000052696180959
1.000060712261222
1.000069639950341
1.000079528902142
1.000090422338257
1.00010235532027
1.00011535297274
1.000129428700455
1.000144582449248
1.000160799064716
1.000178046806686
1.000196276079189
1.000215418435471
1.000235385915222
1.000256070766411
1.000277345596953
1.000299063991847
1.000321061619684
1.000343157838771
1.00036515779791
1.000386855010716
1.000408034365746
1.000428475518333
1.000447956594569
1.000466258124006
1.000483167106074
1.000498481106411
1.000512012273943
1.000523591167745
1.000533070285003
1.000540327187455
1.000545267133707
1.000547825138297
1.000547967394946
1.000545692020371
1.00054102909581
1.000534040004952
1.000524816088665
1.000513476657743
1.000500166424132
1.000485052427971
1.000468320551642
1.000450171722442
1.000430817912091
1.000410478043952
1.000389373917552
1.000367726255012
1.000345750965589
1.000323655713248
1.00030163685855
1.000279876830837
1.000258541970394
1.000237780863649
1.000217723178225
1.000198478989313
1.00018013857499
1.000162772646091
1.000146432966435
1.000131153311714
1.000116950710311
1.000103826906665
1.000091769987344
1.000080756111662
1.000070751291995
1.000061713173829
1.000053592771431
1.000046336121722
1.000039885825997
1.000034182456282
1.000029165810095
1.000024776003988
1.00002095440213
1.000017644381525
1.000014791939784
1.000012346154981
1.000010259509819
1.000008488094185
1.000006991701323
1.000005733833284
1.000004681631189
1.000003805745238
1.000003080158399
1.000002481976512
1.000001991196063
1.000001590459436
1.00000126480585
1.000001001424754
1.000000789416986
1.000000619567759
1.000000484134319
1.000000376650176
1.000000291746908
1.000000224993866
1.000000172755537
1.000000132065909
1.000000100518846
1.000000076173317
1.000000057472149
1.000000043172957
1.00000003228989
1.000000024044866
1.000000017827063
1.000000013159504
1.000000009671686
1.000000007077314
1.000000005156309
1.000000003740368
1.00000000270144
1.000000001942597
1.000000001390839
1.000000000991469
1.000000000703703
1.000000000497289
1.000000000349896
1.00000000024512
1.000000000170974
1.000000000118739
1.000000000082105
1.000000000056527
1.000000000038749
1.000000000026448
1.000000000017973
1.000000000012161
1.000000000008193
1.000000000005495
1.00000000000367
1.000000000002441
1.000000000001616
1.000000000001065
1.000000000000699
1.000000000000457
1.000000000000297
1.000000000000192
1.000000000000123
1.000000000000079
1.00000000000005
1.000000000000032
1.000000000000019
1.000000000000012
1.000000000000006
1.000000000000003
1.000000000000001
1
1
1
1
1
1
1
1
1
1
1
1
1
1
1
1
1
1
1
1
1
1
1
1
1
1
1
1
1
1
1
1
1
1
1
1
1
1
1
1
1
1
1
1.000000000000002
1.000000000000004
1.000000000000008
1.000000000000015
1.000000000000028
1.00000000000005
1.00000000000009
1.000000000000157
1.000000000000273
1.000000000000467
1.000000000000792
1.000000000001325
1.000000000002193
1.000000000003589
1.000000000005807
1.000000000009295
1.000000000014717
1.000000000023058
1.000000000035757
1.000000000054894
1.000000000083453
1.000000000125668
1.000000000187502
1.000000000277281
1.000000000406536
1.000000000591135
1.00000000085275
1.000000001220804
1.000000001734993
1.000000002448574
1.000000003432602
1.000000004781377
1.000000006619409
1.000000009110266
1.000000012467748
1.000000016969919
1.000000022976616
1.000000030951143
1.000000041486975
1.000000055340409
1.000000073470189
1.000000097085256
1.000000170343857
1.000000223046044
1.000000290740016
1.000000377286304
1.000000487420285
1.000000626917227
1.000000802779874
1.000001023449481
1.000001299040729
1.00000164160016
1.000002065386916
1.000002587173422
1.000003226562345
1.00000400631465
1.000004952681842
1.000006095733627
1.00000746967026
1.00000911310675
1.000011069314125
1.000013386401009
1.000016117417073
1.000019320358589
1.000023058055423
1.000027397918565
1.000032411527759
1.000038174040246
1.000044763403932
1.000052259361843
1.000060742239273
1.000070291510851
1.00008098415155
1.000092892783557
1.000106083639577
1.000120614372408
1.000136531750164
1.000153869285989
1.000172644860061
1.000192858399716
1.000214489690146
1.000237496392883
1.000261812351712
1.000287346265478
1.00031398080402
1.00034157223715
1.000369950636963
1.000398920701039
1.000428263228426
1.000457737262034
1.000487082890859
1.000516024683862
1.000544275705154
1.000571542038349
1.000597527727275
1.000621940021788
1.000644494801926
1.000664922041982
1.000682971168842
1.000698416166619
1.000711060282558
1.00072074019737
1.000727329536454
1.000730741616467
1.000730931343765
1.000727896206581
1.000721676330396
1.000712353594809
1.000700049839084
1.000684924211356
1.000667169742168
1.000647009245466
1.000624690668709
1.000600482027649
1.000574666070096
1.000547534816592
1.000519384124159
1.000490508412658
1.000461195682093
1.000431722934121
1.000402352092859
1.000373326499661
1.000344868034792
1.000317174896769
1.00029042004844
1.000264750318442
1.000240286128172
1.000217121798419
1.000195326376668
1.00017494491616
1.000156000131014
1.000138494348188
1.000122411676496
1.000107720315053
1.000094374928039
1.000082319019082
1.00007148724646
1.000061807629195
1.000053203603537
1.000045595898893
1.000038904211556
1.000033048663358
1.000027951040318
1.000023535813349
1.000019730948966
1.000016468522693
1.000013685151456
1.000011322263779
1.000009326228068
1.00000764835988
1.000006244828905
1.000005076485568
1.000004108625858
1.000003310711339
1.000002656059398
1.000002121516768
1.000001687127309
1.00000133580306
1.000001053005661
1.000000826443524
1.000000645788605
1.000000502415263
1.000000389162567
1.000000300120476
1.000000230439585
1.000000176163526
1.000000134082757
1.000000101608135
1.000000076662545
1.000000057588767
1.000000043071773
1.000000032073676
1.000000023779701
1.000000017553605
1.000000012901173
1.000000009440515
1.000000006878067
1.000000004989328
1.00000000360349
1.000000002591259
1.000000001855263
1.000000001322537
1.000000000938682
1.000000000663343
1.000000000466733
1.00000000032697
1.000000000228066
1.000000000158389
1.000000000109522
1.000000000075403
1.000000000051689
1.000000000035279
1.000000000023975
1.000000000016222
1.000000000010929
1.000000000007331
1.000000000004896
1.000000000003256
1.000000000002156
1.000000000001421
1.000000000000932
1.000000000000609
1.000000000000396
1.000000000000256
1.000000000000165
1.000000000000106
1.000000000000068
1.000000000000042
1.000000000000026
1.000000000000016
1.000000000000009
1.000000000000005
1.000000000000002
1
1
1
1
1
1
1
1
1
1
1
1
1
1
1
1
1
1
1
1
1
1
1
1
1
1
1
1
1
1
1
1
1
1
1
1
1
1
1
1
1
1
1.000000000000001
1.000000000000003
1.000000000000006
1.000000000000011
1.00000000000002
1.000000000000037
1.000000000000067
1.00000000000012
1.00000000000021
1.000000000000364
1.000000000000624
1.000000000001056
1.000000000001768
1.000000000002926
1.000000000004788
1.000000000007746
1.000000000012399
1.000000000019632
1.000000000030759
1.000000000047698
1.000000000073227
1.000000000111323
1.000000000167635
1.000000000250119
1.000000000369878
1.000000000542297
1.000000000788541
1.000000001137519
1.000000001628478
1.000000002314372
1.000000003266239
1.000000004578862
1.000000006378029
1.000000008829828
1.000000012152444
1.000000016631067
1.000000022636615
1.000000030649077
1.00000004128646
1.000000055340409
1.000000073819758
1.000000098003387
1.000000129503912
1.000000226148669
1.00000029611595
1.000000385986231
1.000000500884715
1.000000647098037
1.00000083229338
1.000001065767499
1.000001358726903
1.000001724599706
1.000002179378731
1.000002741994211
1.000003434712965
1.000004283559191
1.000005318749981
1.000006575136395
1.000008092638464
1.000009916659845
1.000012098465124
1.000014695500118
1.000017771632917
1.000021397291233
1.000025649469757
1.00003061158014
1.000036373115798
1.000043029104478
1.000050679323285
1.000059427254123
1.000069378762003
1.000080640484906
1.000093317931432
1.000107513291646
1.000123322976893
1.000140834915934
1.000160125646982
1.00018125725794
1.000204274239659
1.000229200328977
1.000256035428904
1.000284752702172
1.000315295940618
1.000347577316166
1.00038147561889
1.000416835083356
1.000453464896079
1.000491139464107
1.00052959950791
1.000568554020861
1.000607683113438
1.000646641733413
1.000685064224577
1.000722569657231
1.000758767834604
1.000793265852034
1.000825675061184
1.00085561827102
1.000882737001793
1.000906698598626
1.000927203008309
1.000943989026739
1.000956839835348
1.000965587662513
1.000970117429826
1.00097036927242
1.000966339856137
1.000958082451046
1.000945705759004
1.000929371531374
1.000909291049896
1.000885720577787
1.00085895591799
1.000829326240098
1.000797187355872
1.000762914634994
1.000726895757384
1.000689523496163
1.000651188716497
1.00061227376068
1.000573146369846
1.000534154268525
1.000495620511196
1.000457839661088
1.000421074842085
1.000385555675779
1.000351477088583
1.000318998949272
1.000288246476049
1.000259311334861
1.000232253337447
1.000207102638635
1.000183862327722
1.000162511308006
1.000143007361429
1.00012529030125
1.000109285124224
1.00009490508421
1.000082054620928
1.000070632090104
1.000060532253908
1.000051648502953
1.000043874792782
1.000037107288259
1.000031245718641
1.00002619445386
1.000021863318865
1.000018168167661
1.000015031242017
1.00001238134177
1.000010153834484
1.000008290531957
1.000006739460025
1.000005454546355
1.000004395248739
1.000003526143877
1.000002816493949
1.000002239805576
1.000001773393112
1.000001397955704
1.000001097175273
1.000000857340498
1.000000667000134
1.000000516647457
1.000000398436402
1.000000305928979
1.000000233872784
1.000000178006879
1.000000134893959
1.000000101776479
1.000000076454342
1.000000057181732
1.000000042580768
1.000000031569764
1.000000023304054
1.000000017127524
1.00000001253318
1.000000009131292
1.000000006623814
1.000000004783983
1.000000003440151
1.000000002463045
1.000000001755799
1.000000001246194
1.000000000880655
1.000000000619635
1.000000000434087
1.000000000302781
1.000000000210278
1.000000000145402
1.000000000100106
1.000000000068622
1.000000000046837
1.000000000031829
1.000000000021537
1.000000000014509
1.000000000009733
1.0000000000065
1.000000000004323
1.000000000002862
1.000000000001887
1.000000000001238
1.000000000000809
1.000000000000527
1.000000000000341
1.00000000000022
1.000000000000141
1.00000000000009
1.000000000000057
1.000000000000036
1.000000000000022
1.000000000000013
1.000000000000007
1.000000000000004
1.000000000000001
1
1
1
1
1
1
1
1
1
1
1
1
1
1
1
1
1
1
1
1
1
1
1
1
1
1
1
1
1
1
1
1
1
1
1
1
1
1
1
1
1
1.000000000000001
1.000000000000004
1.000000000000008
1.000000000000015
1.000000000000027
1.00000000000005
1.000000000000089
1.000000000000159
1.000000000000279
1.000000000000483
1.000000000000828
1.000000000001402
1.000000000002347
1.000000000003884
1.000000000006356
1.000000000010285
1.000000000016461
1.000000000026064
1.000000000040837
1.000000000063326
1.000000000097219
1.000000000147796
1.000000000222559
1.000000000332066
1.000000000491061
1.000000000719969
1.000000001046886
1.000000001510196
1.000000002162001
1.000000003072602
1.000000004336313
1.000000006078965
1.000000008467556
1.000000011722585
1.000000016133713
1.000000022079559
1.000000030052552
1.000000040689925
1.000000054812143
1.000000073470189
1.000000098003387
1.000000130109569
1.000000171929634
1.00000029883741
1.000000391293341
1.00000051004936
1.00000066187796
1.000000855086357
1.000001099806031
1.00000140832179
1.000001795441993
1.00000227891064
1.000002879860743
1.000003623306817
1.000004538672345
1.000005660345819
1.000007028256223
1.000008688455865
1.000010693695194
1.000013103970709
1.00001598702354
1.000019418762675
1.00002348358348
1.000028274549176
1.000033893400569
1.00004045035779
1.000048063677382
1.0000568589289
1.000066967957659
1.00007852750443
1.000091677458972
1.00010655873238
1.00012331074333
1.000142068525323
1.000162959475807
1.000186099783291
1.000211590584772
1.000239513922574
1.000269928586259
1.000302865941022
1.000338325858054
1.000376272873961
1.000416632714693
1.00045928932371
1.000504082533769
1.000550806516081
1.000599209129465
1.000648992275287
1.000699813341596
1.000751287792402
1.000802992926009
1.000854472790862
1.000905244209456
1.000954803822026
1.001002636023424
1.001048221630399
1.001091047084094
1.001130613965397
1.001166448580319
1.001198111359873
1.001225205814891
1.001247386791373
1.00126436778629
1.001275927107149
1.001281912690154
1.001282245430537
1.001276920923067
1.001266009559168
1.001249654977666
1.001228070916834
1.001201536564223
1.00117039054575
1.001135023734987
1.001095871096072
1.001053402797994
1.001008114853497
1.000960519542011
1.00091113587308
1.00086048033506
1.000809058154194
1.000757355262774
1.000705831143198
1.000654912678917
1.000604989105118
1.000556408113122
1.000509473124407
1.00046444171434
1.000421525133216
1.000380888844152
1.000342653974409
1.000306899559172
1.000273665445058
1.000242955714357
1.000214742490035
1.000188969985337
1.000165558669728
1.000144409434167
1.000125407652564
1.000108427051835
1.000093333319501
1.000079987394551
1.00006824840359
1.000057976219697
1.000049033635334
1.00004128815293
1.000034613407075
1.000028890240596
1.000024007463096
1.000019862324943
1.000016360742319
1.000013417309979
1.000010955138075
1.000008905547974
1.00000720765971
1.000005807900813
1.000004659462931
1.000003721729099
1.000002959690949
1.000002343371651
1.000001847267038
1.000001449814377
1.000001132895508
1.000000881378732
1.000000682701845
1.000000526497035
1.000000404257124
1.000000309041568
1.000000235219951
1.000000178250202
1.000000134488491
1.000000101027597
1.000000075560592
1.000000056266735
1.000000041716682
1.000000030794283
1.000000022632545
1.000000016561524
1.000000012066226
1.000000008752812
1.000000006321634
1.000000004545874
1.000000003254711
1.000000002320145
1.000000001646745
1.000000001163716
1.000000000818799
1.000000000573612
1.000000000400102
1.000000000277866
1.000000000192137
1.000000000132282
1.000000000090679
1.000000000061891
1.00000000004206
1.000000000028459
1.000000000019173
1.000000000012861
1.00000000000859
1.000000000005712
1.000000000003782
1.000000000002494
1.000000000001637
1.000000000001069
1.000000000000696
1.000000000000451
1.00000000000029
1.000000000000186
1.000000000000119
1.000000000000075
1.000000000000047
1.000000000000029
1.000000000000018
1.00000000000001
1.000000000000006
1.000000000000002
1.000000000000001
1
1
1
1
1
1
1
1
1
1
1
1
1
1
1
1
1
1
1
1
1
1
1
1
1
1
1
1
1
1
1
1
1
1
1
1
1
1
1
1.000000000000001
1.000000000000002
1.000000000000005
1.00000000000001
1.00000000000002
1.000000000000036
1.000000000000066
1.000000000000118
1.00000000000021
1.000000000000368
1.000000000000639
1.000000000001094
1.000000000001853
1.000000000003102
1.000000000005133
1.000000000008399
1.000000000013591
1.000000000021753
1.000000000034443
1.000000000053965
1.000000000083684
1.000000000128471
1.000000000195306
1.000000000294102
1.000000000438809
1.000000000648912
1.0000000009514
1.000000001383401
1.000000001995634
1.000000002856952
1.00000000406025
1.000000005730157
1.000000008032948
1.000000011189301
1.000000015490583
1.000000021319561
1.00000002917655
1.000000039712251
1.000000053768719
1.000000072430124
1.000000097085256
1.000000129503912
1.000000171929634
1.000000227191432
